block,row,x_p_err,x_p_skip,x_p_atk,x_n_stakeholders,y_M6_conformance_score,y_M1_evidence_completeness
MC_first_order,0,0.45237955351,0.55977238608,0.924210584024,0.4656500701,0.9599,0.85
MC_first_order,1,0.507841273062,0.58738482885,0.184660343855,0.511908639042,0.976,0.9333
MC_first_order,2,0.629882720217,0.79297687252,0.0941234562292,0.303401262625,0.9629,0.8389
MC_first_order,3,0.0906705374918,0.809644534367,0.693438482541,0.0418803363698,0.9591,0.8222
MC_first_order,4,0.982193420799,0.964757781126,0.653922533534,0.615562704579,0.9412,0.7667
MC_first_order,5,0.15749409514,0.0150007369496,0.52838126617,0.0595511051689,0.9787,0.9556
MC_first_order,6,0.190208262798,0.241943013665,0.0300825892248,0.463934461223,0.9839,0.9667
MC_first_order,7,0.440531116657,0.842427128519,0.519124114764,0.640291707919,0.9649,0.8611
MC_first_order,8,0.499773152207,0.66244953189,0.4573298816,0.278162899664,0.9681,0.9
MC_first_order,9,0.997656200463,0.995691641656,0.840215549493,0.707809621498,0.9257,0.7167
MC_first_order,10,0.315277217016,0.229665901608,0.289039947314,0.0702234995599,0.9775,0.9444
MC_first_order,11,0.76628788641,0.400399804918,0.846583621881,0.386513531706,0.9406,0.8111
MC_first_order,12,0.95804238332,0.847309773303,0.00054493705557,0.20971741473,0.9544,0.8167
MC_first_order,13,0.910271928104,0.469987276014,0.980358941174,0.397424388079,0.9365,0.7889
MC_first_order,14,0.0730383438337,0.629454912234,0.778510858677,0.26977558685,0.9596,0.8333
MC_first_order,15,0.0871441983522,0.332585625463,0.964076216594,0.758040516994,0.9591,0.8444
MC_first_order,16,0.11799167942,0.246387948893,0.101046308957,0.0598934029411,0.9877,0.9556
MC_first_order,17,0.797021511844,0.177678128198,0.55929514161,0.447424877501,0.9719,0.95
MC_first_order,18,0.19068441529,0.731894215714,0.130967083717,0.643715123711,0.9719,0.8944
MC_first_order,19,0.11650798764,0.420755617246,0.212865673009,0.269794977191,0.9813,0.9222
MC_first_order,20,0.970929056219,0.803411503082,0.304145149871,0.884865112749,0.9532,0.8167
MC_first_order,21,0.210710221434,0.394274637072,0.854376901701,0.64183565659,0.9617,0.8778
MC_first_order,22,0.100332752184,0.98930169751,0.213243368578,0.258277557862,0.9716,0.8611
MC_first_order,23,0.772689689773,0.328955425548,0.296324762599,0.0733985533884,0.9716,0.9333
MC_first_order,24,0.0901171729619,0.582734798168,0.243012920138,0.601283843582,0.9766,0.9
MC_first_order,25,0.371704046593,0.453208104724,0.959134672487,0.483724533263,0.962,0.8611
MC_first_order,26,0.57457124543,0.866525667802,0.182827715779,0.154135318926,0.9626,0.8389
MC_first_order,27,0.908423730942,0.81780194946,0.249498566429,0.189800665963,0.9529,0.8111
MC_first_order,28,0.739424389817,0.940404896095,0.196589795403,0.950135852309,0.9535,0.8333
MC_first_order,29,0.882189754266,0.603534214783,0.421457223947,0.103839681365,0.9591,0.8611
MC_first_order,30,0.0386964716938,0.962681511456,0.238407192676,0.704579460558,0.9652,0.8167
MC_first_order,31,0.25698139832,0.823717846757,0.59646630653,0.293435346485,0.9623,0.8556
MC_first_order,32,0.175433396766,0.720353327522,0.0687761241674,0.228396337325,0.9743,0.9056
MC_first_order,33,0.559366342824,0.852399875342,0.614303015725,0.280219392571,0.9576,0.8278
MC_first_order,34,0.917360178493,0.20397887937,0.0165747930792,0.269193928029,0.9792,0.9778
MC_first_order,35,0.445705519982,0.0604555759325,0.176253775373,0.368785370372,0.9883,0.9833
MC_first_order,36,0.572169422903,0.131578520627,0.362145156699,0.89094022997,0.9801,0.9556
MC_first_order,37,0.980493421338,0.65693204651,0.691221591249,0.58444026818,0.9427,0.7944
MC_first_order,38,0.140347187146,0.0350805366307,0.0178941970676,0.910212452393,0.9874,0.9889
MC_first_order,39,0.700970018743,0.962771013629,0.0212591782091,0.636184521577,0.9643,0.8556
MC_first_order,40,0.482235722745,0.730497980945,0.318904490297,0.999357626382,0.9731,0.9
MC_first_order,41,0.0752629000924,0.546095359085,0.737005494866,0.900195881249,0.9637,0.8556
MC_first_order,42,0.737088134417,0.703690619242,0.793266676093,0.915002579552,0.933,0.7667
MC_first_order,43,0.351834096647,0.685145955334,0.90083593933,0.871101259122,0.9538,0.8333
MC_first_order,44,0.417153141977,0.790532000588,0.863472674041,0.572807498385,0.9558,0.8222
MC_first_order,45,0.624960546659,0.38233352735,0.582678891811,0.608866900744,0.9643,0.8778
MC_first_order,46,0.0802020288307,0.639404312637,0.993322188088,0.879791829111,0.9518,0.8056
MC_first_order,47,0.728207076566,0.388436331855,0.735038151548,0.580952878727,0.9442,0.8333
MC_first_order,48,0.440522495379,0.838370029191,0.0837822222613,0.750210177262,0.9781,0.9111
MC_first_order,49,0.0297898300755,0.60128526455,0.480956815349,0.230221643726,0.9743,0.8722
MC_first_order,50,0.698334679849,0.497250577658,0.614503261895,0.92046427344,0.9497,0.8222
MC_first_order,51,0.255830220106,0.011307205021,0.301032641107,0.678136979131,0.9845,0.9778
MC_first_order,52,0.202574413407,0.16960715319,0.905721599925,0.659990004676,0.9661,0.9056
MC_first_order,53,0.44193248077,0.891726920318,0.326960618829,0.665899062534,0.9705,0.8778
MC_first_order,54,0.198505778865,0.430895282356,0.805988399346,0.914221198859,0.9632,0.8833
MC_first_order,55,0.880268918084,0.3844186829,0.583107187754,0.316486844494,0.9599,0.8778
MC_first_order,56,0.136176326383,0.496467041602,0.837095617471,0.84872030497,0.9596,0.8611
MC_first_order,57,0.711217761518,0.950000151846,0.276795996888,0.169128910548,0.957,0.8278
MC_first_order,58,0.450649451251,0.275162822945,0.214080377153,0.413984800745,0.9816,0.9444
MC_first_order,59,0.625733558237,0.493875366987,0.315371645363,0.839118412449,0.9655,0.8667
MC_first_order,60,0.982036505824,0.452477338317,0.0746792169566,0.0314857756952,0.967,0.9
MC_first_order,61,0.872829054352,0.0414883991946,0.708630929001,0.570581960337,0.9614,0.9167
MC_first_order,62,0.30903035141,0.791513521701,0.0191140148117,0.135881158748,0.9766,0.9111
MC_first_order,63,0.454832413717,0.0247265083284,0.829668434459,0.237409008885,0.9705,0.9167
MC_first_order,64,0.140874525881,0.0469425691963,0.629180305565,0.446480766751,0.9787,0.9556
MC_first_order,65,0.629964236434,0.655043040513,0.807384910946,0.958460651919,0.9462,0.8
MC_first_order,66,0.684492745981,0.199341422497,0.475142302037,0.178686095135,0.9757,0.9389
MC_first_order,67,0.0107666682828,0.472199503592,0.714170955391,0.179098808963,0.9775,0.9056
MC_first_order,68,0.27235493644,0.345739532558,0.697311572334,0.520422946665,0.9716,0.9222
MC_first_order,69,0.614447668171,0.756206856364,0.393516211575,0.791932237892,0.9579,0.8222
MC_first_order,70,0.906236985504,0.0872096598929,0.932603827809,0.722377176493,0.948,0.8611
MC_first_order,71,0.129909921069,0.453536154307,0.625548175628,0.909965358725,0.9719,0.9167
MC_first_order,72,0.376802768931,0.568814044093,0.879320826401,0.796767240908,0.9602,0.85
MC_first_order,73,0.944258006983,0.463707732606,0.651322565841,0.204894364618,0.9544,0.85
MC_first_order,74,0.721935651199,0.818345537769,0.641616306634,0.717661955383,0.9377,0.7778
MC_first_order,75,0.21329657914,0.8999837368,0.980493151306,0.97735852234,0.9468,0.7944
MC_first_order,76,0.536956600672,0.79078713009,0.320394726559,0.909989719974,0.9649,0.8556
MC_first_order,77,0.855783462641,0.348507043009,0.0827725830461,0.440901192591,0.9705,0.9222
MC_first_order,78,0.550301927488,0.768233495021,0.48744749218,0.0284103618435,0.9629,0.85
MC_first_order,79,0.809140159693,0.0640568616162,0.799859866761,0.172896307209,0.9532,0.8833
MC_first_order,80,0.335004327346,0.787905915946,0.14050019883,0.148675553499,0.9693,0.8778
MC_first_order,81,0.516524917637,0.723566386984,0.83997644244,0.689371544422,0.9485,0.8056
MC_first_order,82,0.945747396945,0.4925812973,0.949154374667,0.0860235076982,0.9365,0.7889
MC_first_order,83,0.221414166983,0.526663404396,0.29016967737,0.72884320141,0.9749,0.9167
MC_first_order,84,0.638871142003,0.522782724457,0.843623399043,0.559971088592,0.9471,0.8056
MC_first_order,85,0.31169756257,0.38121698018,0.845260566995,0.900525038015,0.9635,0.8889
MC_first_order,86,0.208239572528,0.850771234491,0.968440365379,0.524225944824,0.9468,0.7944
MC_first_order,87,0.572989080084,0.200967225515,0.535903678196,0.503174103833,0.9725,0.9278
MC_first_order,88,0.605227748879,0.0277555177981,0.969404861658,0.516017771642,0.9529,0.8611
MC_first_order,89,0.400583934367,0.801068566661,0.562866688683,0.491040446559,0.9617,0.8444
MC_first_order,90,0.690986761203,0.0659002284022,0.538715440474,0.413774087435,0.9769,0.95
MC_first_order,91,0.956865078214,0.923418733509,0.269213790046,0.473161499895,0.9515,0.8056
MC_first_order,92,0.126967589108,0.433677590645,0.815717055914,0.9005554685,0.9576,0.8667
MC_first_order,93,0.47653271649,0.317214646255,0.191451716569,0.617894880693,0.9804,0.9389
MC_first_order,94,0.925270678552,0.129461450145,0.779288843105,0.0227859395416,0.9553,0.8889
MC_first_order,95,0.194106602337,0.227259323089,0.687034035355,0.322082249251,0.9716,0.9222
MC_first_order,96,0.355347091291,0.619766335926,0.104885507373,0.730893750356,0.9801,0.9333
MC_first_order,97,0.122783346861,0.510469053861,0.25055364309,0.197728847722,0.9775,0.9056
MC_first_order,98,0.53035188376,0.436776012355,0.375736196585,0.413402012178,0.967,0.8778
MC_first_order,99,0.529347699998,0.159728501277,0.204266241668,0.631314996883,0.9833,0.9667
MC_first_order,100,0.638467164474,0.529619017364,0.85125817018,0.611711141368,0.9462,0.8
MC_first_order,101,0.856764213267,0.232658393046,0.74077157399,0.810508246329,0.9564,0.8889
MC_first_order,102,0.90267752991,0.315873798751,0.3149884335,0.922766970058,0.9725,0.9389
MC_first_order,103,0.218144310849,0.998353825469,0.8875416897,0.133932224579,0.9512,0.8111
MC_first_order,104,0.239347473774,0.726576507748,0.259497511297,0.0970158758372,0.9705,0.8889
MC_first_order,105,0.83216853396,0.421630595202,0.789935825056,0.126003274326,0.9433,0.8167
MC_first_order,106,0.402778801531,0.685214905432,0.0177586756353,0.200934064164,0.9836,0.9389
MC_first_order,107,0.682383137625,0.911372973181,0.968378263424,0.115410243755,0.9333,0.7333
MC_first_order,108,0.505680923422,0.758154432055,0.502785444249,0.685682630784,0.9684,0.9
MC_first_order,109,0.189007288239,0.0705521291649,0.106173321786,0.0374358725697,0.986,0.9833
MC_first_order,110,0.551671502094,0.514824322649,0.568742174516,0.146554821652,0.9658,0.8722
MC_first_order,111,0.184536294005,0.20391401777,0.840214290902,0.990301380181,0.9667,0.9056
MC_first_order,112,0.926892315395,0.0952464236303,0.0619450817589,0.951494937248,0.9801,0.9833
MC_first_order,113,0.462070741338,0.764720477884,0.326827268235,0.466959867078,0.969,0.8778
MC_first_order,114,0.515287126262,0.430081249849,0.600929799476,0.0132460045368,0.9643,0.8722
MC_first_order,115,0.701030090756,0.844262869658,0.181269186794,0.453950981495,0.9608,0.8444
MC_first_order,116,0.739334235863,0.405302091851,0.195125904716,0.165076666287,0.9658,0.9111
MC_first_order,117,0.512560798171,0.0154176602043,0.893184997773,0.801706163897,0.962,0.8944
MC_first_order,118,0.70467154589,0.860731779849,0.629386327711,0.404509913695,0.9427,0.7778
MC_first_order,119,0.599605144493,0.504288677757,0.982680248774,0.804821400064,0.9401,0.7833
MC_first_order,120,0.258264245685,0.911299028369,0.744434906117,0.777987980545,0.9579,0.8389
MC_first_order,121,0.814641721053,0.405636661747,0.896545069888,0.879841510496,0.9383,0.8
MC_first_order,122,0.694798777773,0.767269800839,0.765229137104,0.405745507828,0.9439,0.7778
MC_first_order,123,0.722634354121,0.0705516546766,0.341718661053,0.468840391195,0.9749,0.9722
MC_first_order,124,0.0105946055654,0.355637185205,0.638712077608,0.624020278823,0.9798,0.9167
MC_first_order,125,0.232107194312,0.944675683688,0.66609356775,0.337815614164,0.9585,0.8389
MC_first_order,126,0.659761230693,0.569575542077,0.533079676903,0.389594074448,0.9594,0.8389
MC_first_order,127,0.999887015653,0.642265261808,0.701250695583,0.761739703978,0.9453,0.8111
MC_first_order,128,0.980086710862,0.0228205108253,0.615396418482,0.738794879891,0.9716,0.9556
MC_first_order,129,0.256633493629,0.401555653697,0.0504569318988,0.195446093738,0.9822,0.9556
MC_first_order,130,0.375676706514,0.0984490905595,0.25088745561,0.905643264509,0.9842,0.9611
MC_first_order,131,0.550057690892,0.507819424686,0.967136282628,0.567978507626,0.9532,0.8333
MC_first_order,132,0.995105155555,0.638012598785,0.809528221523,0.0761959891723,0.936,0.7778
MC_first_order,133,0.597536583755,0.759248219098,0.0451136185707,0.930153831382,0.9658,0.8556
MC_first_order,134,0.159931573167,0.471761531905,0.169122650144,0.495520901248,0.9772,0.9278
MC_first_order,135,0.611171600197,0.0585453244267,0.945273410488,0.420703867707,0.9544,0.8667
MC_first_order,136,0.526758241643,0.597832011524,0.365575332421,0.285750415051,0.9652,0.8667
MC_first_order,137,0.655111545844,0.560644246112,0.283528474447,0.716601779668,0.9673,0.8667
MC_first_order,138,0.29604049792,0.0140124691463,0.24502281536,0.0427740114405,0.986,0.9833
MC_first_order,139,0.15658742494,0.754644518229,0.389955558276,0.897542113924,0.969,0.8833
MC_first_order,140,0.748363117857,0.0501582144331,0.98876944723,0.944457339639,0.9497,0.8778
MC_first_order,141,0.0735042825162,0.905550861535,0.429515739673,0.477608444176,0.9661,0.8444
MC_first_order,142,0.973168073263,0.243708297949,0.523359441001,0.937270952837,0.9702,0.9389
MC_first_order,143,0.722737766128,0.468350351932,0.978820793032,0.816696042159,0.9371,0.8
MC_first_order,144,0.603623291153,0.115093261379,0.624247971305,0.455688686058,0.9678,0.9111
MC_first_order,145,0.203656940618,0.052055704271,0.528099709412,0.124325903977,0.9787,0.9556
MC_first_order,146,0.442864113597,0.667891259618,0.455553431817,0.262129408416,0.9705,0.8889
MC_first_order,147,0.582236652687,0.419531817466,0.77796675074,0.530766262227,0.9503,0.8278
MC_first_order,148,0.997634590693,0.952634992377,0.734284707374,0.238411027797,0.9336,0.7444
MC_first_order,149,0.113868553213,0.892699616466,0.784308817292,0.62497642522,0.9553,0.8056
MC_first_order,150,0.359183894655,0.271511842384,0.685038840212,0.564890412234,0.9661,0.8833
MC_first_order,151,0.591675081775,0.633100630929,0.753349596556,0.189815446376,0.9459,0.8
MC_first_order,152,0.248961035178,0.979720858134,0.91572201398,0.878776406371,0.9497,0.8056
MC_first_order,153,0.0395078854889,0.060786850821,0.270939448919,0.425192974708,0.9854,0.9444
MC_first_order,154,0.623349160239,0.102469602395,0.541648173916,0.0724928360864,0.9737,0.9333
MC_first_order,155,0.0864418067998,0.676280067569,0.550628611704,0.631105422836,0.9652,0.85
MC_first_order,156,0.37318359676,0.478555503146,0.210632632213,0.343700524378,0.9787,0.9222
MC_first_order,157,0.744826817016,0.838553889614,0.0743466526438,0.119788523371,0.9588,0.8556
MC_first_order,158,0.809183007643,0.623732468769,0.768751016028,0.213164653214,0.9395,0.7889
MC_first_order,159,0.424360332991,0.258072245047,0.809876972069,0.368949995588,0.9646,0.8778
MC_first_order,160,0.653657695922,0.989180576776,0.325390609286,0.548613471977,0.957,0.8056
MC_first_order,161,0.746104760663,0.920825028299,0.427652557595,0.369260509168,0.9477,0.7944
MC_first_order,162,0.097016941473,0.875178190501,0.0785076211664,0.0830214279293,0.976,0.8778
MC_first_order,163,0.564216305077,0.484856857473,0.685326922413,0.298870673951,0.9626,0.8667
MC_first_order,164,0.77550317354,0.0760792963963,0.213260366847,0.662098278133,0.981,0.9889
MC_first_order,165,0.0817089281612,0.303805235734,0.724997161062,0.693980837822,0.9687,0.8833
MC_first_order,166,0.28291518153,0.142918126425,0.357801643441,0.725975620203,0.9822,0.9667
MC_first_order,167,0.366394452052,0.117382193524,0.709274876423,0.569274556598,0.9725,0.9167
MC_first_order,168,0.918556622434,0.939935823433,0.913375297779,0.437992703395,0.9243,0.7111
MC_first_order,169,0.803049430194,0.304764542418,0.317619243422,0.399591699002,0.9743,0.95
MC_first_order,170,0.934666035546,0.894727412732,0.24830521706,0.361694208,0.952,0.8056
MC_first_order,171,0.365564234734,0.363311780073,0.395609591788,0.387579879136,0.9763,0.9222
MC_first_order,172,0.194960420868,0.563804688813,0.797082821952,0.540561453661,0.9617,0.8667
MC_first_order,173,0.836376358503,0.562779204378,0.176592194213,0.75894735347,0.9643,0.8833
MC_first_order,174,0.880898243596,0.281454941719,0.0222300903592,0.515641287399,0.9766,0.9611
MC_first_order,175,0.544151664963,0.567462513565,0.96641605364,0.651204122914,0.9532,0.8333
MC_first_order,176,0.804318989983,0.0640564753261,0.546816090535,0.788062874566,0.9737,0.9611
MC_first_order,177,0.0840461651573,0.0816726034406,0.737059921812,0.899071859671,0.969,0.8889
MC_first_order,178,0.0846999066022,0.634128016632,0.143877939116,0.745791538181,0.9792,0.9056
MC_first_order,179,0.649003389642,0.24545024121,0.220449846156,0.765353030769,0.9827,0.9611
MC_first_order,180,0.52155418946,0.764709304713,0.394382576275,0.337813584561,0.9608,0.8389
MC_first_order,181,0.968271481491,0.672387362545,0.493661958635,0.537339842355,0.9529,0.8222
MC_first_order,182,0.720935121719,0.708140638606,0.914976843046,0.410605533101,0.9325,0.7667
MC_first_order,183,0.826232172442,0.666736426571,0.853504039376,0.805907259717,0.931,0.75
MC_first_order,184,0.833827727208,0.888646933918,0.957786757807,0.640273355129,0.9243,0.7111
MC_first_order,185,0.523856150821,0.710086405353,0.80225341849,0.421610921052,0.95,0.8111
MC_first_order,186,0.420456624892,0.146189438147,0.741232239919,0.991010380053,0.9693,0.9
MC_first_order,187,0.375522298247,0.167655448026,0.20436474971,0.424945172139,0.9839,0.9556
MC_first_order,188,0.29202437605,0.969760275528,0.0592070182521,0.308444602272,0.9708,0.8833
MC_first_order,189,0.114812711652,0.647980318632,0.775935030876,0.179432868303,0.9588,0.8278
MC_first_order,190,0.0623445119942,0.458759524056,0.584066431828,0.909294931594,0.9684,0.8722
MC_first_order,191,0.0363746457737,0.108675906044,0.184540088172,0.217364337954,0.9883,0.9556
MC_first_order,192,0.23540878743,0.717243734538,0.594786051725,0.223959322586,0.964,0.8667
MC_first_order,193,0.184987037588,0.281061920542,0.17251336508,0.757503874133,0.9825,0.9611
MC_first_order,194,0.311730061671,0.548234574065,0.817128394175,0.479491128425,0.9599,0.8667
MC_first_order,195,0.260464418566,0.887419003268,0.914253003565,0.342074980291,0.9506,0.8111
MC_first_order,196,0.547349399117,0.957019344661,0.482613488008,0.221005241569,0.9602,0.8333
MC_first_order,197,0.0497068629967,0.947520167636,0.80141765474,0.384976550758,0.9591,0.8
MC_first_order,198,0.527586205264,0.515818311082,0.274550101069,0.990245663061,0.9667,0.8722
MC_first_order,199,0.657553254994,0.2376139901,0.0108771538291,0.472646004746,0.9865,0.9778
MC_first_order,200,0.371560554579,0.79677302574,0.713287490766,0.606073229572,0.9588,0.8333
MC_first_order,201,0.157290394722,0.156910149544,0.321803749686,0.259423337192,0.9836,0.9722
MC_first_order,202,0.869245579913,0.516125322365,0.636966554386,0.993118864443,0.9526,0.8389
MC_first_order,203,0.266509194046,0.534576438762,0.150653366535,0.770377726691,0.9763,0.9222
MC_first_order,204,0.00136532041656,0.821418068679,0.846182831742,0.822088398996,0.9611,0.8167
MC_first_order,205,0.0824264910201,0.269920726231,0.716522883832,0.0971669620995,0.9687,0.8833
MC_first_order,206,0.480102112097,0.468663722894,0.955494044338,0.586633462782,0.9626,0.8667
MC_first_order,207,0.857345510319,0.303594112538,0.789321654944,0.416970500298,0.9509,0.8611
MC_first_order,208,0.916758110242,0.0909453167127,0.8263261351,0.208408303836,0.9509,0.8722
MC_first_order,209,0.543371352651,0.525672774719,0.157551519175,0.832009121507,0.9737,0.9
MC_first_order,210,0.311408186824,0.310746680241,0.0760250952571,0.305701367537,0.9795,0.95
MC_first_order,211,0.467226316535,0.715145729982,0.35970949437,0.687094339285,0.9725,0.9
MC_first_order,212,0.105752018598,0.394236316352,0.461758827766,0.966908311728,0.974,0.8944
MC_first_order,213,0.829741300061,0.653936463932,0.0123481889343,0.377126751183,0.9599,0.8556
MC_first_order,214,0.710006195867,0.237477945488,0.564115905116,0.458087830036,0.9602,0.8889
MC_first_order,215,0.0104711641078,0.991624212597,0.799450030321,0.206730104249,0.9599,0.8056
MC_first_order,216,0.616066769899,0.29039367011,0.375988713931,0.539767598731,0.9746,0.9278
MC_first_order,217,0.298205904321,0.337389638684,0.392200176087,0.666688807956,0.9789,0.95
MC_first_order,218,0.25644678763,0.199944670324,0.73144368909,0.32939802341,0.9719,0.9278
MC_first_order,219,0.945037508561,0.562808315976,0.723792043629,0.331658463529,0.945,0.8167
MC_first_order,220,0.826885025072,0.0922737129172,0.14082246737,0.0943964208025,0.9801,0.9833
MC_first_order,221,0.677695375907,0.708288864637,0.179870614359,0.402279019628,0.9652,0.85
MC_first_order,222,0.836919735843,0.592739550054,0.0901003785464,0.226582974437,0.9635,0.8778
MC_first_order,223,0.157085671927,0.124108168735,0.406841119909,0.0726825098817,0.9822,0.9667
MC_first_order,224,0.920615515286,0.427012703768,0.511565410637,0.647247539501,0.9596,0.8722
MC_first_order,225,0.766861402601,0.821107958938,0.385945487639,0.331410511742,0.9509,0.8056
MC_first_order,226,0.412140500717,0.0154254788677,0.400708098807,0.699880684299,0.986,0.9722
MC_first_order,227,0.981951086139,0.789671013095,0.660229422044,0.608604025318,0.9424,0.7778
MC_first_order,228,0.0185415093654,0.331015446698,0.342236685058,0.650722320685,0.988,0.95
MC_first_order,229,0.106277857402,0.377612391151,0.509362208342,0.788554290633,0.9734,0.8944
MC_first_order,230,0.825188615193,0.611437221717,0.158341998263,0.76651270344,0.9626,0.8722
MC_first_order,231,0.902996765811,0.548253724232,0.352560941964,0.500415612112,0.9629,0.8778
MC_first_order,232,0.141754363285,0.713421182321,0.986778273683,0.516036353993,0.9503,0.8167
MC_first_order,233,0.715386097929,0.835522785305,0.197203141208,0.94489045461,0.9608,0.8444
MC_first_order,234,0.627115336503,0.197899176006,0.0832383270284,0.244599360808,0.9854,0.9778
MC_first_order,235,0.576486642789,0.697101334733,0.329184614806,0.929060048405,0.9617,0.8444
MC_first_order,236,0.361198889212,0.463033339999,0.124027076753,0.973578324391,0.9827,0.9444
MC_first_order,237,0.135604636659,0.904057328174,0.54342560132,0.560727976736,0.9629,0.8556
MC_first_order,238,0.56034838345,0.264368021254,0.909330969644,0.992131195195,0.9576,0.8611
MC_first_order,239,0.81751109164,0.601506010783,0.122652954861,0.824651934235,0.9635,0.8778
MC_first_order,240,0.288579103984,0.897008175877,0.240861503469,0.573584395372,0.9711,0.8889
MC_first_order,241,0.83075472091,0.185573977214,0.547856709445,0.0762713510867,0.9719,0.95
MC_first_order,242,0.0320208996787,0.180067820718,0.987006119861,0.93944463878,0.9789,0.9167
MC_first_order,243,0.658372976916,0.307649632961,0.671234584208,0.737679078478,0.9611,0.8722
MC_first_order,244,0.381641556436,0.591898051205,0.803817158664,0.0163491603624,0.9602,0.85
MC_first_order,245,0.199534598082,0.468023859211,0.142986674069,0.38637776761,0.9772,0.9278
MC_first_order,246,0.569517384512,0.173688354613,0.519770645585,0.263658197553,0.9778,0.9444
MC_first_order,247,0.568034238605,0.33209774683,0.641705652952,0.0378631854179,0.9684,0.9
MC_first_order,248,0.67099459311,0.144747245335,0.959330242109,0.600093305875,0.9509,0.8444
MC_first_order,249,0.469909804653,0.411424986248,0.623802705951,0.689308722055,0.9693,0.8944
MC_first_order,250,0.758034560136,0.751715803754,0.485789268383,0.994614857908,0.9503,0.8111
MC_first_order,251,0.838241561543,0.855047223645,0.409020452388,0.433956534545,0.9485,0.7944
MC_first_order,252,0.565966674049,0.90524796351,0.525969716388,0.525001157229,0.9611,0.8389
MC_first_order,253,0.432224626991,0.904283963324,0.320690385306,0.0546807743314,0.9675,0.8556
MC_first_order,254,0.725582879902,0.900137770423,0.732006835762,0.597521620407,0.9327,0.7611
MC_first_order,255,0.751885487061,0.30475249799,0.593437387623,0.0697997975673,0.9675,0.9278
MC_first_order,256,0.124444625112,0.446958491522,0.502634509452,0.396724313293,0.9719,0.8833
MC_first_order,257,0.0519654115715,0.694904648553,0.526219546124,0.239147629924,0.9699,0.85
MC_first_order,258,0.306298819608,0.39552649066,0.235871478019,0.0684396624511,0.9778,0.9333
MC_first_order,259,0.911294510445,0.966473146315,0.665703291958,0.866491522984,0.9401,0.7667
MC_first_order,260,0.421402629941,0.805257642002,0.221779254448,0.746622722012,0.9734,0.8889
MC_first_order,261,0.566803344508,0.903414480923,0.0985630714867,0.79235743083,0.9675,0.8611
MC_first_order,262,0.123795962946,0.537589971542,0.950974914828,0.000576580286818,0.9573,0.8333
MC_first_order,263,0.243930598558,0.299267493367,0.324764297694,0.0626342478452,0.9804,0.9556
MC_first_order,264,0.895125407353,0.815446298796,0.397254736284,0.356497725042,0.9509,0.8056
MC_first_order,265,0.585508929422,0.0458896257447,0.0311316881692,0.898512172057,0.9868,0.9889
MC_first_order,266,0.307848396334,0.498417952234,0.933936244075,0.977279035572,0.9547,0.8389
MC_first_order,267,0.472640744438,0.206508153697,0.295348352633,0.922649023626,0.9801,0.9444
MC_first_order,268,0.896797411583,0.195504578321,0.837917267227,0.354154012347,0.95,0.8667
MC_first_order,269,0.472489714742,0.171885510053,0.879717556372,0.995404076277,0.9678,0.9
MC_first_order,270,0.202010344961,0.632394196363,0.191507979851,0.880169495763,0.9763,0.9222
MC_first_order,271,0.0500022146859,0.106100874439,0.725777937604,0.312987915884,0.9781,0.9167
MC_first_order,272,0.90030630882,0.86958641127,0.713144592039,0.134879807643,0.9351,0.75
MC_first_order,273,0.695950843073,0.937806306622,0.445155474657,0.078989559184,0.9567,0.8111
MC_first_order,274,0.223237163287,0.307163164919,0.710535918855,0.196465166427,0.9702,0.9167
MC_first_order,275,0.181015966238,0.235445398848,0.664591553028,0.790490010927,0.9731,0.9278
MC_first_order,276,0.372515855757,0.662008773717,0.884440534679,0.589900415509,0.9602,0.85
MC_first_order,277,0.228995039889,0.300934060629,0.926748925303,0.667033480301,0.9629,0.8889
MC_first_order,278,0.276834824179,0.639930193631,0.0899835635924,0.9830279803,0.9754,0.9167
MC_first_order,279,0.440343506017,0.52829799111,0.530812456514,0.0453417152686,0.9684,0.8833
MC_first_order,280,0.599699672956,0.284539688656,0.250903259392,0.803221125667,0.9784,0.9444
MC_first_order,281,0.0871653122046,0.285153716716,0.755681352239,0.245898568476,0.9658,0.8722
MC_first_order,282,0.279102025436,0.548104725993,0.186359910595,0.897031427553,0.9763,0.9222
MC_first_order,283,0.987736865117,0.0336113618457,0.461632303271,0.7505914836,0.9775,0.9778
MC_first_order,284,0.384710356613,0.929263732519,0.499900334032,0.179895066202,0.9617,0.8333
MC_first_order,285,0.55600532723,0.644966258926,0.359622756547,0.658263053622,0.9661,0.8667
MC_first_order,286,0.782995417952,0.516735086526,0.50562938919,0.845397283396,0.9599,0.8667
MC_first_order,287,0.684260383125,0.520521527114,0.951530222086,0.173922483577,0.9412,0.7833
MC_first_order,288,0.779654203141,0.165175103486,0.608079056707,0.235344295714,0.9699,0.9444
MC_first_order,289,0.440433275311,0.77302918774,0.786564474673,0.791131837082,0.9635,0.8556
MC_first_order,290,0.235938439218,0.489117745639,0.221235713755,0.580090594316,0.9772,0.9278
MC_first_order,291,0.498962076465,0.035333344359,0.596828229507,0.714719564114,0.9757,0.9556
MC_first_order,292,0.572640318039,0.872879854446,0.18003716562,0.151810650589,0.9667,0.8556
MC_first_order,293,0.0177886829417,0.496104492293,0.434636373101,0.441673157537,0.9839,0.9278
MC_first_order,294,0.26294552428,0.798519358269,0.0725358509592,0.907306165831,0.9711,0.8889
MC_first_order,295,0.568897214829,0.543238115158,0.791607668416,0.237975527519,0.9515,0.8222
MC_first_order,296,0.146231316432,0.31100950707,0.0423186324212,0.314355036763,0.983,0.9611
MC_first_order,297,0.621197907168,0.52545662806,0.264723477999,0.588694762426,0.9661,0.8667
MC_first_order,298,0.088476960734,0.820563506414,0.171599882684,0.254835123182,0.9749,0.8778
MC_first_order,299,0.159810435004,0.690666948699,0.830925364762,0.78670480441,0.9561,0.8389
MC_first_order,300,0.061142081885,0.41062979748,0.364420784255,0.216345650731,0.9784,0.9
MC_first_order,301,0.970536142269,0.0421168888242,0.489538153674,0.76126465649,0.9775,0.9778
MC_first_order,302,0.9861862893,0.144577285235,0.455320220602,0.744941159976,0.9757,0.9667
MC_first_order,303,0.0392228886734,0.240619468762,0.890086304587,0.141547688033,0.974,0.8944
MC_first_order,304,0.39292046842,0.298067543446,0.424438982722,0.0764872951183,0.9789,0.9278
MC_first_order,305,0.0342678776373,0.99612247733,0.76327865553,0.734062147233,0.9588,0.7944
MC_first_order,306,0.22987430018,0.2532089883,0.551886766071,0.241682279247,0.9754,0.9389
MC_first_order,307,0.461558119103,0.932453045452,0.363999063587,0.337045915026,0.9629,0.8389
MC_first_order,308,0.981249376559,0.610893668371,0.0396743354232,0.403050412128,0.9626,0.8722
MC_first_order,309,0.649791650435,0.0585185195314,0.343202051277,0.694683349967,0.9842,0.9778
MC_first_order,310,0.864423855278,0.590658760994,0.886373185942,0.462595551163,0.9348,0.7778
MC_first_order,311,0.392931498106,0.843047747115,0.381131249508,0.781345181534,0.9702,0.8722
MC_first_order,312,0.215392257411,0.347412073959,0.183609431932,0.549550271065,0.9825,0.9611
MC_first_order,313,0.163868728878,0.203644397856,0.21445370908,0.467711282966,0.9842,0.9722
MC_first_order,314,0.308540928904,0.44711006053,0.99331768324,0.679195859891,0.9573,0.8556
MC_first_order,315,0.862724553698,0.204583730849,0.382960687721,0.0727831873831,0.9763,0.9667
MC_first_order,316,0.691355118725,0.362817294514,0.274519179918,0.0185655319609,0.9743,0.9111
MC_first_order,317,0.182048691374,0.262336377145,0.39295904016,0.923562792312,0.9804,0.9556
MC_first_order,318,0.715192476046,0.26862205642,0.361097649166,0.153518838645,0.9746,0.9389
MC_first_order,319,0.936631335146,0.359737784692,0.765687497265,0.723453840906,0.9465,0.8333
MC_first_order,320,0.907070905859,0.0203973129242,0.32208315163,0.384410660341,0.9804,0.9889
MC_first_order,321,0.0831679020416,0.882386538248,0.32524973345,0.770713663687,0.9681,0.85
MC_first_order,322,0.51930044345,0.0549066014755,0.393972460985,0.238300237718,0.9801,0.9611
MC_first_order,323,0.0408235653321,0.150869142368,0.595391885397,0.0317743138114,0.9825,0.9333
MC_first_order,324,0.312280017217,0.424053568234,0.543986929163,0.136006962634,0.9705,0.9111
MC_first_order,325,0.70660657099,0.260391319646,0.725480351237,0.666174399681,0.9515,0.8556
MC_first_order,326,0.147191195787,0.204805819948,0.280343640856,0.712767179678,0.9827,0.9667
MC_first_order,327,0.405309693044,0.386506941295,0.865971508291,0.226044104268,0.9629,0.8667
MC_first_order,328,0.292074131746,0.344956603731,0.215755299779,0.040690495433,0.9833,0.9667
MC_first_order,329,0.0245255436532,0.63039397063,0.56593856969,0.808767667127,0.9775,0.8944
MC_first_order,330,0.97560126888,0.29809332386,0.670490712426,0.919072075583,0.9611,0.9
MC_first_order,331,0.216205429719,0.689211013566,0.666593820766,0.955143025329,0.9635,0.8667
MC_first_order,332,0.868374953972,0.23460039335,0.632519373742,0.0898914694753,0.9667,0.9278
MC_first_order,333,0.427704208492,0.392439175344,0.0601063109183,0.383356071492,0.9839,0.9444
MC_first_order,334,0.328183481727,0.49711394834,0.279813604218,0.158594525795,0.976,0.9278
MC_first_order,335,0.402449795618,0.475222176077,0.166718053451,0.665204493048,0.9801,0.9278
MC_first_order,336,0.239808607999,0.0930475871472,0.341834678557,0.422304740579,0.9822,0.9667
MC_first_order,337,0.150793175983,0.582637647219,0.701373576022,0.553189518366,0.9632,0.8722
MC_first_order,338,0.700183949728,0.0230450771938,0.39137151182,0.364293634219,0.9784,0.9667
MC_first_order,339,0.0629382872017,0.404361749232,0.0546192927448,0.495556502393,0.986,0.9389
MC_first_order,340,0.585882688314,0.468939242655,0.325531481848,0.25337563509,0.967,0.8778
MC_first_order,341,0.0235262366783,0.347086692777,0.891761968831,0.565716224144,0.9711,0.8833
MC_first_order,342,0.261898359769,0.668057679289,0.186004174071,0.469246375445,0.9728,0.9
MC_first_order,343,0.615258606832,0.954657620919,0.362625681095,0.576170934046,0.9558,0.8056
MC_first_order,344,0.942381711428,0.771472894218,0.62734009361,0.620813828281,0.9439,0.7833
MC_first_order,345,0.410955835974,0.415569954094,0.276173264297,0.829604971885,0.9781,0.9222
MC_first_order,346,0.879725310576,0.381876691925,0.909612718113,0.0381357133674,0.9392,0.8056
MC_first_order,347,0.135849011566,0.507076973266,0.308607410603,0.360398854859,0.9757,0.9222
MC_first_order,348,0.976978294709,0.149856288771,0.192453930302,0.228496031896,0.9801,0.9833
MC_first_order,349,0.680174560994,0.234550628965,0.00092939232645,0.543812349288,0.9865,0.9778
MC_first_order,350,0.393904730704,0.239334900282,0.493611662455,0.650168029705,0.9763,0.9222
MC_first_order,351,0.548132293515,0.624386801,0.560764110715,0.831098747932,0.9649,0.8667
MC_first_order,352,0.968824586247,0.333520228148,0.346670106827,0.886332646157,0.9708,0.9278
MC_first_order,353,0.313357403916,0.715944686591,0.695386226447,0.686553240988,0.9637,0.8722
MC_first_order,354,0.963912004174,0.824389205583,0.159469495215,0.621612851987,0.9529,0.8111
MC_first_order,355,0.490654400028,0.563815528852,0.369522336236,0.285708325854,0.9705,0.9111
MC_first_order,356,0.748966274172,0.533985968667,0.237029654132,0.249302464442,0.9635,0.8833
MC_first_order,357,0.324986336426,0.177785507719,0.513743949961,0.125999643486,0.9778,0.95
MC_first_order,358,0.0632366686252,0.068676753475,0.102228044611,0.704777295218,0.9892,0.9667
MC_first_order,359,0.112771532304,0.451580580416,0.77210829168,0.480698563459,0.9632,0.8556
MC_first_order,360,0.162569579643,0.866290594732,0.869828414038,0.053441586678,0.9512,0.8111
MC_first_order,361,0.253895755093,0.507449841048,0.796453928156,0.392275365091,0.9626,0.8722
MC_first_order,362,0.715949405989,0.251816104112,0.715725926182,0.326861874637,0.9485,0.8611
MC_first_order,363,0.333839579344,0.759259955621,0.842711430518,0.828540147315,0.9561,0.8389
MC_first_order,364,0.567468732472,0.42059331865,0.706925080162,0.622991604658,0.9632,0.8778
MC_first_order,365,0.831002088405,0.801238463527,0.125219912833,0.376950834849,0.9538,0.8167
MC_first_order,366,0.669360043794,0.231041011602,0.184646226271,0.0137154122579,0.9836,0.9667
MC_first_order,367,0.585526642902,0.941004654696,0.970432303306,0.133748123557,0.9327,0.7389
MC_first_order,368,0.687587971025,0.419303627699,0.631464203192,0.396717521449,0.9588,0.85
MC_first_order,369,0.933377725477,0.988807127914,0.0487010788717,0.7132649496,0.952,0.8056
MC_first_order,370,0.118390559188,0.0423936560288,0.286041091058,0.731237430412,0.983,0.9444
MC_first_order,371,0.993625423324,0.120145525072,0.330057821458,0.0265173676071,0.9787,0.9778
MC_first_order,372,0.542563474592,0.483044126415,0.373430878426,0.309200662663,0.9687,0.8833
MC_first_order,373,0.800478256269,0.838688616824,0.28373328763,0.391683710529,0.9523,0.8111
MC_first_order,374,0.617762576105,0.765372903213,0.980974104825,0.389347491227,0.9348,0.75
MC_first_order,375,0.694047720854,0.545948254188,0.800167812904,0.146893385367,0.9477,0.8056
MC_first_order,376,0.175083427383,0.107117023738,0.933545864349,0.251372463111,0.9632,0.8944
MC_first_order,377,0.488267454748,0.120369733511,0.323655135069,0.0192486589416,0.9798,0.9667
MC_first_order,378,0.565920118755,0.143638247801,0.625292177499,0.274014110283,0.9719,0.9222
MC_first_order,379,0.2275640449,0.482197532066,0.365844648715,0.259584706716,0.9728,0.9111
MC_first_order,380,0.0512305211396,0.0643768385584,0.892646452491,0.309338947164,0.9766,0.9111
MC_first_order,381,0.0784197226466,0.182496669414,0.483437121956,0.997157989361,0.9784,0.9222
MC_first_order,382,0.202204793629,0.867250527505,0.484254487098,0.414573984976,0.9643,0.8611
MC_first_order,383,0.807006169556,0.395938035528,0.0576442049067,0.550553460544,0.9687,0.9111
MC_first_order,384,0.65688621869,0.623034263048,0.277107076262,0.938880795917,0.9673,0.8667
MC_first_order,385,0.864597024393,0.994293166735,0.443200666988,0.833718224919,0.9485,0.7944
MC_first_order,386,0.724966936164,0.175848326514,0.02677952457,0.168846521817,0.9781,0.9778
MC_first_order,387,0.118776147625,0.0746571069287,0.358927779078,0.753563810555,0.9807,0.9333
MC_first_order,388,0.310008205942,0.514245565726,0.0104725128894,0.210140988705,0.9816,0.9389
MC_first_order,389,0.95926379684,0.0110284668718,0.527252489812,0.810113625564,0.9746,0.9667
MC_first_order,390,0.792289338444,0.735403034799,0.399270678371,0.803079474951,0.9535,0.8222
MC_first_order,391,0.827659567192,0.767706929166,0.985941304028,0.100838079573,0.9254,0.7222
MC_first_order,392,0.950379144267,0.402265301644,0.705261740152,0.25049138739,0.9515,0.85
MC_first_order,393,0.909638677714,0.0234947801343,0.576811389184,0.227230715183,0.9746,0.9667
MC_first_order,394,0.388400038513,0.369318891363,0.65696718005,0.810757741275,0.9687,0.8889
MC_first_order,395,0.364681576393,0.638028110935,0.354050564111,0.279215321442,0.9737,0.9056
MC_first_order,396,0.905147125224,0.321625535147,0.0941506345915,0.334802338582,0.974,0.9444
MC_first_order,397,0.741633021683,0.211338892929,0.743197196206,0.546238461915,0.9494,0.8667
MC_first_order,398,0.680221454844,0.177294294145,0.105822914508,0.142940792239,0.9845,0.9722
MC_first_order,399,0.350337529051,0.430749952957,0.00944134145771,0.502571635337,0.9833,0.95
MC_first_order,400,0.40335282754,0.321498438348,0.53713970512,0.952293565582,0.9687,0.8889
MC_first_order,401,0.204686314023,0.880480961312,0.32089439084,0.75413353435,0.9687,0.8778
MC_first_order,402,0.108358417293,0.987500178229,0.430108118604,0.962665721317,0.9661,0.8444
MC_first_order,403,0.219630639995,0.408216720674,0.706046021639,0.177812165116,0.9684,0.9056
MC_first_order,404,0.273367554471,0.677215243802,0.947686798281,0.322225539993,0.9509,0.8167
MC_first_order,405,0.183443932069,0.357186261751,0.989470355288,0.148127576189,0.9591,0.8722
MC_first_order,406,0.634726313222,0.378116986983,0.643876813764,0.212288682285,0.9599,0.8611
MC_first_order,407,0.616270745878,0.887631136473,0.856357594688,0.628622691512,0.9371,0.75
MC_first_order,408,0.504849865804,0.567735313809,0.114137561034,0.837482241829,0.976,0.9333
MC_first_order,409,0.68983831066,0.453215952487,0.665452580655,0.419369286571,0.9558,0.8389
MC_first_order,410,0.38464402036,0.230026478883,0.600665498832,0.57276266845,0.9705,0.9
MC_first_order,411,0.515231966376,0.0322077537195,0.627331811575,0.446814904244,0.9751,0.9444
MC_first_order,412,0.593365215109,0.594571642984,0.931609856522,0.151929181345,0.9395,0.7778
MC_first_order,413,0.468683714629,0.992871748328,0.737992656401,0.312964358839,0.9564,0.8167
MC_first_order,414,0.736750390149,0.989417735872,0.402096718941,0.867473952235,0.9459,0.8
MC_first_order,415,0.126689774937,0.990071087311,0.49108072453,0.234120333097,0.9585,0.8389
MC_first_order,416,0.840216993719,0.649227364286,0.937695794868,0.829281345863,0.9313,0.7556
MC_first_order,417,0.79767426181,0.511602329103,0.993684599262,0.0648234574863,0.9342,0.7778
MC_first_order,418,0.870097436296,0.71163776027,0.250710722191,0.807169395304,0.9564,0.8333
MC_first_order,419,0.454065667148,0.536319710421,0.865549351475,0.195989880629,0.9599,0.85
MC_first_order,420,0.279620565189,0.643706554462,0.0735489659553,0.554996605519,0.9754,0.9167
MC_first_order,421,0.787128409423,0.49075291214,0.241805129291,0.799969207471,0.9652,0.8889
MC_first_order,422,0.855048463165,0.770803122744,0.54928231964,0.905689552916,0.9482,0.8
MC_first_order,423,0.796760864121,0.151769189623,0.365850621302,0.100338983042,0.9787,0.9778
MC_first_order,424,0.0368035206858,0.345787562097,0.864850872901,0.833877766792,0.9731,0.8889
MC_first_order,425,0.11740527612,0.18170354228,0.38863258087,0.84919975461,0.9798,0.9278
MC_first_order,426,0.617055516434,0.901793669829,0.0718846327684,0.987862643964,0.9626,0.8333
MC_first_order,427,0.206737648936,0.62920978156,0.876564979233,0.727656021492,0.9573,0.85
MC_first_order,428,0.19706413567,0.668398752767,0.430767576234,0.0153684453409,0.9693,0.8889
MC_first_order,429,0.339577739685,0.315330571269,0.629708140686,0.278531764882,0.9743,0.9278
MC_first_order,430,0.603073240881,0.694854365361,0.180673455942,0.128029399898,0.9655,0.8556
MC_first_order,431,0.693755049859,0.466461755643,0.129103901075,0.116023892601,0.9713,0.8889
MC_first_order,432,0.941030259013,0.610023160449,0.357538344765,0.196156427324,0.9611,0.8667
MC_first_order,433,0.994837597527,0.691655376595,0.736255636198,0.360324031639,0.9371,0.7667
MC_first_order,434,0.31026847489,0.408261963727,0.14627106541,0.631228419139,0.9792,0.9389
MC_first_order,435,0.424721675922,0.820148286318,0.408991785938,0.456792556746,0.9711,0.8778
MC_first_order,436,0.506486856368,0.941654697769,0.346353162183,0.703621859982,0.9678,0.8889
MC_first_order,437,0.235059920643,0.579268664998,0.284874760532,0.8726415923,0.9749,0.9167
MC_first_order,438,0.286489627898,0.854472190724,0.676681813958,0.454928831947,0.9594,0.8444
MC_first_order,439,0.93368720619,0.387630181005,0.743290695653,0.601263390633,0.9485,0.8389
MC_first_order,440,0.448409405646,0.064191306882,0.419099221627,0.281292718532,0.9839,0.9667
MC_first_order,441,0.440898684103,0.954510467258,0.292955612106,0.694907501434,0.9696,0.8722
MC_first_order,442,0.672063675602,0.244718738013,0.411529856733,0.132171232948,0.9784,0.9444
MC_first_order,443,0.895368858175,0.251657347292,0.420643875586,0.341569253073,0.9731,0.95
MC_first_order,444,0.820516905785,0.850273458429,0.590708494964,0.545926300119,0.9442,0.7778
MC_first_order,445,0.0994287763024,0.896518455515,0.0883854015923,0.363581955553,0.976,0.8778
MC_first_order,446,0.37448495649,0.723067027258,0.66918547971,0.343870833441,0.9635,0.8556
MC_first_order,447,0.897910645721,0.949662580141,0.0232318018971,0.632997499076,0.952,0.8056
MC_first_order,448,0.469189316575,0.361743227917,0.464841526045,0.316032584605,0.9746,0.9167
MC_first_order,449,0.670868811398,0.605541788495,0.970406891571,0.976457290508,0.9404,0.7778
MC_first_order,450,0.992604060396,0.395139779399,0.828669668957,0.649959754507,0.9421,0.8167
MC_first_order,451,0.701044984982,0.997630171906,0.0665513649564,0.462227103533,0.9629,0.85
MC_first_order,452,0.401289856361,0.656065657229,0.218068067117,0.989757624152,0.9778,0.9167
MC_first_order,453,0.209427233766,0.369907079863,0.142962914076,0.394643702328,0.9816,0.9556
MC_first_order,454,0.741805998941,0.0835365802318,0.166851363766,0.648948615014,0.9769,0.9778
MC_first_order,455,0.623000642555,0.742030359105,0.253406738217,0.811235338225,0.9608,0.8333
MC_first_order,456,0.730873767091,0.776007569462,0.119688037285,0.468664677112,0.9596,0.8611
MC_first_order,457,0.0158003819802,0.859687360869,0.944535514953,0.895817047969,0.9582,0.8056
MC_first_order,458,0.0241831325657,0.351105044879,0.535884593137,0.533668435919,0.9827,0.9278
MC_first_order,459,0.111224664571,0.789224133598,0.301558136932,0.507317547232,0.9699,0.8611
MC_first_order,460,0.12459070286,0.567874336525,0.129718561938,0.0883606188723,0.9775,0.9
MC_first_order,461,0.512201102886,0.293971354907,0.777476849004,0.246775221756,0.9602,0.8722
MC_first_order,462,0.413922663527,0.0542990862562,0.217639942384,0.45168957241,0.9874,0.9778
MC_first_order,463,0.558119521324,0.459380806518,0.850739902992,0.104344873202,0.9556,0.8444
MC_first_order,464,0.850108567653,0.154845089793,0.970316593083,0.524965987903,0.948,0.8611
MC_first_order,465,0.406442766026,0.612204216148,0.863847700602,0.963768103115,0.9602,0.85
MC_first_order,466,0.413378490674,0.010707074619,0.153746856728,0.818434142392,0.9904,0.9889
MC_first_order,467,0.73443720294,0.712609070365,0.156553672955,0.531074528535,0.9576,0.8556
MC_first_order,468,0.0285377458107,0.110254947047,0.300756848694,0.966205638224,0.9904,0.9611
MC_first_order,469,0.643048590142,0.847669949946,0.0460767402482,0.416138122227,0.9632,0.8333
MC_first_order,470,0.0783515514036,0.260825690156,0.111748074421,0.918823252762,0.9877,0.9556
MC_first_order,471,0.328786864099,0.488993482319,0.654024332711,0.886683900357,0.9716,0.9111
MC_first_order,472,0.946448111071,0.567912280422,0.50094605928,0.903862857052,0.9599,0.8667
MC_first_order,473,0.394447204662,0.299347797538,0.739325907825,0.258281478435,0.9658,0.8778
MC_first_order,474,0.367858179543,0.429253591535,0.476872148996,0.358479199176,0.9751,0.9111
MC_first_order,475,0.430494556828,0.450818584239,0.0495682158407,0.835650142514,0.9854,0.95
MC_first_order,476,0.0617363465075,0.527872833477,0.547542060336,0.399740336974,0.9675,0.8667
MC_first_order,477,0.222669412755,0.0991892197215,0.371931471172,0.314414258,0.9807,0.9611
MC_first_order,478,0.484015419714,0.230315160154,0.749455969981,0.487404530742,0.9705,0.9056
MC_first_order,479,0.008959184389,0.406606596658,0.966301173753,0.00707773631495,0.9681,0.8722
MC_first_order,480,0.593361782709,0.960799911963,0.36563646766,0.598057938321,0.9582,0.8222
MC_first_order,481,0.368894173504,0.3011731223,0.609195930978,0.589434363366,0.9687,0.8889
MC_first_order,482,0.315132440505,0.497632206365,0.516190817643,0.75378141809,0.9696,0.9056
MC_first_order,483,0.0530444745405,0.0928319857516,0.251968261521,0.270120328722,0.9854,0.9444
MC_first_order,484,0.795649021445,0.425518949682,0.860052007238,0.402291261329,0.9374,0.7944
MC_first_order,485,0.285771299692,0.679889567921,0.0854628935209,0.984099985848,0.9728,0.9
MC_first_order,486,0.831537084656,0.32818579698,0.317361586909,0.819360540479,0.9716,0.9333
MC_first_order,487,0.788302051168,0.64227035107,0.056740425525,0.763581294494,0.9617,0.8667
MC_first_order,488,0.0479505091549,0.624701873092,0.552090362746,0.927316310555,0.9716,0.8611
MC_first_order,489,0.638687846941,0.0223450483158,0.934327801189,0.752733068254,0.955,0.8667
MC_first_order,490,0.579830129049,0.00557915735092,0.7369136846,0.418344991918,0.9591,0.8833
MC_first_order,491,0.679644119929,0.983691363882,0.916751927296,0.0749557925201,0.9354,0.7389
MC_first_order,492,0.781395652022,0.440519852082,0.751559839696,0.377837276138,0.9453,0.8222
MC_first_order,493,0.447677736559,0.436878545591,0.117978524007,0.319918952117,0.9819,0.9389
MC_first_order,494,0.734690299091,0.0714515211837,0.115860573624,0.834017190009,0.9807,0.9944
MC_first_order,495,0.666246427831,0.548117896259,0.113237028591,0.118391315618,0.9687,0.8722
MC_first_order,496,0.310056922517,0.953862902915,0.560202770784,0.922267011314,0.9594,0.8389
MC_first_order,497,0.21114946229,0.414819786878,0.536328450888,0.83925950488,0.9734,0.9222
MC_first_order,498,0.123360322081,0.87370889093,0.472395832893,0.0313772998497,0.9661,0.8444
MC_first_order,499,0.431941985566,0.377526783945,0.674365548066,0.928171057213,0.9687,0.8889
MC_first_order,500,0.493622999167,0.689565731575,0.387999925848,0.778587173534,0.9696,0.9056
MC_first_order,501,0.105224762481,0.742342351786,0.166508732535,0.585822651715,0.9766,0.8889
MC_first_order,502,0.202124543598,0.346267579669,0.163855378713,0.349749195404,0.9825,0.9611
MC_first_order,503,0.591404838882,0.519970437018,0.388555910087,0.574271288431,0.9629,0.8556
MC_first_order,504,0.842299233841,0.3582644222,0.583822907119,0.480475833296,0.9617,0.8889
MC_first_order,505,0.980609881851,0.328021974045,0.697424653839,0.233583402875,0.9541,0.8667
MC_first_order,506,0.261263544492,0.730409364483,0.574978567996,0.257055743945,0.9632,0.8611
MC_first_order,507,0.0641761481962,0.824836084655,0.377571681464,0.716477678816,0.9684,0.8556
MC_first_order,508,0.432730450541,0.6176336189,0.55953002855,0.975743982298,0.9661,0.8722
MC_first_order,509,0.909632649504,0.455782855948,0.486801297348,0.231321611898,0.9626,0.8833
MC_first_order,510,0.753125552982,0.102303532358,0.306549321865,0.847432703899,0.9787,0.9833
MC_first_order,511,0.0350716039048,0.698473247528,0.568077081141,0.55150511481,0.9684,0.8444
MC_first_order,512,0.333035666418,0.151556346168,0.950826361558,0.764729427969,0.9646,0.9
MC_first_order,513,0.805751243995,0.0976796168615,0.784079776378,0.21848877509,0.9553,0.8889
MC_first_order,514,0.199263258734,0.534971384239,0.609830553414,0.120807604217,0.969,0.8944
MC_first_order,515,0.764886358307,0.582443834606,0.899383112759,0.923935743933,0.9348,0.7778
MC_first_order,516,0.689278157983,0.364020564474,0.951024597791,0.718564836732,0.9456,0.8111
MC_first_order,517,0.290883076252,0.857613465419,0.726878210768,0.264720477987,0.9579,0.8389
MC_first_order,518,0.249198551163,0.0203311530686,0.537208690415,0.25356625518,0.9772,0.95
MC_first_order,519,0.293036939848,0.25286735267,0.13155572312,0.484869197575,0.9842,0.9722
MC_first_order,520,0.272617168941,0.28504842366,0.27758592325,0.509205744804,0.9819,0.9611
MC_first_order,521,0.873815584106,0.160104735359,0.859612759534,0.85473644831,0.948,0.8611
MC_first_order,522,0.609395832489,0.543788275124,0.733917148134,0.534553548324,0.9477,0.8056
MC_first_order,523,0.659952675572,0.91926651887,0.775210273552,0.259853514332,0.9412,0.7611
MC_first_order,524,0.054331574046,0.936649045199,0.362681207447,0.787283007372,0.9661,0.8222
MC_first_order,525,0.233428094395,0.452832629429,0.370477187229,0.72923257363,0.9754,0.9278
MC_first_order,526,0.943630022109,0.505645433595,0.566019451072,0.348759866398,0.957,0.8556
MC_first_order,527,0.232187033261,0.949871611222,0.110257927886,0.940491690685,0.9702,0.8833
MC_first_order,528,0.65714604961,0.0717903100128,0.901730388423,0.102005354564,0.9556,0.8667
MC_first_order,529,0.565431683966,0.119721674884,0.988822962101,0.309319662702,0.9596,0.8778
MC_first_order,530,0.872115568376,0.0614330094248,0.666355637199,0.067878582632,0.9673,0.9389
MC_first_order,531,0.0296718956031,0.570923612587,0.982811301217,0.685135349439,0.9702,0.8611
MC_first_order,532,0.855316035261,0.784821234046,0.521187480855,0.0771928536652,0.9474,0.7944
MC_first_order,533,0.526998025771,0.184570566461,0.526704659273,0.354233940039,0.9751,0.9333
MC_first_order,534,0.498995080034,0.19751645535,0.705053687854,0.417275347855,0.9708,0.9278
MC_first_order,535,0.485895612783,0.0786939389518,0.486950554174,0.557572997659,0.9816,0.9611
MC_first_order,536,0.972540795047,0.561452367075,0.134894236173,0.300215991259,0.9643,0.8833
MC_first_order,537,0.335629755403,0.702085452322,0.938888327413,0.976025212863,0.955,0.8389
MC_first_order,538,0.949945352022,0.925339804252,0.858635994998,0.934964148656,0.9243,0.7111
MC_first_order,539,0.0201838955949,0.489690287377,0.590648934219,0.685720261718,0.9781,0.9056
MC_first_order,540,0.612741655844,0.613140503438,0.933250145387,0.086399784455,0.9412,0.7833
MC_first_order,541,0.519246221759,0.959474689611,0.0318482228306,0.111737335458,0.9664,0.8556
MC_first_order,542,0.86904847846,0.957162141705,0.024062964426,0.0319616433167,0.952,0.8056
MC_first_order,543,0.829746195573,0.688473020529,0.519766299774,0.580075672021,0.9491,0.8056
MC_first_order,544,0.757375789217,0.807806939505,0.000680769765599,0.0679085028036,0.9529,0.8167
MC_first_order,545,0.794167013587,0.975400003757,0.833384113252,0.407625454296,0.9272,0.7222
MC_first_order,546,0.335542680467,0.346738244533,0.0149509005138,0.770200909986,0.983,0.9611
MC_first_order,547,0.26226354426,0.585636231077,0.526114469192,0.335380721995,0.9675,0.8889
MC_first_order,548,0.674900996327,0.454902214196,0.234386495732,0.881867441641,0.9722,0.8944
MC_first_order,549,0.175701895362,0.149967172827,0.253425839926,0.47899753765,0.9836,0.9722
MC_first_order,550,0.783658675244,0.332883150762,0.238250960992,0.654351656215,0.9722,0.9333
MC_first_order,551,0.260244135525,0.522756901192,0.254928131203,0.877007015216,0.9757,0.9222
MC_first_order,552,0.184522258571,0.232216634346,0.301491383536,0.329583218242,0.9819,0.9611
MC_first_order,553,0.726441727611,0.674127750355,0.790316538869,0.540083938037,0.933,0.7667
MC_first_order,554,0.078574036693,0.7634697296,0.244445029211,0.217838235534,0.9722,0.8722
MC_first_order,555,0.414363231936,0.989803047017,0.370735016985,0.356460363194,0.9658,0.8444
MC_first_order,556,0.911003754088,0.990453011061,0.387169256806,0.135556239032,0.95,0.8
MC_first_order,557,0.78961860143,0.782303245608,0.338157109861,0.790431433968,0.9532,0.8167
MC_first_order,558,0.379473573764,0.287067335563,0.593298285782,0.741504118354,0.9696,0.8944
MC_first_order,559,0.475854657399,0.818337290822,0.0138393495383,0.498972222454,0.9778,0.9111
MC_first_order,560,0.380399644034,0.0651064546768,0.914530434895,0.143467709926,0.9699,0.9111
MC_first_order,561,0.205585749148,0.878133270836,0.960490012363,0.931480223823,0.9468,0.7944
MC_first_order,562,0.341913760741,0.930732295932,0.141757546392,0.714526335295,0.9667,0.8611
MC_first_order,563,0.945601985177,0.192664274851,0.13569833861,0.678211519398,0.9792,0.9778
MC_first_order,564,0.88252972699,0.726469061417,0.949262460085,0.453750061746,0.9278,0.7333
MC_first_order,565,0.372313445261,0.120142906336,0.273004093367,0.938879198363,0.9842,0.9611
MC_first_order,566,0.0716546549162,0.184834560197,0.347527017268,0.0492498436803,0.9798,0.9278
MC_first_order,567,0.306959869871,0.182841238249,0.122782031252,0.526904840186,0.9827,0.9611
MC_first_order,568,0.540318361045,0.567704010326,0.762275932755,0.526737758978,0.9567,0.8444
MC_first_order,569,0.947126687259,0.0814846504746,0.222941383842,0.0766925880437,0.9801,0.9833
MC_first_order,570,0.309407681044,0.760678514347,0.924189065971,0.503795409098,0.9529,0.8278
MC_first_order,571,0.160332575181,0.330416795896,0.56843661595,0.294429052499,0.9751,0.9333
MC_first_order,572,0.792795620063,0.972577121836,0.459751921522,0.60310368983,0.9485,0.7944
MC_first_order,573,0.846006099049,0.465045817487,0.190791555847,0.944065708437,0.9661,0.8944
MC_first_order,574,0.977908392835,0.0244316267885,0.762702111784,0.400532488103,0.957,0.9
MC_first_order,575,0.0518911576402,0.16283161227,0.173033657679,0.736386655439,0.9883,0.9556
MC_first_order,576,0.211594961294,0.0196108894367,0.219737056077,0.799161173116,0.986,0.9833
MC_first_order,577,0.49917626092,0.652798615866,0.465093195622,0.182563940749,0.9681,0.9
MC_first_order,578,0.015183427679,0.30431034395,0.041544410114,0.260578772783,0.9939,0.9722
MC_first_order,579,0.618758272841,0.369374697564,0.472932750365,0.623909188381,0.9673,0.8889
MC_first_order,580,0.317102195072,0.35657491642,0.883886907841,0.580971662792,0.9605,0.8778
MC_first_order,581,0.41696228407,0.540120941303,0.460340390029,0.332433878998,0.9734,0.9
MC_first_order,582,0.913704026427,0.233342086357,0.935852971836,0.852978757703,0.9462,0.85
MC_first_order,583,0.881985006169,0.162616666171,0.508851927231,0.984548523422,0.9728,0.9556
MC_first_order,584,0.288653543332,0.170961625381,0.723393174362,0.235117424689,0.9719,0.9278
MC_first_order,585,0.583630013493,0.157612783477,0.947472969739,0.28404301881,0.9491,0.8389
MC_first_order,586,0.0969346063871,0.687304697955,0.347105044719,0.559331790448,0.9702,0.8667
MC_first_order,587,0.497223859617,0.922564177219,0.51420408227,0.378942435128,0.9617,0.8667
MC_first_order,588,0.00164633738061,0.496499839432,0.269076708687,0.57420516645,0.9883,0.9444
MC_first_order,589,0.631887000566,0.462255850854,0.0899388515912,0.497501921946,0.9722,0.8944
MC_first_order,590,0.481791288121,0.641297140293,0.97012536993,0.280122097868,0.9626,0.8667
MC_first_order,591,0.44273577668,0.0846248811501,0.799937084694,0.234477539236,0.9743,0.9278
MC_first_order,592,0.829062487175,0.797951333536,0.254647532067,0.902828869471,0.9538,0.8167
MC_first_order,593,0.503951021301,0.426193433651,0.555173382597,0.945883729104,0.9681,0.9056
MC_first_order,594,0.489875852014,0.48220592105,0.290614570052,0.841145565105,0.9719,0.9167
MC_first_order,595,0.503024015598,0.342483356046,0.196483527471,0.215183248293,0.9772,0.9444
MC_first_order,596,0.834149460838,0.803486885866,0.978678246349,0.917107545793,0.926,0.7222
MC_first_order,597,0.685118610016,0.797427302072,0.711654039275,0.809620241059,0.943,0.7722
MC_first_order,598,0.801277241714,0.176223278922,0.814725134341,0.303298791605,0.95,0.8667
MC_first_order,599,0.244088419111,0.919541998272,0.0228607949329,0.51181317611,0.9716,0.8889
MC_first_order,600,0.343148391477,0.791757044525,0.610515472855,0.911047044395,0.9629,0.8556
MC_first_order,601,0.932501144258,0.644278301786,0.0645004807139,0.667210349141,0.9608,0.8611
MC_first_order,602,0.10938046321,0.982183451116,0.871352489218,0.310630137132,0.9518,0.7944
MC_first_order,603,0.185922373909,0.694240829161,0.758109586399,0.985023064227,0.9605,0.8556
MC_first_order,604,0.622886982925,0.125277182081,0.726711978533,0.0585667523458,0.9591,0.8778
MC_first_order,605,0.867728295979,0.768642525334,0.785359537243,0.873592011649,0.9333,0.75
MC_first_order,606,0.56914716411,0.943425197108,0.63912208322,0.491929644532,0.9538,0.8111
MC_first_order,607,0.384473940067,0.353385411494,0.0228897995024,0.161028083413,0.9863,0.9556
MC_first_order,608,0.7956598176,0.228709580234,0.653624017673,0.775275581462,0.9667,0.9278
MC_first_order,609,0.694449120412,0.515826846892,0.315969165167,0.272877258739,0.9667,0.8667
MC_first_order,610,0.187334478102,0.647839607797,0.686281925229,0.94221317845,0.9637,0.8722
MC_first_order,611,0.330586860541,0.927109346198,0.91151190569,0.29054005096,0.948,0.7944
MC_first_order,612,0.952041242873,0.619371647409,0.96255148548,0.774140038019,0.933,0.7667
MC_first_order,613,0.333278120377,0.279297115039,0.522550992606,0.487848833694,0.9743,0.9278
MC_first_order,614,0.035398744767,0.862509859391,0.535457522051,0.47302985755,0.9664,0.8278
MC_first_order,615,0.744593147383,0.249781834247,0.1992373685,0.580781998964,0.9711,0.9444
MC_first_order,616,0.2413240778,0.327502089726,0.0699667732404,0.0521697771451,0.9839,0.9667
MC_first_order,617,0.355311567304,0.526913194804,0.948914757793,0.639606762912,0.9538,0.8333
MC_first_order,618,0.414402836676,0.406770109535,0.235384075267,0.473908155535,0.9795,0.9278
MC_first_order,619,0.959064879112,0.12195048056,0.432984474868,0.6856360839,0.9757,0.9667
MC_first_order,620,0.762420249203,0.555080136721,0.641164548134,0.93835895136,0.9532,0.8444
MC_first_order,621,0.902552835251,0.251173165338,0.541198584584,0.997334160002,0.9702,0.9389
MC_first_order,622,0.527720675523,0.189371989532,0.766071520649,0.0569597975553,0.9635,0.8889
MC_first_order,623,0.150320270536,0.551285944648,0.272572292292,0.719643694048,0.9749,0.9167
MC_first_order,624,0.72678340923,0.319289991767,0.766951112429,0.647726163577,0.945,0.8389
MC_first_order,625,0.705973037019,0.456632525181,0.432467989444,0.106577410935,0.9626,0.8778
MC_first_order,626,0.474848733797,0.954687463139,0.888447917287,0.056087714064,0.9529,0.8056
MC_first_order,627,0.0710427910247,0.269421923644,0.694477361552,0.437603912267,0.9687,0.8833
MC_first_order,628,0.127846755052,0.425601433949,0.573176479226,0.744246790147,0.9693,0.9111
MC_first_order,629,0.403021930269,0.649649554789,0.681315644557,0.615667808122,0.9661,0.8722
MC_first_order,630,0.0464108294765,0.710502636164,0.12857045416,0.0547473696643,0.9757,0.8722
MC_first_order,631,0.473665180822,0.0168299256501,0.0728695895001,0.390992527682,0.9904,0.9944
MC_first_order,632,0.468562086069,0.105611683488,0.95372483317,0.852101182502,0.9696,0.9111
MC_first_order,633,0.486651256581,0.587782896115,0.315597131298,0.983660449371,0.9719,0.9167
MC_first_order,634,0.119912828026,0.304166555568,0.2209453645,0.865667631634,0.9825,0.9333
MC_first_order,635,0.50881564302,0.410431919539,0.398817880971,0.887048506674,0.9734,0.9278
MC_first_order,636,0.257421575739,0.791296788249,0.708084197848,0.448381865077,0.9579,0.8389
MC_first_order,637,0.365793121328,0.436852546071,0.453027728462,0.315542997503,0.974,0.9111
MC_first_order,638,0.623838797385,0.411141834204,0.303711903259,0.77275116808,0.9681,0.8833
MC_first_order,639,0.455127535276,0.473550629806,0.879553866017,0.454663430596,0.9599,0.85
MC_first_order,640,0.375996408447,0.897996675257,0.976382239167,0.785702742115,0.9515,0.7944
MC_first_order,641,0.401438198135,0.671167389117,0.740934418342,0.296257117605,0.9632,0.8611
MC_first_order,642,0.724003885718,0.949777749166,0.655770100627,0.66878915917,0.9368,0.7722
MC_first_order,643,0.435108126795,0.65340791865,0.225988511747,0.770368770399,0.9778,0.9167
MC_first_order,644,0.539150078496,0.979957861655,0.341697272385,0.711674521799,0.9623,0.8389
MC_first_order,645,0.016731477081,0.416133585159,0.766381862958,0.259473056274,0.9754,0.9
MC_first_order,646,0.613525132684,0.220903552054,0.398352535812,0.993672206668,0.9772,0.9444
MC_first_order,647,0.196634693052,0.91274855609,0.0597801767152,0.582980819431,0.9708,0.8833
MC_first_order,648,0.821279668923,0.837332082184,0.391250633199,0.590349443091,0.9509,0.8056
MC_first_order,649,0.712125284316,0.761700498608,0.746643858885,0.578915726231,0.9365,0.7611
MC_first_order,650,0.251566136302,0.705216993996,0.561290088353,0.544306219795,0.964,0.8667
MC_first_order,651,0.987075425873,0.136485150104,0.78065321285,0.324767237974,0.9553,0.8889
MC_first_order,652,0.726578909971,0.950345032077,0.274440852976,0.567152092928,0.952,0.8278
MC_first_order,653,0.528300828883,0.495199272983,0.167053706366,0.625461748193,0.9719,0.8944
MC_first_order,654,0.893469031859,0.663273651058,0.289142503635,0.806028611714,0.9567,0.8389
MC_first_order,655,0.420018968552,0.145210229591,0.60584539956,0.4603619759,0.9722,0.9111
MC_first_order,656,0.529823910871,0.991159718034,0.569446340371,0.953475291209,0.9564,0.8222
MC_first_order,657,0.352630611007,0.75892090836,0.075337082215,0.300389547243,0.9775,0.9167
MC_first_order,658,0.691925340654,0.6902114329,0.828430453062,0.380173144529,0.945,0.7889
MC_first_order,659,0.273630053896,0.358419303435,0.537327136946,0.0241583625935,0.9746,0.9333
MC_first_order,660,0.374534311874,0.657244357501,0.148602297815,0.311113675135,0.9807,0.9278
MC_first_order,661,0.872621318954,0.933552679504,0.249727511455,0.177926369201,0.952,0.8056
MC_first_order,662,0.117717265416,0.0857059854046,0.794067017933,0.738996358151,0.9661,0.8778
MC_first_order,663,0.264396295107,0.489107028079,0.695383657384,0.0280901466724,0.9655,0.8833
MC_first_order,664,0.818897674167,0.859530600389,0.211302255278,0.703444558101,0.952,0.8056
MC_first_order,665,0.699291239095,0.337059362319,0.878422468188,0.218397534235,0.945,0.8222
MC_first_order,666,0.473917228738,0.313710995224,0.44186059324,0.812305657477,0.9746,0.9167
MC_first_order,667,0.569969581674,0.609286773989,0.987009103292,0.223402332878,0.9459,0.8056
MC_first_order,668,0.222728554919,0.619694928225,0.150223774071,0.964246108545,0.9763,0.9222
MC_first_order,669,0.341243548602,0.440047941258,0.431167685804,0.8276654868,0.974,0.9222
MC_first_order,670,0.915342111831,0.677010571687,0.171401236006,0.355168294941,0.9573,0.8389
MC_first_order,671,0.706393572302,0.216081759109,0.882695744325,0.87227714698,0.9485,0.8444
MC_first_order,672,0.226497474902,0.364275120639,0.228754784859,0.718563874579,0.9825,0.9611
MC_first_order,673,0.0471086118379,0.695699183237,0.0626454410453,0.841117960813,0.9787,0.8833
MC_first_order,674,0.543243720688,0.583170004371,0.095215635926,0.0442481234186,0.9737,0.9
MC_first_order,675,0.353083124471,0.984714258402,0.600103553633,0.86228608628,0.9526,0.8
MC_first_order,676,0.0626496731714,0.101844716203,0.0209074237116,0.69697485577,0.995,0.9889
MC_first_order,677,0.176395025505,0.272663124232,0.667026818936,0.695498806824,0.9722,0.9222
MC_first_order,678,0.32240434031,0.467452554252,0.289045030035,0.561333671365,0.976,0.9278
MC_first_order,679,0.355872089041,0.35999999943,0.248879007428,0.292165624348,0.9769,0.9278
MC_first_order,680,0.26094248902,0.0162302431781,0.310404028121,0.592025817725,0.983,0.9722
MC_first_order,681,0.268669718303,0.11297068866,0.846023828508,0.469081496279,0.9675,0.9111
MC_first_order,682,0.51177733533,0.311886918135,0.887085608246,0.754045805877,0.9558,0.8556
MC_first_order,683,0.622639468309,0.659418318005,0.69238193123,0.500473516019,0.9468,0.8
MC_first_order,684,0.413160970932,0.39000404151,0.504134224844,0.468606140047,0.9731,0.9056
MC_first_order,685,0.528915946002,0.533048383874,0.788582830155,0.892589150704,0.9541,0.8333
MC_first_order,686,0.223969945945,0.0222138337507,0.301038111684,0.0318551782363,0.9845,0.9778
MC_first_order,687,0.796372950369,0.620360042574,0.285525228991,0.191257337984,0.9602,0.8611
MC_first_order,688,0.868615127525,0.836121332325,0.683659124842,0.69170837381,0.9409,0.7722
MC_first_order,689,0.744544580163,0.454626918513,0.397403296092,0.552869709034,0.9596,0.8833
MC_first_order,690,0.880442184063,0.991368127275,0.916993170029,0.835438230594,0.9243,0.7111
MC_first_order,691,0.0743840941006,0.246926095593,0.971000383317,0.543509099086,0.9585,0.8444
MC_first_order,692,0.514814440579,0.30983338534,0.861971313427,0.516809548116,0.9558,0.8556
MC_first_order,693,0.990349232816,0.0755515212703,0.99328187937,0.0133884315673,0.9474,0.8611
MC_first_order,694,0.14826311766,0.389515010378,0.639510734013,0.110629748163,0.9728,0.9222
MC_first_order,695,0.562407642526,0.939347467542,0.435511600908,0.76235803624,0.9611,0.8389
MC_first_order,696,0.591893218874,0.582392846864,0.173207857226,0.463987065439,0.9678,0.8722
MC_first_order,697,0.900349521952,0.674184869971,0.216790504275,0.446968664619,0.9573,0.8389
MC_first_order,698,0.543572968337,0.336764417512,0.577759488834,0.631573674192,0.9713,0.9111
MC_first_order,699,0.0178474561295,0.220015508842,0.656690708731,0.214340095252,0.9807,0.9222
MC_first_order,700,0.0727779808847,0.761889892154,0.333870136568,0.957810222292,0.9702,0.8667
MC_first_order,701,0.558759775185,0.101311646227,0.636827239275,0.262257733854,0.9728,0.9278
MC_first_order,702,0.814426264141,0.724153915225,0.758344457787,0.0572185541974,0.9357,0.7611
MC_first_order,703,0.0342166701419,0.797871632245,0.140507890217,0.20176569845,0.9722,0.85
MC_first_order,704,0.0299164409952,0.163511305202,0.473599669672,0.958055011812,0.9865,0.95
MC_first_order,705,0.321304953136,0.259328923384,0.827938919827,0.184433939454,0.9649,0.8944
MC_first_order,706,0.635122896099,0.615173891237,0.935325031609,0.0437222485684,0.9412,0.7833
MC_first_order,707,0.563176112652,0.382849617891,0.823648360793,0.252292211262,0.9605,0.8722
MC_first_order,708,0.714980055748,0.185267004485,0.495102723352,0.968339212501,0.967,0.9167
MC_first_order,709,0.23992969536,0.27889283948,0.917511546612,0.674464285992,0.9629,0.8889
MC_first_order,710,0.065899344174,0.186472815983,0.23718138323,0.289916455267,0.9827,0.9389
MC_first_order,711,0.844599088023,0.700517081619,0.979744431627,0.669681658232,0.9278,0.7333
MC_first_order,712,0.627858263937,0.383117220812,0.717389474213,0.493468448572,0.9529,0.8389
MC_first_order,713,0.0588810548959,0.492016364546,0.384063527897,0.530960442524,0.9766,0.8889
MC_first_order,714,0.048748538769,0.0279252928478,0.982874606617,0.371251244527,0.9746,0.9056
MC_first_order,715,0.330023388485,0.148332446388,0.592496526564,0.914707434236,0.9778,0.95
MC_first_order,716,0.180369192391,0.500230848874,0.499700811939,0.765824963482,0.9699,0.9
MC_first_order,717,0.565078643163,0.238874669734,0.189661498997,0.724619224987,0.9825,0.9556
MC_first_order,718,0.0781201015608,0.864708423321,0.033455097154,0.189492496725,0.9789,0.8889
MC_first_order,719,0.467793287526,0.844001058011,0.619625228462,0.745804698491,0.9623,0.85
MC_first_order,720,0.761025230318,0.722382037902,0.0516222443487,0.825278968119,0.9556,0.8333
MC_first_order,721,0.147727171159,0.162316244953,0.0375408820528,0.0283930319661,0.9857,0.9778
MC_first_order,722,0.876947996372,0.38097460676,0.086502549896,0.0466661091054,0.9696,0.9167
MC_first_order,723,0.846379871236,0.601582318459,0.91631391498,0.0373760505958,0.9348,0.7778
MC_first_order,724,0.112558247372,0.286677987724,0.191004801171,0.11215331731,0.9854,0.9444
MC_first_order,725,0.200552434278,0.640361983496,0.168105155756,0.16863928606,0.9763,0.9222
MC_first_order,726,0.535528881785,0.375506612731,0.149615260796,0.568132495486,0.9781,0.9278
MC_first_order,727,0.50795432997,0.388018265408,0.474296207036,0.0397559924994,0.9728,0.9278
MC_first_order,728,0.615065038414,0.193373648871,0.335764236266,0.00929296331718,0.9795,0.9556
MC_first_order,729,0.887711672401,0.587631038217,0.392176309896,0.541849250242,0.9605,0.8667
MC_first_order,730,0.939874199515,0.132077620629,0.383426232636,0.708059742163,0.9772,0.9722
MC_first_order,731,0.372106410001,0.706780538765,0.908224051096,0.040862450479,0.9594,0.8444
MC_first_order,732,0.284505578108,0.29281590316,0.750227101124,0.784304716432,0.9702,0.9167
MC_first_order,733,0.699464892846,0.924752635083,0.185705986828,0.393370813617,0.9608,0.8444
MC_first_order,734,0.852915393872,0.765529187409,0.112682860773,0.97975347281,0.9547,0.8222
MC_first_order,735,0.740486155563,0.865917203456,0.36210257255,0.605457288598,0.9529,0.8333
MC_first_order,736,0.95874135626,0.897933929269,0.577092497717,0.889970185439,0.9456,0.7833
MC_first_order,737,0.998985851065,0.83922919246,0.655849846226,0.960340332776,0.9421,0.7722
MC_first_order,738,0.143729845134,0.403696771686,0.564077549352,0.131619325109,0.9734,0.9222
MC_first_order,739,0.780756560382,0.0621475982243,0.628756549796,0.279689686064,0.9702,0.95
MC_first_order,740,0.322827793324,0.606830041031,0.19143761149,0.447511283069,0.9772,0.9278
MC_first_order,741,0.857214546669,0.98685638629,0.262558096551,0.365604776935,0.9515,0.8056
MC_first_order,742,0.69376435582,0.189762611257,0.849120209089,0.198692369314,0.9567,0.8667
MC_first_order,743,0.556716029404,0.339423527818,0.00109451349934,0.00101639842707,0.9827,0.95
MC_first_order,744,0.00195659419327,0.328218509565,0.27521026484,0.991371873819,0.9909,0.9611
MC_first_order,745,0.637662582301,0.0652487906161,0.716023429627,0.232463350902,0.9623,0.8944
MC_first_order,746,0.481532142892,0.722618739776,0.856682326452,0.935278204622,0.9599,0.85
MC_first_order,747,0.420944320173,0.317718614354,0.397472971986,0.312737917331,0.9789,0.9278
MC_first_order,748,0.741654908519,0.462977987069,0.685513202986,0.151965721807,0.9436,0.8222
MC_first_order,749,0.782807235833,0.966756619204,0.203004346234,0.616584223501,0.952,0.8056
MC_first_order,750,0.162085672359,0.0353269012404,0.41398509476,0.183259759437,0.9816,0.9667
MC_first_order,751,0.730706179103,0.572338317881,0.674523594668,0.967977014529,0.9415,0.8056
MC_first_order,752,0.0582601530045,0.0983591670792,0.0357610146633,0.459405576262,0.9927,0.9722
MC_first_order,753,0.824477704288,0.683778407094,0.547816883442,0.856170295451,0.9491,0.8056
MC_first_order,754,0.372156954862,0.112960629593,0.641601917506,0.0256021430793,0.974,0.9222
MC_first_order,755,0.229361519969,0.0297959788611,0.161620146429,0.0638897505422,0.986,0.9833
MC_first_order,756,0.531546736868,0.12809670786,0.603424241398,0.824179566356,0.974,0.9333
MC_first_order,757,0.344403549422,0.120336095786,0.671215233577,0.728518391932,0.9778,0.95
MC_first_order,758,0.883998844222,0.554106284965,0.582057828015,0.863075353606,0.9556,0.85
MC_first_order,759,0.677201513496,0.974880340149,0.286994512707,0.774377892062,0.9594,0.8167
MC_first_order,760,0.632835607411,0.468413004364,0.0107637602194,0.476429841311,0.9737,0.9
MC_first_order,761,0.263382460788,0.601520500406,0.509459578669,0.510415265457,0.9675,0.8889
MC_first_order,762,0.0587679858427,0.131542215939,0.606943781416,0.682038695342,0.9825,0.9333
MC_first_order,763,0.990532926909,0.792731610901,0.290073030247,0.455683951143,0.9532,0.8167
MC_first_order,764,0.505733209998,0.803992444869,0.394522569782,0.920596157651,0.969,0.9
MC_first_order,765,0.483958742987,0.397984405474,0.47977003347,0.357350201016,0.9737,0.9111
MC_first_order,766,0.999631629271,0.0463547833383,0.399637986224,0.0794347074791,0.9789,0.9833
MC_first_order,767,0.677914909669,0.15066295448,0.149140392012,0.423346296684,0.9845,0.9722
MC_first_order,768,0.602070906984,0.763609797866,0.444499005748,0.295097576907,0.9573,0.8222
MC_first_order,769,0.367865133165,0.888346209465,0.213235502902,0.0113902986292,0.969,0.8611
MC_first_order,770,0.885799312359,0.482938678133,0.132281930464,0.136035256933,0.9661,0.8944
MC_first_order,771,0.890400446036,0.749125441415,0.0644085896495,0.675115206501,0.9556,0.8278
MC_first_order,772,0.21384126941,0.445898854607,0.605043656983,0.0509073457219,0.9734,0.9222
MC_first_order,773,0.935502395396,0.335199935027,0.143915984219,0.780219130778,0.9722,0.9333
MC_first_order,774,0.10913762117,0.0371774731264,0.651980499419,0.470073494327,0.9743,0.9111
MC_first_order,775,0.900590292517,0.790679818119,0.206484309051,0.0451680117192,0.9538,0.8167
MC_first_order,776,0.603394859869,0.470407973936,0.301131556234,0.916864815488,0.9664,0.8722
MC_first_order,777,0.208465723503,0.643261886818,0.0735143752338,0.923575029949,0.9763,0.9222
MC_first_order,778,0.948746386601,0.618049563323,0.320360787664,0.72395613355,0.9602,0.8611
MC_first_order,779,0.903484001238,0.794914141106,0.0407444374004,0.504082979549,0.9538,0.8167
MC_first_order,780,0.139931632908,0.546351429186,0.950035836894,0.864929201331,0.9544,0.8389
MC_first_order,781,0.24880750605,0.551922720052,0.317442125639,0.168437977098,0.9734,0.9111
MC_first_order,782,0.743737408985,0.759338797945,0.3367084315,0.420210405206,0.9538,0.8389
MC_first_order,783,0.696471467144,0.727578313827,0.463552602102,0.118229340832,0.9573,0.8222
MC_first_order,784,0.0956408845715,0.169556671705,0.826380151668,0.496296598363,0.9637,0.8667
MC_first_order,785,0.644470397278,0.364552417386,0.368936226346,0.176025705228,0.9728,0.9056
MC_first_order,786,0.974610877086,0.605528311788,0.128634662106,0.702664066147,0.9635,0.8778
MC_first_order,787,0.597916025809,0.61326929166,0.769904574975,0.608376479098,0.9477,0.8056
MC_first_order,788,0.876474341618,0.969681065025,0.40672543821,0.648349143411,0.9485,0.7944
MC_first_order,789,0.374360970491,0.410578793152,0.366139561857,0.6472714711,0.9781,0.9222
MC_first_order,790,0.352505106223,0.35198765666,0.846783818814,0.799736422959,0.9579,0.8556
MC_first_order,791,0.676226438238,0.843622187432,0.386064303529,0.64265584979,0.9582,0.8167
MC_first_order,792,0.251237194124,0.315369774169,0.100643574964,0.798494973583,0.9833,0.9667
MC_first_order,793,0.921291901999,0.302719940183,0.378321115942,0.117035818843,0.9728,0.9444
MC_first_order,794,0.142202831658,0.638192180775,0.892025065643,0.0839614609939,0.9573,0.85
MC_first_order,795,0.254613338243,0.759097117853,0.225883126962,0.877683863546,0.9719,0.8944
MC_first_order,796,0.352801961448,0.473419278431,0.201653859023,0.290743231271,0.9766,0.9222
MC_first_order,797,0.424539944575,0.278211730014,0.72910395622,0.0301872283924,0.9667,0.8833
MC_first_order,798,0.638788234962,0.802564403257,0.326120976332,0.191511921673,0.9605,0.8278
MC_first_order,799,0.119906525458,0.0774204737153,0.792154079293,0.603036780313,0.9661,0.8778
MC_first_order,800,0.0151260513229,0.453295465316,0.598685700356,0.319374966015,0.9798,0.9167
MC_first_order,801,0.034836527081,0.420997801709,0.35358593805,0.972269290189,0.9784,0.9
MC_first_order,802,0.359740351305,0.922532877005,0.86804618451,0.574351609673,0.9459,0.7778
MC_first_order,803,0.125966454609,0.807810408097,0.090161458971,0.557212491752,0.9705,0.8889
MC_first_order,804,0.0972721465223,0.092588217398,0.410554443426,0.156304994965,0.9792,0.9278
MC_first_order,805,0.991950924076,0.577951128006,0.897151271214,0.956515119063,0.9348,0.7778
MC_first_order,806,0.75792724232,0.645755864947,0.472983294225,0.777743222659,0.9547,0.8389
MC_first_order,807,0.669367865618,0.158001188331,0.530045843656,0.413516326292,0.9743,0.9333
MC_first_order,808,0.515466807372,0.713137745079,0.689036656976,0.569762832086,0.955,0.8278
MC_first_order,809,0.788821047284,0.825211848653,0.0923729823389,0.145073426854,0.9529,0.8111
MC_first_order,810,0.047175004047,0.160431809442,0.958977749781,0.309561566367,0.9751,0.9056
MC_first_order,811,0.439002589435,0.465343715019,0.564406794117,0.279476326916,0.967,0.8778
MC_first_order,812,0.778682325853,0.331671931621,0.845604064571,0.803491044184,0.9433,0.8278
MC_first_order,813,0.00114245334542,0.547708052234,0.0930902801815,0.883960576442,0.9904,0.95
MC_first_order,814,0.0693587537707,0.267226477325,0.7687558954,0.590860007395,0.9658,0.8722
MC_first_order,815,0.666960345074,0.413053008381,0.520546076106,0.203273537964,0.9637,0.8667
MC_first_order,816,0.462375343156,0.257263750281,0.675517324104,0.106726389735,0.9696,0.9
MC_first_order,817,0.13754616377,0.197551277034,0.53290325805,0.581685159279,0.9769,0.9444
MC_first_order,818,0.00298267573978,0.987146140737,0.835386497163,0.379829381605,0.9585,0.8
MC_first_order,819,0.158830400378,0.825878230186,0.97694723636,0.178121676318,0.9468,0.7944
MC_first_order,820,0.756026684288,0.817983899225,0.937216159595,0.208624628528,0.9257,0.7222
MC_first_order,821,0.120478543382,0.164526793566,0.231258183055,0.900061287663,0.9851,0.95
MC_first_order,822,0.909919574896,0.473779319545,0.127496428103,0.352542922577,0.9661,0.8944
MC_first_order,823,0.241152601575,0.648370927922,0.720002953243,0.776098298639,0.9614,0.8611
MC_first_order,824,0.437038600148,0.456855796481,0.467885060438,0.370189985587,0.9751,0.9111
MC_first_order,825,0.455104123843,0.685266315574,0.711292929023,0.326386458961,0.9629,0.8611
MC_first_order,826,0.566849482788,0.145038330213,0.0452138820723,0.386971746106,0.9865,0.9778
MC_first_order,827,0.359268791442,0.0325050245973,0.0794919199867,0.425770295178,0.9898,0.9889
MC_first_order,828,0.942286209944,0.837513732543,0.0301983064545,0.316730910717,0.9529,0.8111
MC_first_order,829,0.368689403788,0.311125381182,0.137084953926,0.590367963065,0.9848,0.95
MC_first_order,830,0.839080576736,0.381697195295,0.176352576795,0.105278613725,0.9687,0.9111
MC_first_order,831,0.0151592749661,0.765326885626,0.230798588591,0.723986125124,0.9833,0.9056
MC_first_order,832,0.790765836407,0.0834226176134,0.188939529496,0.315390158222,0.9801,0.9833
MC_first_order,833,0.76889135756,0.73683721454,0.302862160236,0.451904732652,0.955,0.8278
MC_first_order,834,0.355092883774,0.471709460767,0.793586753076,0.261720813319,0.9591,0.8556
MC_first_order,835,0.810486287356,0.919996591642,0.600996377641,0.959165986857,0.9442,0.7778
MC_first_order,836,0.938004390115,0.171139224263,0.991462777026,0.200556642785,0.9465,0.8556
MC_first_order,837,0.804650129553,0.121229301832,0.30268942493,0.442138366963,0.9787,0.9778
MC_first_order,838,0.839197498465,0.68073006212,0.203839138802,0.897842812654,0.9564,0.8333
MC_first_order,839,0.865415676011,0.509884402406,0.0506320766787,0.285659126286,0.9643,0.8833
MC_first_order,840,0.292448958803,0.418790000667,0.942590602316,0.595092943729,0.9596,0.8722
MC_first_order,841,0.819608482835,0.0712957412888,0.245494487909,0.73127496688,0.981,0.9889
MC_first_order,842,0.340452763719,0.227461833506,0.0630330724637,0.0508570097932,0.9825,0.9611
MC_first_order,843,0.412348950434,0.546285266369,0.399890742638,0.56502402975,0.9763,0.9111
MC_first_order,844,0.290916624435,0.0168239657287,0.6743794385,0.335708525639,0.9743,0.9389
MC_first_order,845,0.491439355883,0.377707266009,0.269969721307,0.0517613292304,0.9746,0.9333
MC_first_order,846,0.29657972424,0.298004755058,0.114916833025,0.0295332953624,0.9833,0.9667
MC_first_order,847,0.480673593246,0.0195531825267,0.878945388112,0.360275022742,0.9713,0.9222
MC_first_order,848,0.443747218966,0.525657126028,0.0240712048051,0.1014438823,0.983,0.9389
MC_first_order,849,0.785342572885,0.556470585269,0.493275188633,0.343757751481,0.9599,0.8667
MC_first_order,850,0.751223543805,0.503143194246,0.792327433591,0.835688968729,0.9412,0.8056
MC_first_order,851,0.89387231907,0.725879461629,0.673927272117,0.461579516219,0.9436,0.7889
MC_first_order,852,0.533390297721,0.579037002,0.525247428684,0.819131642495,0.9673,0.8778
MC_first_order,853,0.858088269245,0.0520918505866,0.752032666105,0.616233494409,0.9585,0.9056
MC_first_order,854,0.598367680301,0.908243022027,0.0495827764219,0.475065507983,0.9626,0.8333
MC_first_order,855,0.375370822901,0.948394034661,0.164620286953,0.563029902204,0.9696,0.8611
MC_first_order,856,0.14433041883,0.753881512284,0.489084944967,0.735406068219,0.9661,0.8722
MC_first_order,857,0.307046881464,0.883357274766,0.00703922158648,0.22462962489,0.9737,0.8889
MC_first_order,858,0.733390363892,0.87888351599,0.777264503961,0.27511862636,0.9313,0.7556
MC_first_order,859,0.0809467316372,0.709344010514,0.731458566564,0.0605844824652,0.9594,0.8278
MC_first_order,860,0.934815903758,0.527833752908,0.0335087213078,0.479524226849,0.9643,0.8833
MC_first_order,861,0.338173532268,0.104337763636,0.885339821737,0.934622946847,0.9655,0.9056
MC_first_order,862,0.124090774407,0.445626229984,0.273399506157,0.672291394333,0.9763,0.9
MC_first_order,863,0.109797561035,0.333516727272,0.410310175382,0.472785685396,0.9749,0.9
MC_first_order,864,0.435184248784,0.596036570605,0.940206147872,0.931483743606,0.9602,0.85
MC_first_order,865,0.90737610949,0.828944470957,0.228358184603,0.24444174169,0.9529,0.8111
MC_first_order,866,0.459756500372,0.643310602622,0.606309068974,0.349582878176,0.9652,0.8722
MC_first_order,867,0.991773659695,0.312351492442,0.019388848018,0.0907881999943,0.974,0.9444
MC_first_order,868,0.209425732421,0.730854875979,0.840767271399,0.0417441849288,0.9544,0.8278
MC_first_order,869,0.236986056713,0.242370822417,0.786538839944,0.897652409034,0.9711,0.9222
MC_first_order,870,0.263326671333,0.10238120291,0.966856250748,0.971452123719,0.9617,0.8889
MC_first_order,871,0.716618400667,0.472640768647,0.746807145709,0.767364531075,0.9406,0.8111
MC_first_order,872,0.509338049316,0.271295651464,0.525143978019,0.662265112254,0.9722,0.9278
MC_first_order,873,0.324302023216,0.639294781806,0.146728986929,0.970838971071,0.9772,0.9278
MC_first_order,874,0.211400010987,0.22630823958,0.960299366085,0.950036861281,0.9599,0.8778
MC_first_order,875,0.925252040486,0.841161120012,0.848580804881,0.82113763939,0.9266,0.7222
MC_first_order,876,0.566681054835,0.0742771020713,0.731743096819,0.83577319789,0.9702,0.9222
MC_first_order,877,0.837810889326,0.0435073703024,0.0613076799504,0.73061685824,0.9819,0.9944
MC_first_order,878,0.487923153099,0.893655736632,0.990717922801,0.446945256401,0.9558,0.8444
MC_first_order,879,0.67551233768,0.665093997994,0.693679052853,0.367593728446,0.9465,0.7944
MC_first_order,880,0.639508329221,0.0678154435847,0.900065372726,0.723536347714,0.9556,0.8667
MC_first_order,881,0.802586960831,0.462253108197,0.205118187889,0.451185706573,0.9661,0.8944
MC_first_order,882,0.680577537581,0.548172158866,0.108651587041,0.00373324742202,0.9687,0.8722
MC_first_order,883,0.397780641311,0.244861139621,0.226750389764,0.221480771663,0.9822,0.9444
MC_first_order,884,0.415711528213,0.695183102719,0.913039327666,0.676684266366,0.9594,0.8444
MC_first_order,885,0.0207039763787,0.867604365246,0.608918727737,0.73176491489,0.9684,0.8444
MC_first_order,886,0.61366117131,0.354273930812,0.339236808116,0.0713621329429,0.9708,0.9
MC_first_order,887,0.664035282948,0.0540193010082,0.681073788923,0.911077380572,0.9667,0.9111
MC_first_order,888,0.667897026739,0.606214079893,0.808082193685,0.959670453678,0.9477,0.8056
MC_first_order,889,0.812590925564,0.990042257768,0.459607092862,0.0146227598284,0.9485,0.7944
MC_first_order,890,0.614329871549,0.638463558033,0.863054900147,0.612164626762,0.9442,0.7944
MC_first_order,891,0.363347307312,0.00470023337746,0.830640281168,0.624696191337,0.9649,0.8944
MC_first_order,892,0.985322046912,0.593420089766,0.852720529098,0.772292059661,0.9363,0.7833
MC_first_order,893,0.990849250627,0.462293005736,0.897195850566,0.39677774689,0.9365,0.7889
MC_first_order,894,0.011230733649,0.325818448644,0.351288617109,0.992330540492,0.988,0.95
MC_first_order,895,0.394882226857,0.27472446907,0.690726577308,0.0972782937867,0.9681,0.8889
MC_first_order,896,0.305503835858,0.395011512518,0.124335878281,0.597995992823,0.9792,0.9389
MC_first_order,897,0.42296040324,0.802055366678,0.339468699855,0.977309999494,0.9719,0.8833
MC_first_order,898,0.195635114435,0.530815029896,0.226262430284,0.01425216737,0.9763,0.9222
MC_first_order,899,0.301612447326,0.895515365065,0.291535342775,0.488428129664,0.9652,0.8611
MC_first_order,900,0.52398436227,0.266035129858,0.534844788595,0.0654135302314,0.9734,0.9222
MC_first_order,901,0.349380723341,0.284576609373,0.815444937169,0.770022025727,0.9579,0.8556
MC_first_order,902,0.700792729822,0.594900728266,0.866490805973,0.741035792064,0.9389,0.7833
MC_first_order,903,0.0552577849228,0.130425477384,0.747889057522,0.839917278518,0.9781,0.9167
MC_first_order,904,0.989318605771,0.775241141148,0.157808891132,0.567147330258,0.9538,0.8167
MC_first_order,905,0.624297875451,0.604681711372,0.134448419386,0.968443440739,0.9681,0.8722
MC_first_order,906,0.510376348827,0.268774889852,0.9809521544,0.384783706233,0.9635,0.8944
MC_first_order,907,0.0699764097841,0.669132434002,0.259698712045,0.218138979156,0.9716,0.8722
MC_first_order,908,0.302540342912,0.607122037019,0.31981623804,0.664640813889,0.9713,0.9
MC_first_order,909,0.905316617803,0.990843789348,0.888965358925,0.921447766694,0.9243,0.7111
MC_first_order,910,0.253160289691,0.824012185318,0.0897671327019,0.581773711818,0.9711,0.8889
MC_first_order,911,0.0755617132953,0.0991567262452,0.94874574757,0.126839244543,0.9617,0.8611
MC_first_order,912,0.717197870626,0.527132753914,0.0012171478955,0.793171354616,0.9655,0.8944
MC_first_order,913,0.0607278484488,0.886661155295,0.818539058669,0.496272108385,0.9599,0.8056
MC_first_order,914,0.446299020166,0.0278607789331,0.699990028655,0.0391046974779,0.9781,0.9444
MC_first_order,915,0.526080153914,0.925377499069,0.678065448995,0.116521755816,0.9553,0.8222
MC_first_order,916,0.721042142632,0.701616282869,0.32926389366,0.771558372982,0.9547,0.8444
MC_first_order,917,0.578766935512,0.413542281952,0.525814733168,0.275678328153,0.9637,0.8722
MC_first_order,918,0.287167643667,0.888851920465,0.349512063605,0.771211843161,0.9681,0.8778
MC_first_order,919,0.366830469704,0.190305448464,0.00140114203274,0.963446960532,0.9898,0.9778
MC_first_order,920,0.751616425754,0.981871893827,0.589025083837,0.0623931994474,0.9447,0.7833
MC_first_order,921,0.163297890919,0.0492127366802,0.612276660905,0.622004556579,0.9787,0.9556
MC_first_order,922,0.955553002627,0.296033831475,0.233277962241,0.221189670399,0.9757,0.9556
MC_first_order,923,0.147183923778,0.0285749596344,0.493718062199,0.419940973922,0.9787,0.9556
MC_first_order,924,0.368037704736,0.951174995905,0.313733319241,0.827141390655,0.9667,0.85
MC_first_order,925,0.532454590726,0.102826837177,0.0295978140501,0.609348383691,0.9857,0.9778
MC_first_order,926,0.874307487269,0.0503072309777,0.702057720168,0.232478136736,0.9629,0.9222
MC_first_order,927,0.68713994958,0.833056478258,0.727170260271,0.244585724886,0.9421,0.7667
MC_first_order,928,0.156039793068,0.967152003172,0.915692918799,0.923410707833,0.948,0.7944
MC_first_order,929,0.541079629158,0.051332360655,0.368793531139,0.910027118147,0.9819,0.9667
MC_first_order,930,0.0669934613299,0.295296964665,0.0422958955354,0.880393854657,0.9898,0.9611
MC_first_order,931,0.353637634724,0.0822611962768,0.356143854904,0.203734136731,0.9816,0.9611
MC_first_order,932,0.433358700863,0.616096309223,0.657980376672,0.096454056794,0.9661,0.8722
MC_first_order,933,0.534389557678,0.0561264315634,0.441548445071,0.807965135123,0.9804,0.9611
MC_first_order,934,0.262470941545,0.822504506445,0.244072918417,0.393248802601,0.9711,0.8889
MC_first_order,935,0.792446809003,0.00360961664118,0.554052184341,0.536591017552,0.9746,0.9667
MC_first_order,936,0.714801657564,0.947911054954,0.694499116284,0.223553910691,0.9363,0.7556
MC_first_order,937,0.199049525893,0.481787583605,0.281375506695,0.553259283217,0.9757,0.9222
MC_first_order,938,0.0896214210191,0.693900163054,0.416642299745,0.0499781782093,0.9687,0.8611
MC_first_order,939,0.12063698509,0.935180184477,0.849141802361,0.881151793301,0.9532,0.8
MC_first_order,940,0.389738529784,0.984379770132,0.170050047805,0.726034964999,0.9687,0.8556
MC_first_order,941,0.941861730525,0.208606585827,0.00422462256443,0.12641226106,0.9807,0.9833
MC_first_order,942,0.0835576977311,0.803559667225,0.606134145199,0.476403604569,0.9626,0.8333
MC_first_order,943,0.114531226135,0.642483636844,0.136896895494,0.133654758514,0.9792,0.9056
MC_first_order,944,0.593834186015,0.643501370444,0.800888441501,0.826722246389,0.9453,0.8
MC_first_order,945,0.137192112098,0.30401644447,0.143911394475,0.491190437388,0.9825,0.9611
MC_first_order,946,0.028349977974,0.867626556453,0.681676342255,0.808482696584,0.9684,0.8444
MC_first_order,947,0.488363198091,0.912127049171,0.83489739517,0.829084483756,0.9558,0.8444
MC_first_order,948,0.805903947588,0.215996111312,0.345370860409,0.0562989819435,0.9769,0.9667
MC_first_order,949,0.76434947892,0.473421189481,0.986395054575,0.289549397481,0.9351,0.7833
MC_first_order,950,0.431125437982,0.866417340681,0.968873339094,0.756918588225,0.9532,0.8056
MC_first_order,951,0.882537542053,0.923675439382,0.271645145883,0.616771061358,0.9515,0.8056
MC_first_order,952,0.0635838656709,0.676660223963,0.952500273064,0.505796638278,0.9538,0.8111
MC_first_order,953,0.145791721009,0.569197859876,0.0654560429335,0.461556091849,0.9769,0.9222
MC_first_order,954,0.0801175442033,0.417423706352,0.817855933372,0.739384070673,0.9611,0.85
MC_first_order,955,0.853501047033,0.457389432972,0.441085247663,0.0550190057382,0.9617,0.8778
MC_first_order,956,0.789069497006,0.569800739151,0.407936214084,0.145182107983,0.9599,0.8667
MC_first_order,957,0.458542128807,0.0628947178816,0.119942914759,0.0792909313297,0.9895,0.9889
MC_first_order,958,0.424938925419,0.137249656808,0.827314161339,0.609983519267,0.9681,0.9
MC_first_order,959,0.866909604111,0.553480265144,0.159666298491,0.276366106543,0.9643,0.8833
MC_first_order,960,0.839569223039,0.584907009783,0.64624268242,0.632513430304,0.9518,0.8333
MC_first_order,961,0.0480599405056,0.199760551357,0.431505852162,0.844220561902,0.9836,0.9333
MC_first_order,962,0.943472587584,0.591133438546,0.259469018569,0.0465432198157,0.962,0.8722
MC_first_order,963,0.558814543074,0.409109002686,0.930757474245,0.206571515422,0.9567,0.8556
MC_first_order,964,0.204809339434,0.0158676759307,0.0286804519055,0.807433656067,0.9874,0.9889
MC_first_order,965,0.871205817167,0.153778133146,0.0153644856138,0.576282026944,0.9801,0.9833
MC_first_order,966,0.246468835964,0.614533194901,0.911805197431,0.747115422254,0.9573,0.85
MC_first_order,967,0.279971932828,0.60663055302,0.289543749859,0.759567269663,0.9749,0.9167
MC_first_order,968,0.258149085516,0.869409947175,0.678338737871,0.891848218069,0.9594,0.8444
MC_first_order,969,0.34570521987,0.954159167086,0.582222253281,0.257263509906,0.9535,0.8056
MC_first_order,970,0.64685089914,0.310526383921,0.113339459682,0.0396771921383,0.9792,0.9389
MC_first_order,971,0.610433677195,0.241898961862,0.10005939149,0.776663263678,0.9822,0.9611
MC_first_order,972,0.141982249139,0.754852298405,0.272992306867,0.36338886533,0.9705,0.8889
MC_first_order,973,0.932536296554,0.828625318617,0.834607815188,0.980316223002,0.9281,0.7278
MC_first_order,974,0.603648286914,0.935244085215,0.62250112915,0.582156089074,0.9482,0.7833
MC_first_order,975,0.323850543053,0.379258294433,0.569774085908,0.247095495386,0.9743,0.9278
MC_first_order,976,0.641997072045,0.864021242903,0.720366514269,0.22508592654,0.9412,0.7611
MC_first_order,977,0.027729676983,0.366929055135,0.434106298803,0.84651312832,0.9857,0.9389
MC_first_order,978,0.547029504889,0.517918295343,0.605749665353,0.553021431232,0.9652,0.8722
MC_first_order,979,0.67815438041,0.557693092425,0.552673463495,0.23596416632,0.9594,0.8389
MC_first_order,980,0.123527911123,0.439644346477,0.886581645209,0.946719854598,0.9596,0.8444
MC_first_order,981,0.29319964365,0.574714417729,0.518365121832,0.45404534393,0.9675,0.8889
MC_first_order,982,0.178238406454,0.789170746591,0.0853095702376,0.227953073996,0.9711,0.8889
MC_first_order,983,0.278662069336,0.203094817754,0.193396930852,0.0797681449288,0.9851,0.9778
MC_first_order,984,0.523531896743,0.171969373414,0.642585774395,0.600201329556,0.9716,0.9222
MC_first_order,985,0.624647869052,0.480431813532,0.61244804517,0.295615363916,0.9579,0.8444
MC_first_order,986,0.46396636609,0.688562844143,0.215340325804,0.733327605578,0.974,0.9056
MC_first_order,987,0.585451580078,0.974688062813,0.616286778966,0.548853790419,0.9497,0.7944
MC_first_order,988,0.768180513446,0.288420500668,0.372546536944,0.432400148309,0.9737,0.95
MC_first_order,989,0.734556480433,0.719217751541,0.185218783886,0.954002478319,0.9561,0.85
MC_first_order,990,0.982084099233,0.495471764495,0.995503189702,0.62127561984,0.9351,0.7833
MC_first_order,991,0.384604546716,0.0869623506029,0.0173606896177,0.591255811994,0.9924,0.9944
MC_first_order,992,0.718521780164,0.61583260618,0.782812645781,0.436205156094,0.9348,0.7778
MC_first_order,993,0.742053914713,0.603945820316,0.634206605493,0.548364723933,0.9421,0.8056
MC_first_order,994,0.667092351965,0.560019264137,0.0905584011985,0.674982857319,0.9702,0.8778
MC_first_order,995,0.703663446381,0.427914310098,0.969910582357,0.481001688125,0.9424,0.8056
MC_first_order,996,0.166346947787,0.511370402725,0.358085858063,0.165460124815,0.9757,0.9222
MC_first_order,997,0.888534807814,0.177221117994,0.712269240483,0.170099240292,0.9588,0.9
MC_first_order,998,0.517051012977,0.996781127841,0.0887589279658,0.85894063452,0.9664,0.8556
MC_first_order,999,0.00596587768885,0.977463157474,0.908496505824,0.448383495789,0.9556,0.7889
MC_first_order,1000,0.637680052111,0.459884218662,0.163746594304,0.355748015414,0.9713,0.8889
MC_first_order,1001,0.441116163775,0.869764855394,0.114088957111,0.539143346123,0.9757,0.9
MC_first_order,1002,0.471456220877,0.552823267904,0.792313542698,0.599350671654,0.9655,0.8778
MC_first_order,1003,0.32337405673,0.95469136527,0.598912870011,0.271236466923,0.9576,0.8222
MC_first_order,1004,0.54744970437,0.867357422333,0.0464218923405,0.647910678669,0.969,0.8667
MC_first_order,1005,0.487571584764,0.287986535532,0.159407157027,0.231781297986,0.9784,0.95
MC_first_order,1006,0.437535257867,0.421942966804,0.601400948228,0.270364153878,0.9678,0.8833
MC_first_order,1007,0.620015931413,0.473414679135,0.795610732833,0.804445618218,0.9494,0.8167
MC_first_order,1008,0.237165776039,0.976879698645,0.546405983771,0.334997753507,0.9614,0.85
MC_first_order,1009,0.254583019275,0.712787926101,0.436756882792,0.683754809149,0.9655,0.8722
MC_first_order,1010,0.255956840572,0.860234727134,0.264457400014,0.87011977284,0.9696,0.8833
MC_first_order,1011,0.43846741612,0.401009950211,0.577587069156,0.522879815954,0.9678,0.8833
MC_first_order,1012,0.547948639354,0.560598919051,0.949983843804,0.742828862326,0.9532,0.8333
MC_first_order,1013,0.0923534583767,0.987860762502,0.0155125597598,0.0527357002623,0.9795,0.8889
MC_first_order,1014,0.818455591111,0.27557679988,0.0293950571783,0.176009386231,0.9766,0.9611
MC_first_order,1015,0.495231621752,0.843745100954,0.0198187154691,0.165339047662,0.9751,0.9222
MC_first_order,1016,0.0127122080658,0.0535040005392,0.31513838078,0.49097908155,0.9906,0.9667
MC_first_order,1017,0.968660053738,0.648164188334,0.854685524405,0.590771929225,0.9327,0.7611
MC_first_order,1018,0.91036716874,0.673263345649,0.239966835643,0.372320401381,0.9573,0.8389
MC_first_order,1019,0.479651262767,0.109891618896,0.924169729856,0.482883633854,0.9696,0.9111
MC_first_order,1020,0.200233058321,0.491595765597,0.805233765291,0.273403989019,0.9611,0.8667
MC_first_order,1021,0.587558292285,0.0915522025049,0.241373390369,0.187390046797,0.9845,0.9778
MC_first_order,1022,0.505454587919,0.687669449313,0.227348566137,0.68876272389,0.9737,0.9222
MC_first_order,1023,0.586041348153,0.75082614929,0.995628886165,0.33337948651,0.9325,0.7444
MC_first_order,1024,0.996387127655,0.455207028956,0.509654273293,0.177624786282,0.9596,0.8722
MC_first_order,1025,0.0849122609426,0.645407870345,0.103014862949,0.0347810991831,0.9798,0.9056
MC_first_order,1026,0.0841725024851,0.54250152431,0.195955111779,0.263328498564,0.9804,0.9167
MC_first_order,1027,0.767080549813,0.446360136031,0.147237274514,0.679414353244,0.967,0.9
MC_first_order,1028,0.994771127063,0.622050570191,0.445046378056,0.538196796168,0.9573,0.85
MC_first_order,1029,0.702727293596,0.838191363439,0.785626072653,0.248231567584,0.9342,0.75
MC_first_order,1030,0.780076509811,0.10368993773,0.128307760376,0.507490182093,0.9801,0.9833
MC_first_order,1031,0.184571188868,0.561280639864,0.283962637244,0.943414929292,0.9749,0.9167
MC_first_order,1032,0.433283954265,0.815617499749,0.944798787524,0.452541070123,0.955,0.8167
MC_first_order,1033,0.768584996536,0.492235287896,0.39936497259,0.124271291533,0.9623,0.8778
MC_first_order,1034,0.658581076356,0.921730945454,0.687810014242,0.31693316302,0.9412,0.7611
MC_first_order,1035,0.525127327721,0.356460294466,0.391293616734,0.772769431428,0.9713,0.9056
MC_first_order,1036,0.00669616305048,0.481560984999,0.511881193735,0.147076118426,0.9825,0.9222
MC_first_order,1037,0.73216555702,0.253579526254,0.403377168012,0.247831354435,0.9637,0.9167
MC_first_order,1038,0.597414266473,0.430770924051,0.683808777789,0.425166528823,0.9544,0.8389
MC_first_order,1039,0.783631245559,0.551097681479,0.105000909358,0.492068339919,0.9643,0.8833
MC_first_order,1040,0.252974582877,0.297927949049,0.94806294587,0.479940713037,0.9614,0.8833
MC_first_order,1041,0.73885080483,0.155989979008,0.629580646036,0.118274512853,0.957,0.9
MC_first_order,1042,0.221572435242,0.12742708437,0.0248041684669,0.90739502428,0.9865,0.9833
MC_first_order,1043,0.964537429083,0.367884984076,0.0126598832375,0.733972605286,0.9705,0.9222
MC_first_order,1044,0.662839607677,0.045499336334,0.766613799844,0.067499491951,0.9623,0.8944
MC_first_order,1045,0.23308061823,0.77871685851,0.767222902247,0.234110090629,0.9579,0.8389
MC_first_order,1046,0.508261539172,0.800392907632,0.603628741095,0.525190297678,0.9646,0.8833
MC_first_order,1047,0.184909688112,0.0679909122711,0.187912816461,0.524433223816,0.986,0.9833
MC_first_order,1048,0.596005868127,0.460288915167,0.636076313525,0.563972902139,0.957,0.8444
MC_first_order,1049,0.645573083152,0.411013062756,0.842030382377,0.531523737059,0.9497,0.8222
MC_first_order,1050,0.880383530258,0.985928871359,0.827815494415,0.772137886986,0.9272,0.7222
MC_first_order,1051,0.690012677799,0.552263576745,0.247602228714,0.102397412578,0.9687,0.8722
MC_first_order,1052,0.661010066327,0.248183054004,0.612371132902,0.549343745682,0.969,0.9111
MC_first_order,1053,0.607185373852,0.429272092138,0.239444391223,0.303649678097,0.9716,0.8944
MC_first_order,1054,0.696811296096,0.885743157106,0.31881080171,0.313745092648,0.9588,0.8167
MC_first_order,1055,0.447798133393,0.429206673612,0.632362126554,0.755915880362,0.9702,0.8944
MC_first_order,1056,0.767707255136,0.809053293544,0.725445692122,0.97175806319,0.9354,0.7556
MC_first_order,1057,0.448653397543,0.446680147318,0.651435198511,0.313880415322,0.9693,0.8889
MC_first_order,1058,0.829379582914,0.417833702509,0.556896036886,0.519743371226,0.9605,0.8778
MC_first_order,1059,0.364151017972,0.0105480165029,0.278256562743,0.476171467741,0.9825,0.9611
MC_first_order,1060,0.951220019057,0.137083359622,0.902856640493,0.972675525226,0.948,0.8611
MC_first_order,1061,0.791135845193,0.279492592776,0.019205411185,0.880509444735,0.9766,0.9611
MC_first_order,1062,0.0684079151125,0.298298637177,0.938838330223,0.673660744155,0.9599,0.85
MC_first_order,1063,0.823734384921,0.833657130243,0.178202151518,0.504441819366,0.9529,0.8111
MC_first_order,1064,0.0944937076845,0.378896133789,0.495805787542,0.817190488721,0.9749,0.9
MC_first_order,1065,0.289228071747,0.666425525624,0.141001987845,0.256551293783,0.9728,0.9
MC_first_order,1066,0.058600269139,0.580838520838,0.586224486359,0.712974895448,0.9719,0.8667
MC_first_order,1067,0.419741939601,0.936821351793,0.72247425518,0.568364147623,0.9535,0.8
MC_first_order,1068,0.873481221068,0.17975208552,0.292173271992,0.551467791676,0.9778,0.9722
MC_first_order,1069,0.599379851427,0.955399977923,0.679157171356,0.0465474724379,0.9433,0.7667
MC_first_order,1070,0.944294686188,0.467362986724,0.205564900257,0.762265715882,0.9661,0.8944
MC_first_order,1071,0.628204182798,0.854620446253,0.551305228973,0.255534705381,0.9518,0.7944
MC_first_order,1072,0.470460006908,0.46620092573,0.351956669626,0.580692234774,0.9757,0.9167
MC_first_order,1073,0.149205280456,0.25306466364,0.118461477674,0.0271011564131,0.9833,0.9667
MC_first_order,1074,0.525302242149,0.737545264533,0.402610255933,0.902186081857,0.9608,0.8389
MC_first_order,1075,0.608411694876,0.658438230505,0.286193547255,0.89890654378,0.9643,0.8556
MC_first_order,1076,0.347923023582,0.845148732579,0.244084508683,0.951963807889,0.9678,0.8667
MC_first_order,1077,0.683037567153,0.178413093754,0.731595524472,0.155529978136,0.9596,0.8778
MC_first_order,1078,0.385407413308,0.378531740949,0.334731737546,0.36183757516,0.9789,0.9278
MC_first_order,1079,0.160619513375,0.400173780773,0.0934355504083,0.795698827395,0.9807,0.95
MC_first_order,1080,0.353806773303,0.71216192228,0.427932232047,0.974560701899,0.9719,0.9
MC_first_order,1081,0.879535348001,0.705529335855,0.84095350109,0.913581851004,0.9292,0.7389
MC_first_order,1082,0.93032855878,0.413110801343,0.592905435403,0.0690966250581,0.9591,0.8722
MC_first_order,1083,0.364381392051,0.328006054461,0.622182595428,0.0074623299322,0.9675,0.8889
MC_first_order,1084,0.754173431459,0.0744230061395,0.422805927767,0.484988597965,0.9766,0.9778
MC_first_order,1085,0.84194509724,0.632346720105,0.147680155449,0.66641164809,0.9617,0.8667
MC_first_order,1086,0.235107121522,0.6170982134,0.413429860598,0.955874321953,0.9705,0.9
MC_first_order,1087,0.449042404016,0.271743964611,0.31009130815,0.957566636298,0.9801,0.9389
MC_first_order,1088,0.348425062921,0.242813386477,0.53505597071,0.670023774039,0.9675,0.8944
MC_first_order,1089,0.940572171739,0.0797217847698,0.329391521461,0.723024567814,0.9787,0.9778
MC_first_order,1090,0.49531344192,0.691124697876,0.674487932364,0.0923959137664,0.9652,0.8889
MC_first_order,1091,0.050267857517,0.177282924776,0.303997481116,0.182217049742,0.9854,0.9444
MC_first_order,1092,0.286887561496,0.114272314104,0.0261191329221,0.524491084777,0.9865,0.9833
MC_first_order,1093,0.757871977378,0.159490560541,0.0942052298928,0.728236954546,0.9792,0.9833
MC_first_order,1094,0.0794074947606,0.140078050466,0.490587518809,0.297124590251,0.9792,0.9278
MC_first_order,1095,0.784970786534,0.506233600441,0.523340160466,0.374139437691,0.957,0.8556
MC_first_order,1096,0.0277041471674,0.820815228187,0.389490732491,0.826995342691,0.9749,0.8667
MC_first_order,1097,0.105935451795,0.432161163749,0.539633578605,0.154666466351,0.9696,0.8778
MC_first_order,1098,0.0742632855142,0.935456252446,0.938498543671,0.999988544254,0.9503,0.7889
MC_first_order,1099,0.544385769479,0.732815580573,0.601342127832,0.477534049035,0.9608,0.8444
MC_first_order,1100,0.171826250393,0.64201073689,0.443154297759,0.678662088012,0.9705,0.9
MC_first_order,1101,0.0420015901901,0.29398614593,0.112809418114,0.762961144674,0.9877,0.9444
MC_first_order,1102,0.47909830751,0.286194885075,0.781458864476,0.520633472141,0.9696,0.9
MC_first_order,1103,0.290453987856,0.392428677287,0.0018850294182,0.0604530327137,0.9851,0.9667
MC_first_order,1104,0.0367644383451,0.961795313521,0.878420161479,0.544270187604,0.9582,0.7944
MC_first_order,1105,0.940987714,0.539412482107,0.681571639166,0.104704652563,0.9515,0.8389
MC_first_order,1106,0.436291812327,0.611081515458,0.409031324813,0.65273261743,0.9763,0.9111
MC_first_order,1107,0.34331294484,0.654824716416,0.208043804944,0.489583540629,0.9757,0.9222
MC_first_order,1108,0.427981132513,0.526114023008,0.0550622918022,0.242422824659,0.9845,0.9444
MC_first_order,1109,0.715587128875,0.166096485967,0.476471602688,0.994464656483,0.9693,0.9278
MC_first_order,1110,0.609717751525,0.733986754075,0.77082938337,0.968355512224,0.9433,0.7778
MC_first_order,1111,0.387618805324,0.395679166578,0.754826712982,0.0255050412537,0.9649,0.8722
MC_first_order,1112,0.468749457367,0.271482980994,0.556741250312,0.732627608999,0.9711,0.9056
MC_first_order,1113,0.861113407331,0.506931249913,0.69169488889,0.0791872581913,0.948,0.8278
MC_first_order,1114,0.659636177461,0.9296576143,0.615363715476,0.490264462588,0.9488,0.7833
MC_first_order,1115,0.510950968032,0.411799072445,0.179014536114,0.197305432798,0.9778,0.9444
MC_first_order,1116,0.794642221177,0.515739164923,0.0384645524904,0.615029101894,0.9643,0.8833
MC_first_order,1117,0.830638180599,0.651130727978,0.180244516384,0.951881014621,0.9599,0.8556
MC_first_order,1118,0.181960388001,0.508311190995,0.459982478699,0.165820497702,0.9713,0.9056
MC_first_order,1119,0.266866665287,0.186345248456,0.16758132217,0.0411480956059,0.9851,0.9778
MC_first_order,1120,0.645537026672,0.666368597832,0.25161380865,0.951692362634,0.9655,0.8556
MC_first_order,1121,0.423324673828,0.456391663427,0.927344107027,0.649082612566,0.962,0.8611
MC_first_order,1122,0.465831376342,0.746982773388,0.740345417018,0.308173544386,0.9611,0.85
MC_first_order,1123,0.0697499609245,0.732133903247,0.747949471218,0.600415118459,0.9594,0.8278
MC_first_order,1124,0.117004969593,0.744314486513,0.175326340156,0.797746924182,0.9766,0.8889
MC_first_order,1125,0.621844337737,0.636628052233,0.0750291793637,0.364952122635,0.9696,0.8778
MC_first_order,1126,0.732913945353,0.111208659629,0.0385873197149,0.413305879555,0.9798,0.9889
MC_first_order,1127,0.852645409754,0.629730654505,0.229949878588,0.0817332772082,0.9617,0.8667
MC_first_order,1128,0.83689334887,0.842581267543,0.701198695633,0.206869269836,0.9374,0.7611
MC_first_order,1129,0.750788617737,0.00981344903247,0.172365128527,0.320082373757,0.9819,1
MC_first_order,1130,0.956858052622,0.0355631317139,0.16081025731,0.733982728594,0.9819,0.9944
MC_first_order,1131,0.762277271138,0.267997839741,0.0762549225776,0.85389250576,0.9757,0.9611
MC_first_order,1132,0.970355311466,0.908625335431,0.566047227497,0.0850017188122,0.9456,0.7833
MC_first_order,1133,0.740126026791,0.649392676094,0.831496312078,0.759433772019,0.9333,0.7722
MC_first_order,1134,0.502758469195,0.976651713299,0.46181681314,0.446056061829,0.964,0.8722
MC_first_order,1135,0.637232512067,0.788236128799,0.587613585876,0.940937661673,0.9535,0.8056
MC_first_order,1136,0.271575171043,0.896412838215,0.878301813236,0.346185324875,0.952,0.8167
MC_first_order,1137,0.028608264755,0.6012712379,0.619741275372,0.959784624448,0.9754,0.8889
MC_first_order,1138,0.558167889289,0.724095214353,0.759477102901,0.168525345556,0.9547,0.8278
MC_first_order,1139,0.666817275511,0.438420690275,0.216188757512,0.274746507192,0.9722,0.8944
MC_first_order,1140,0.36268851098,0.73471719987,0.552064523716,0.320603705549,0.9623,0.8556
MC_first_order,1141,0.0552691141272,0.787425470856,0.753838844089,0.836318479035,0.9614,0.8111
MC_first_order,1142,0.786256416444,0.0632386777408,0.281170919216,0.462664082825,0.9795,0.9833
MC_first_order,1143,0.297006215731,0.823857000923,0.204565641512,0.0145362642346,0.9728,0.9
MC_first_order,1144,0.45115495053,0.0504942552292,0.0285841796354,0.60615747879,0.9927,1
MC_first_order,1145,0.604402017149,0.542216002867,0.0703487581746,0.560675758413,0.9696,0.8778
MC_first_order,1146,0.522884905984,0.304460176293,0.223121580154,0.155839805086,0.9798,0.9444
MC_first_order,1147,0.483182909063,0.366842616197,0.585454210571,0.67403676347,0.9702,0.9
MC_first_order,1148,0.276129664426,0.607204231879,0.258344504048,0.745651461044,0.9749,0.9167
MC_first_order,1149,0.204073316899,0.594383511735,0.73622322363,0.799404677973,0.9632,0.8722
MC_first_order,1150,0.530810062678,0.912014363438,0.986172588913,0.79247549414,0.9447,0.7889
MC_first_order,1151,0.35873808715,0.2665396657,0.626461991206,0.128369666423,0.9684,0.8944
MC_first_order,1152,0.176928899575,0.0944683154921,0.650879136855,0.3872164023,0.9763,0.9444
MC_first_order,1153,0.921488832912,0.806485167495,0.531601358147,0.340566399503,0.9474,0.7944
MC_first_order,1154,0.320485196936,0.0523479300904,0.110885742162,0.87185898664,0.986,0.9833
MC_first_order,1155,0.298080336872,0.00826025330547,0.980150821111,0.380222928213,0.9626,0.8944
MC_first_order,1156,0.774696239916,0.453113435561,0.96842609273,0.0804399348655,0.9374,0.7944
MC_first_order,1157,0.473310284743,0.647300916052,0.0244483497031,0.917342476472,0.983,0.9444
MC_first_order,1158,0.338348575648,0.677867171299,0.0789651098025,0.0784423406105,0.9754,0.9167
MC_first_order,1159,0.0864628364534,0.788722367358,0.942128096745,0.91598401794,0.952,0.8
MC_first_order,1160,0.53067498175,0.0912950209664,0.777216584403,0.50701931918,0.9655,0.9056
MC_first_order,1161,0.782465817146,0.634217131709,0.56626901676,0.170935061552,0.9544,0.8389
MC_first_order,1162,0.142910313501,0.0816352024117,0.432191792127,0.288952922234,0.9816,0.9667
MC_first_order,1163,0.95419539225,0.0488257139923,0.759208270284,0.119871751009,0.9585,0.9056
MC_first_order,1164,0.103231359077,0.922849814752,0.219636352632,0.594990205583,0.9702,0.8556
MC_first_order,1165,0.584826888265,0.399213270458,0.349998800364,0.140480947186,0.9696,0.8944
MC_first_order,1166,0.695685490535,0.371938340458,0.600856441851,0.818782163737,0.9643,0.8778
MC_first_order,1167,0.0758937305599,0.423371379275,0.352891371087,0.932148714275,0.9754,0.9
MC_first_order,1168,0.621014553612,0.196993540126,0.45846482474,0.014567261439,0.9766,0.9444
MC_first_order,1169,0.514161134933,0.0697872960265,0.137978526936,0.508322303748,0.986,0.9833
MC_first_order,1170,0.538005266975,0.212845187591,0.583341097655,0.311550754253,0.9722,0.9167
MC_first_order,1171,0.702697283843,0.0523643082486,0.84139529315,0.448868558883,0.952,0.8667
MC_first_order,1172,0.172870497403,0.290925271518,0.627910882508,0.0950018066467,0.9751,0.9333
MC_first_order,1173,0.912302907041,0.221098681513,0.410619385167,0.0725745904228,0.974,0.9556
MC_first_order,1174,0.456246846778,0.961532560076,0.186813924337,0.178251973666,0.9655,0.8444
MC_first_order,1175,0.546853506969,0.640007336661,0.143004362091,0.219150841248,0.9728,0.8944
MC_first_order,1176,0.604140223503,0.239406575249,0.027676541673,0.694533557688,0.9845,0.9722
MC_first_order,1177,0.868470887106,0.806187746683,0.855155885025,0.21263633512,0.9275,0.7278
MC_first_order,1178,0.309964684255,0.600033995221,0.615878213243,0.626086840529,0.9655,0.8778
MC_first_order,1179,0.553074970418,0.233746546506,0.238470177989,0.0846019182663,0.9825,0.9556
MC_first_order,1180,0.0574888682714,0.581175911928,0.0863165754574,0.876572185356,0.9822,0.9056
MC_first_order,1181,0.958999233538,0.146339196351,0.965967860101,0.623930436283,0.948,0.8611
MC_first_order,1182,0.00571331697307,0.383302594924,0.361043454562,0.309093510876,0.9871,0.9444
MC_first_order,1183,0.0671810421141,0.243413526418,0.0173096955192,0.448349413347,0.9936,0.9778
MC_first_order,1184,0.481670508675,0.231675704816,0.924248393386,0.885827639699,0.9661,0.8889
MC_first_order,1185,0.499580070353,0.801680382003,0.353374398612,0.752821626815,0.9693,0.9
MC_first_order,1186,0.777843833814,0.352007472078,0.740274437732,0.351345098071,0.9494,0.8444
MC_first_order,1187,0.173151931268,0.419081951881,0.113659488351,0.718074515694,0.9807,0.95
MC_first_order,1188,0.251741353257,0.497600360189,0.808728218388,0.598369982274,0.9596,0.8611
MC_first_order,1189,0.908801280853,0.725777852325,0.692585546308,0.740814529438,0.9401,0.7778
MC_first_order,1190,0.690604951048,0.918749018457,0.594572401132,0.660777277692,0.9518,0.7944
MC_first_order,1191,0.549936767343,0.533983434487,0.941261362491,0.300073983053,0.9532,0.8333
MC_first_order,1192,0.190099493132,0.501108740101,0.311664717059,0.714123475299,0.9757,0.9222
MC_first_order,1193,0.636057425261,0.00203190982005,0.208875687249,0.619157975908,0.9865,0.9889
MC_first_order,1194,0.396213937536,0.679982287593,0.469499650198,0.111361078405,0.9734,0.9
MC_first_order,1195,0.689597162533,0.973519238298,0.0918371792222,0.616091403688,0.9623,0.8278
MC_first_order,1196,0.613429858,0.612644874763,0.505404544084,0.506677346392,0.9588,0.8389
MC_first_order,1197,0.989339513269,0.872076019085,0.434663342386,0.813153884195,0.9485,0.7944
MC_first_order,1198,0.667498361114,0.805224470399,0.997938632377,0.0713743939042,0.933,0.7389
MC_first_order,1199,0.212166480997,0.232096741924,0.818595346749,0.924083804921,0.9658,0.9
MC_first_order,1200,0.226341587261,0.485462605194,0.889548682889,0.722446704067,0.9582,0.8556
MC_first_order,1201,0.586889683274,0.893329923275,0.923741784882,0.0910363574805,0.9357,0.75
MC_first_order,1202,0.965817854233,0.291361332908,0.614403449194,0.753068264473,0.9664,0.9222
MC_first_order,1203,0.293806109604,0.3063502707,0.905402490148,0.79135048519,0.9643,0.8944
MC_first_order,1204,0.976533632887,0.0937513026811,0.626378970633,0.739555770718,0.9684,0.9389
MC_first_order,1205,0.956419397278,0.725508278334,0.280144842717,0.100865229614,0.955,0.8278
MC_first_order,1206,0.173149423941,0.259009016153,0.570570503259,0.322706478609,0.976,0.9389
MC_first_order,1207,0.148589581699,0.0866791113201,0.685529451529,0.814736874492,0.9743,0.9389
MC_first_order,1208,0.123428731162,0.513666056347,0.980218613694,0.360883318501,0.9558,0.8278
MC_first_order,1209,0.534645957207,0.810775794743,0.0236701723042,0.873025935386,0.969,0.8667
MC_first_order,1210,0.774343435492,0.736248007996,0.343009227127,0.491736552938,0.955,0.8278
MC_first_order,1211,0.940549794641,0.0613520928298,0.0821910261812,0.640125356149,0.9819,0.9944
MC_first_order,1212,0.952506056833,0.149069097229,0.188488915524,0.460009724173,0.9801,0.9833
MC_first_order,1213,0.788993665865,0.563905658536,0.65978369517,0.0518429845483,0.952,0.8389
MC_first_order,1214,0.199327730237,0.585657606428,0.724588242825,0.0912947422094,0.9632,0.8722
MC_first_order,1215,0.0906155710034,0.314433583485,0.41453957503,0.333327103962,0.9757,0.9056
MC_first_order,1216,0.170210760723,0.0740630254787,0.645364940669,0.953612966982,0.9772,0.95
MC_first_order,1217,0.634091933101,0.919170968209,0.126876611371,0.615839665377,0.9611,0.8278
MC_first_order,1218,0.364878193947,0.847041865826,0.598557866017,0.613917230387,0.9579,0.8278
MC_first_order,1219,0.914502398337,0.955659700021,0.137269021784,0.437590600638,0.952,0.8056
MC_first_order,1220,0.0853584408216,0.560343801665,0.224166207127,0.698556086761,0.9789,0.9111
MC_first_order,1221,0.355501515019,0.00775879933992,0.888233442423,0.126354948541,0.9626,0.8889
MC_first_order,1222,0.26851850173,0.520147260078,0.0570901938493,0.772189249845,0.9778,0.9278
MC_first_order,1223,0.716298088366,0.117414131717,0.620779852595,0.128579430851,0.9579,0.9056
MC_first_order,1224,0.530418288168,0.0933643062088,0.281841776519,0.450275648573,0.9807,0.9611
MC_first_order,1225,0.544477197878,0.653909019023,0.926967094838,0.335223687884,0.9515,0.8222
MC_first_order,1226,0.350063595942,0.209219576714,0.737648537661,0.367278397395,0.964,0.8833
MC_first_order,1227,0.211853295779,0.192221971969,0.420607600229,0.83641634614,0.9807,0.9611
MC_first_order,1228,0.438008208693,0.813630165315,0.471466505646,0.581555022742,0.969,0.8722
MC_first_order,1229,0.255488118753,0.409338656417,0.724410222859,0.0842745059812,0.9684,0.9056
MC_first_order,1230,0.454075986224,0.252859086606,0.290788352693,0.338119127066,0.9775,0.9278
MC_first_order,1231,0.198094102322,0.576394143575,0.0404679120934,0.238189196999,0.9769,0.9222
MC_first_order,1232,0.263665882345,0.181025831097,0.834428698977,0.68642923177,0.9675,0.9111
MC_first_order,1233,0.887757271608,0.132853813735,0.187792889828,0.313407030456,0.9801,0.9833
MC_first_order,1234,0.508493061213,0.833981031016,0.834548077631,0.859930433904,0.9573,0.8556
MC_first_order,1235,0.0173581172271,0.0273363585455,0.33663924175,0.42864146327,0.9906,0.9667
MC_first_order,1236,0.00630193443224,0.350392636747,0.127835407958,0.873767387644,0.993,0.9667
MC_first_order,1237,0.210380311394,0.318632625486,0.174884800672,0.848254429815,0.9825,0.9611
MC_first_order,1238,0.112553337966,0.439563641816,0.220502382148,0.246207848905,0.9798,0.9167
MC_first_order,1239,0.99457008485,0.714260081332,0.736399201819,0.355157994234,0.9371,0.7667
MC_first_order,1240,0.97745423736,0.965246182536,0.635592391753,0.227111082733,0.9412,0.7667
MC_first_order,1241,0.0486959621618,0.544602596089,0.486444281626,0.862780982098,0.9757,0.8833
MC_first_order,1242,0.998351019839,0.816882025629,0.242151126558,0.984612062687,0.9529,0.8111
MC_first_order,1243,0.612611726604,0.0381020523011,0.207879205477,0.958669654875,0.9865,0.9889
MC_first_order,1244,0.79567821089,0.740488702799,0.66198760021,0.0231032371062,0.9436,0.7889
MC_first_order,1245,0.936766294251,0.297915796302,0.771607590815,0.539489801961,0.9509,0.8611
MC_first_order,1246,0.48821362174,0.526254295625,0.918564712312,0.835070811227,0.9602,0.8722
MC_first_order,1247,0.394410666918,0.852475145818,0.175124488162,0.349228424791,0.9722,0.8778
MC_first_order,1248,0.320845363522,0.047089813552,0.400919516637,0.00215517523918,0.9801,0.9611
MC_first_order,1249,0.968691799252,0.817650108034,0.479260035844,0.061646245223,0.9494,0.8
MC_first_order,1250,0.263083515801,0.77263363353,0.293630398014,0.0945110947394,0.9696,0.8833
MC_first_order,1251,0.427174761603,0.578188155757,0.12644262241,0.376956238042,0.9822,0.9333
MC_first_order,1252,0.556640001667,0.744765071568,0.407125990391,0.991315371315,0.9635,0.85
MC_first_order,1253,0.255747427724,0.750114206452,0.0792732223541,0.915148379371,0.9719,0.8944
MC_first_order,1254,0.544915996453,0.17315414813,0.814899538358,0.883289442927,0.9632,0.8889
MC_first_order,1255,0.12992695334,0.882394736024,0.958908892487,0.355758327973,0.9462,0.7944
MC_first_order,1256,0.790483917635,0.720285370461,0.566870105102,0.387271215678,0.9491,0.8056
MC_first_order,1257,0.31298724838,0.815912621962,0.782669247884,0.945384933268,0.9579,0.8389
MC_first_order,1258,0.068232901306,0.570051551885,0.705670493182,0.217554928022,0.9643,0.8556
MC_first_order,1259,0.0209565392642,0.893554317191,0.780810767884,0.713009899645,0.964,0.8278
MC_first_order,1260,0.332649101111,0.4382362735,0.812528802409,0.093517669442,0.9623,0.8778
MC_first_order,1261,0.72273374674,0.707268680483,0.46291044918,0.952842766925,0.9439,0.8056
MC_first_order,1262,0.631576844248,0.883822429908,0.194268965268,0.408101857096,0.9611,0.8278
MC_first_order,1263,0.292234209503,0.498398264489,0.754131559909,0.991397973701,0.964,0.8778
MC_first_order,1264,0.910329984226,0.852824993168,0.975559624451,0.733575734489,0.9243,0.7111
MC_first_order,1265,0.737156040707,0.0908836254772,0.40751407341,0.489168560154,0.9681,0.9444
MC_first_order,1266,0.105248130215,0.901542754045,0.372762464697,0.243417061043,0.9675,0.85
MC_first_order,1267,0.0818346742279,0.536949397668,0.336672979265,0.948221579766,0.9746,0.8944
MC_first_order,1268,0.634323426541,0.429951294615,0.157542060637,0.0488917237468,0.9716,0.8944
MC_first_order,1269,0.688161040365,0.612050598862,0.494953276058,0.506233619506,0.9594,0.8389
MC_first_order,1270,0.410574743618,0.90635712878,0.0554760672919,0.231298278695,0.9725,0.8722
MC_first_order,1271,0.79404137875,0.315259790484,0.331782170271,0.432142464166,0.9725,0.9389
MC_first_order,1272,0.296008896124,0.759477457925,0.0957115685868,0.555583909549,0.9737,0.9056
MC_first_order,1273,0.714403114558,0.343479101926,0.729415284438,0.354974424262,0.9471,0.8278
MC_first_order,1274,0.622694950745,0.102363208166,0.3175100771,0.56067350046,0.9795,0.9556
MC_first_order,1275,0.611430658012,0.463811104354,0.0371775432579,0.539249345502,0.9722,0.8944
MC_first_order,1276,0.865315831512,0.271693340166,0.208266470976,0.620952427278,0.9766,0.9611
MC_first_order,1277,0.232060462118,0.102049455796,0.074239827004,0.624884036859,0.9851,0.9778
MC_first_order,1278,0.881904776902,0.77145078252,0.589685638359,0.874722337224,0.9468,0.7944
MC_first_order,1279,0.848373828053,0.268499371529,0.381025486326,0.973866473072,0.9737,0.95
MC_first_order,1280,0.942507494941,0.640822003391,0.629973030532,0.342469527491,0.95,0.8222
MC_first_order,1281,0.09071333676,0.329366453462,0.230844643711,0.631871029284,0.9807,0.9222
MC_first_order,1282,0.65540726006,0.62973212643,0.911096480908,0.000662737180477,0.9433,0.7889
MC_first_order,1283,0.205893989863,0.0998248246676,0.369822540568,0.913693366782,0.9822,0.9667
MC_first_order,1284,0.467742127557,0.799266186978,0.183014563625,0.354423255826,0.9743,0.9
MC_first_order,1285,0.798782727664,0.293137537222,0.730308438579,0.599322192137,0.9547,0.8778
MC_first_order,1286,0.655535020072,0.0290551684842,0.360174089922,0.98458114655,0.9842,0.9778
MC_first_order,1287,0.375350787857,0.278557185513,0.999346835276,0.589885188778,0.9608,0.8611
MC_first_order,1288,0.696224101817,0.483769137689,0.623324903648,0.389791609735,0.957,0.8389
MC_first_order,1289,0.27485777319,0.291234120105,0.22732020805,0.694341892964,0.9833,0.9667
MC_first_order,1290,0.0877163968431,0.117097406741,0.507040206322,0.989859685202,0.9778,0.9222
MC_first_order,1291,0.781363461897,0.668827527733,0.74160728906,0.206439649808,0.9389,0.7778
MC_first_order,1292,0.510428473654,0.0175246655783,0.520087449291,0.0322399946278,0.9784,0.9667
MC_first_order,1293,0.115531664016,0.120731376431,0.345494402441,0.475241810662,0.9807,0.9333
MC_first_order,1294,0.218265373532,0.0774775373236,0.121544271762,0.949971617949,0.986,0.9833
MC_first_order,1295,0.98490543396,0.913725985285,0.13655277753,0.20172140005,0.952,0.8056
MC_first_order,1296,0.878931971229,0.0155070255959,0.148772272852,0.649012993232,0.9819,0.9944
MC_first_order,1297,0.964301919793,0.925454016922,0.844462916183,0.317598187037,0.9257,0.7167
MC_first_order,1298,0.733574446737,0.936654145501,0.899695217861,0.970689130743,0.9307,0.7556
MC_first_order,1299,0.762145620556,0.786761199328,0.70198351916,0.422886444283,0.9389,0.7722
MC_first_order,1300,0.573039889214,0.929705533689,0.571802005451,0.0254319252383,0.9526,0.8056
MC_first_order,1301,0.447412607456,0.871041675921,0.709009239779,0.482515524895,0.964,0.8556
MC_first_order,1302,0.934136118141,0.756218805061,0.224288737511,0.701462961385,0.9556,0.8278
MC_first_order,1303,0.869850463339,0.00665515990276,0.937013514968,0.431862280459,0.9497,0.8722
MC_first_order,1304,0.847991862154,0.0124146648666,0.319898118377,0.303789609718,0.9804,0.9889
MC_first_order,1305,0.217578326383,0.657723330896,0.795886157897,0.649778403656,0.9599,0.8556
MC_first_order,1306,0.90993017472,0.11389887181,0.286757944995,0.401247900356,0.9787,0.9778
MC_first_order,1307,0.792807256797,0.738201479763,0.990817569766,0.872572612307,0.9263,0.7278
MC_first_order,1308,0.530317377124,0.739513283969,0.818301862649,0.52027646231,0.9491,0.8056
MC_first_order,1309,0.67928857407,0.853485151859,0.831807668065,0.157256610522,0.9406,0.7611
MC_first_order,1310,0.0299477125853,0.707046663365,0.815813982827,0.189545267714,0.9658,0.8333
MC_first_order,1311,0.850878736512,0.756871680555,0.164374543166,0.154956161934,0.9556,0.8278
MC_first_order,1312,0.657833728003,0.623033977713,0.15991660564,0.907921239515,0.9687,0.8722
MC_first_order,1313,0.215493578426,0.833385211565,0.945634842067,0.120792064272,0.9482,0.8
MC_first_order,1314,0.700856779019,0.549714940997,0.915294931019,0.443823804293,0.9398,0.7889
MC_first_order,1315,0.412074407939,0.233152545433,0.846610509659,0.320181769262,0.9646,0.8778
MC_first_order,1316,0.911154833543,0.0344602452942,0.888707556264,0.0190582371543,0.9497,0.8722
MC_first_order,1317,0.723494840251,0.94984248327,0.321496608846,0.591059600218,0.952,0.8278
MC_first_order,1318,0.413825563341,0.0652059954195,0.839101943953,0.493659532151,0.9699,0.9111
MC_first_order,1319,0.801712359052,0.0357105915393,0.163074225686,0.229984469927,0.9819,0.9944
MC_first_order,1320,0.816335165205,0.0232875223811,0.022380728059,0.377766170452,0.9819,0.9944
MC_first_order,1321,0.386584226942,0.846449957177,0.858790525955,0.239764844624,0.9541,0.8111
MC_first_order,1322,0.742100325047,0.357299085022,0.766302529201,0.65957039329,0.945,0.8389
MC_first_order,1323,0.0702347166497,0.469749619251,0.423456122507,0.459407644416,0.974,0.8944
MC_first_order,1324,0.555324714363,0.69066157428,0.402223855076,0.519544105783,0.9643,0.8556
MC_first_order,1325,0.827329017669,0.680804583346,0.193236220169,0.137905471139,0.9564,0.8333
MC_first_order,1326,0.271560193597,0.951237305019,0.387196776303,0.879314128141,0.9658,0.8667
MC_first_order,1327,0.964754994621,0.698969251646,0.368892864584,0.745015035495,0.9535,0.8222
MC_first_order,1328,0.501924997106,0.952484000944,0.501446626379,0.636386169808,0.9629,0.8667
MC_first_order,1329,0.684683165365,0.629897168578,0.178108370751,0.568343678171,0.9687,0.8722
MC_first_order,1330,0.428285021642,0.680213113003,0.774296476662,0.2063278987,0.9632,0.8611
MC_first_order,1331,0.369812861292,0.256244529508,0.961490869243,0.490392999806,0.9646,0.8778
MC_first_order,1332,0.449942754908,0.964744261572,0.782601216697,0.858979375402,0.9608,0.8389
MC_first_order,1333,0.503121221738,0.126745838337,0.372140559976,0.0838698408663,0.9795,0.9667
MC_first_order,1334,0.400021285026,0.450922629022,0.479539486773,0.978280353073,0.9751,0.9111
MC_first_order,1335,0.532686927099,0.165843995943,0.178842661631,0.67974392801,0.9833,0.9667
MC_first_order,1336,0.515899672282,0.409629909954,0.493636272302,0.409789901257,0.969,0.8944
MC_first_order,1337,0.677810350439,0.592759594322,0.0485939696733,0.49568477674,0.9702,0.8778
MC_first_order,1338,0.250104530437,0.582592123198,0.462972013177,0.760879200214,0.969,0.8944
MC_first_order,1339,0.964512583936,0.742008914502,0.617780367664,0.507552796126,0.9462,0.7944
MC_first_order,1340,0.113141332515,0.730380903611,0.196870801636,0.379610802331,0.9751,0.8833
MC_first_order,1341,0.584030926266,0.264792948964,0.863234337661,0.546287428631,0.9512,0.8444
MC_first_order,1342,0.972701665568,0.0222846439681,0.464300934172,0.322783518948,0.9775,0.9778
MC_first_order,1343,0.57493037083,0.648102901287,0.590896423631,0.939763447325,0.957,0.8333
MC_first_order,1344,0.440814659143,0.370425086847,0.749760244997,0.55414490134,0.9696,0.8944
MC_first_order,1345,0.268869986107,0.921526268023,0.225645418042,0.0749444098869,0.9711,0.8889
MC_first_order,1346,0.538001065785,0.910524584547,0.854732786207,0.816312710895,0.9485,0.8
MC_first_order,1347,0.61067553563,0.511063491367,0.290736950276,0.164975599018,0.9646,0.8611
MC_first_order,1348,0.442949215532,0.833129430658,0.554029577902,0.981450609755,0.9649,0.8611
MC_first_order,1349,0.799911878418,0.543484712498,0.591118250571,0.417688722507,0.9556,0.85
MC_first_order,1350,0.907004175844,0.832820689325,0.178447378966,0.901749013833,0.9529,0.8111
MC_first_order,1351,0.677162621143,0.36014858303,0.744774224253,0.421456854141,0.9535,0.8389
MC_first_order,1352,0.693778827591,0.504653778183,0.630871410676,0.920928435808,0.9553,0.8278
MC_first_order,1353,0.8904792015,0.480288568461,0.387218460961,0.71497309785,0.9632,0.8833
MC_first_order,1354,0.667137526697,0.0951979423479,0.50946830754,0.279367002975,0.9751,0.9389
MC_first_order,1355,0.647986211631,0.167065602179,0.297977721674,0.252009690907,0.9816,0.9611
MC_first_order,1356,0.280429940327,0.565634762958,0.863258275184,0.641077190927,0.9573,0.85
MC_first_order,1357,0.646505493928,0.761593931719,0.390848669391,0.427949777122,0.9599,0.8278
MC_first_order,1358,0.651392453067,0.206699259646,0.753178750101,0.921034753641,0.9596,0.8778
MC_first_order,1359,0.880797063841,0.0651509884544,0.915633093736,0.223945324857,0.9488,0.8667
MC_first_order,1360,0.130149764394,0.617130670241,0.346587093854,0.179330945608,0.9743,0.9167
MC_first_order,1361,0.608036844368,0.536492789281,0.536645702691,0.511457533968,0.9588,0.8389
MC_first_order,1362,0.616708729215,0.777413159153,0.720829176745,0.705926742962,0.9433,0.7778
MC_first_order,1363,0.827452641006,0.470186191065,0.639648156404,0.112762931638,0.9544,0.85
MC_first_order,1364,0.0816619774193,0.452646866824,0.680866800861,0.234709402995,0.9667,0.8667
MC_first_order,1365,0.959491175543,0.289295625302,0.491238556662,0.468596268464,0.9722,0.9444
MC_first_order,1366,0.97081200186,0.153693209222,0.251571109932,0.634127956272,0.9801,0.9833
MC_first_order,1367,0.362221324143,0.343232888496,0.131698651775,0.917143983196,0.9836,0.95
MC_first_order,1368,0.442226121351,0.578561887483,0.2452464972,0.935750956096,0.9763,0.9111
MC_first_order,1369,0.105855708658,0.697521340631,0.0657017160582,0.531458193407,0.9795,0.9
MC_first_order,1370,0.325106570358,0.950867577145,0.438959573475,0.8390413207,0.9576,0.8222
MC_first_order,1371,0.0292976114491,0.235922556279,0.986484485782,0.36964882329,0.9675,0.8722
MC_first_order,1372,0.0383012768125,0.259528183785,0.362740618988,0.527444339125,0.9827,0.9278
MC_first_order,1373,0.381692113008,0.304746128717,0.474428727318,0.469081811978,0.976,0.9167
MC_first_order,1374,0.183001498505,0.518104010214,0.576833389128,0.573542782248,0.9699,0.9
MC_first_order,1375,0.740015783343,0.45310730566,0.21297935133,0.942972093382,0.964,0.9
MC_first_order,1376,0.1178470804,0.303719616143,0.416922821931,0.412704193396,0.9766,0.9111
MC_first_order,1377,0.210852464001,0.860772442709,0.302587851664,0.547023527767,0.9687,0.8778
MC_first_order,1378,0.609271258114,0.130524129183,0.431184993732,0.132728121937,0.9766,0.9444
MC_first_order,1379,0.542349141773,0.730253707497,0.854171111621,0.939442722729,0.9503,0.8111
MC_first_order,1380,0.113322041496,0.458762668289,0.666329028228,0.374059606986,0.9667,0.8667
MC_first_order,1381,0.94427945802,0.494454810773,0.869446921199,0.0671289601575,0.9365,0.7889
MC_first_order,1382,0.388687609605,0.696447932721,0.837632499869,0.495230464371,0.9594,0.8444
MC_first_order,1383,0.858471485052,0.759877124065,0.413234927709,0.708521132871,0.9512,0.8111
MC_first_order,1384,0.516337295811,0.112657132448,0.899470869054,0.844365164734,0.9594,0.8778
MC_first_order,1385,0.892105019854,0.235135050421,0.776923831868,0.0385135283251,0.9535,0.8778
MC_first_order,1386,0.499825812429,0.302509381973,0.505363739406,0.382955531954,0.9716,0.9222
MC_first_order,1387,0.549981721507,0.433795792958,0.758963780162,0.657841755003,0.9599,0.8611
MC_first_order,1388,0.277855257173,0.198267902901,0.237702024907,0.326491779874,0.9851,0.9778
MC_first_order,1389,0.424797037745,0.504173682022,0.764961261552,0.982275707621,0.964,0.8667
MC_first_order,1390,0.261212187435,0.295058514104,0.518341233982,0.00688075219768,0.9746,0.9333
MC_first_order,1391,0.63498992148,0.037634502912,0.593982722287,0.587000616885,0.9749,0.9444
MC_first_order,1392,0.382825601615,0.990626753416,0.312181318945,0.0172568604783,0.9658,0.8444
MC_first_order,1393,0.106889822023,0.240377942993,0.737806185732,0.73941750876,0.9673,0.8778
MC_first_order,1394,0.353824128308,0.883131275697,0.163013160883,0.228546990914,0.9675,0.8611
MC_first_order,1395,0.571134900562,0.532830344871,0.790435907652,0.308775779273,0.9515,0.8222
MC_first_order,1396,0.901700814496,0.631883073535,0.689439756619,0.574351226382,0.9453,0.8111
MC_first_order,1397,0.211651157393,0.56341245234,0.942925683037,0.0150233703588,0.9544,0.8389
MC_first_order,1398,0.330282220802,0.308166181694,0.254881031768,0.771426854039,0.9787,0.9444
MC_first_order,1399,0.648342908798,0.134450037809,0.704563528384,0.87844996027,0.9596,0.8778
MC_first_order,1400,0.0653399388308,0.0189288164193,0.601578227499,0.880976104862,0.9757,0.9167
MC_first_order,1401,0.550252111889,0.506024887592,0.406673626994,0.566623581699,0.9678,0.8778
MC_first_order,1402,0.912350211226,0.597623346192,0.746092161127,0.465748599517,0.9442,0.8111
MC_first_order,1403,0.883523079296,0.769095114513,0.508740741851,0.301696055384,0.9482,0.8
MC_first_order,1404,0.300478151257,0.978992385059,0.639686187158,0.0710922491296,0.9608,0.85
MC_first_order,1405,0.520657412419,0.427352294356,0.598735842372,0.283400767448,0.9652,0.8778
MC_first_order,1406,0.904575924143,0.482641435058,0.828414858986,0.259717698631,0.9395,0.8
MC_first_order,1407,0.887606075966,0.546256265561,0.545327084781,0.434552547009,0.957,0.8556
MC_first_order,1408,0.942188039795,0.562626150916,0.53453066045,0.363420773203,0.957,0.8556
MC_first_order,1409,0.457471087705,0.270152888272,0.44488269013,0.263533955529,0.9728,0.9056
MC_first_order,1410,0.0769594033295,0.365226080086,0.0272831678204,0.664012084786,0.9909,0.9611
MC_first_order,1411,0.0949295505339,0.905137660339,0.317011571341,0.271492545634,0.9681,0.85
MC_first_order,1412,0.549637457451,0.291687811079,0.723716870192,0.304083127384,0.9649,0.8889
MC_first_order,1413,0.921143111079,0.0417644473432,0.0565489293007,0.882458427431,0.9819,0.9944
MC_first_order,1414,0.688376510402,0.263440324243,0.642811527673,0.360330212957,0.9675,0.9056
MC_first_order,1415,0.508250788751,0.274848777994,0.539982887566,0.64871864929,0.9708,0.9222
MC_first_order,1416,0.846196011237,0.256160710379,0.569952861111,0.567131535903,0.9702,0.9389
MC_first_order,1417,0.874041125703,0.480117608656,0.864508211081,0.924775380842,0.9365,0.7889
MC_first_order,1418,0.40825183018,0.405887750159,0.968988556686,0.579565165961,0.962,0.8611
MC_first_order,1419,0.530740287991,0.77765223233,0.604451339138,0.518263718232,0.9582,0.8333
MC_first_order,1420,0.657990009125,0.261724248682,0.37792537907,0.00867493450552,0.9784,0.9444
MC_first_order,1421,0.720666752614,0.823839433048,0.73606146616,0.97157800028,0.9327,0.7611
MC_first_order,1422,0.755600420523,0.107168195832,0.32138844691,0.921935072623,0.9787,0.9833
MC_first_order,1423,0.107483769973,0.877961694736,0.796766236098,0.147439923613,0.9538,0.8
MC_first_order,1424,0.20951885524,0.731740636753,0.653091351921,0.0299295029575,0.9632,0.8611
MC_first_order,1425,0.529662819315,0.188608302218,0.858516151642,0.535849142716,0.9576,0.8667
MC_first_order,1426,0.01324363018,0.395483329794,0.0103534962476,0.906018365691,0.993,0.9667
MC_first_order,1427,0.887270719277,0.718085118355,0.00231886361007,0.938029792429,0.9579,0.8389
MC_first_order,1428,0.263968498989,0.650685020666,0.76350107142,0.558935619502,0.9614,0.8611
MC_first_order,1429,0.115888630719,0.245608528576,0.730830824484,0.123725748048,0.9673,0.8778
MC_first_order,1430,0.37635513288,0.932091439786,0.408976479514,0.152467694784,0.9667,0.85
MC_first_order,1431,0.650218379681,0.34938744832,0.789732912159,0.365211690343,0.9535,0.8389
MC_first_order,1432,0.828922487635,0.825519751602,0.178132313839,0.546762302804,0.9529,0.8111
MC_first_order,1433,0.445601691484,0.12288200979,0.912643910307,0.341961805203,0.9728,0.9222
MC_first_order,1434,0.611635987401,0.0603384692401,0.950662353137,0.980383439284,0.9544,0.8667
MC_first_order,1435,0.684062345147,0.130603859674,0.662911192833,0.468758668804,0.9655,0.9
MC_first_order,1436,0.473327491152,0.218349219873,0.151740224163,0.844886212688,0.9836,0.9556
MC_first_order,1437,0.604123163092,0.746814702285,0.739103918896,0.401375290404,0.9433,0.7778
MC_first_order,1438,0.549835188378,0.30287269352,0.65499350814,0.430787055739,0.9693,0.9056
MC_first_order,1439,0.784045277649,0.291752684293,0.381562071043,0.0820404356953,0.9737,0.95
MC_first_order,1440,0.0390325606015,0.214570555177,0.0168390409194,0.424263231342,0.9924,0.9667
MC_first_order,1441,0.379433542903,0.882083569779,0.0426544980032,0.985049564037,0.974,0.8778
MC_first_order,1442,0.0949876061584,0.830207482408,0.358137483434,0.245719135948,0.9684,0.8556
MC_first_order,1443,0.61061908577,0.355871608468,0.0161769514975,0.130569673093,0.9781,0.9278
MC_first_order,1444,0.679104577823,0.719663900675,0.993470587585,0.253057297007,0.9348,0.75
MC_first_order,1445,0.769223864238,0.342669381378,0.515816120684,0.278481557745,0.9649,0.9056
MC_first_order,1446,0.411665012943,0.914165503209,0.251717516803,0.424320722098,0.9675,0.8556
MC_first_order,1447,0.908455451772,0.451784068957,0.81298225297,0.534166399406,0.9404,0.8056
MC_first_order,1448,0.349772344642,0.720280119963,0.65292065446,0.380512812482,0.9623,0.8611
MC_first_order,1449,0.997947547545,0.0917412933631,0.849701930676,0.720940172598,0.9494,0.8667
MC_first_order,1450,0.709857615138,0.473679858503,0.748828223988,0.0440412669095,0.9436,0.8056
MC_first_order,1451,0.670266331215,0.865776981631,0.408124265793,0.740516971848,0.9573,0.8111
MC_first_order,1452,0.695687258313,0.501758083936,0.770175906442,0.484302485938,0.95,0.8167
MC_first_order,1453,0.12028964617,0.522930140868,0.753135126725,0.164305157284,0.9623,0.85
MC_first_order,1454,0.461599119766,0.834745025163,0.013267541853,0.86309795514,0.976,0.9
MC_first_order,1455,0.351076340925,0.363177154772,0.69874874934,0.573516634535,0.9652,0.8833
MC_first_order,1456,0.287747321351,0.155728965217,0.420704035274,0.889684363977,0.9792,0.9556
MC_first_order,1457,0.994825162209,0.717856324624,0.696096786225,0.687205747902,0.9401,0.7778
MC_first_order,1458,0.913972910074,0.160882958599,0.144898430668,0.843676127114,0.9801,0.9833
MC_first_order,1459,0.0197634608299,0.522925987322,0.402846872206,0.918306586426,0.9854,0.9333
MC_first_order,1460,0.624852046225,0.225137475891,0.06451255918,0.472475987983,0.9845,0.9722
MC_first_order,1461,0.551861373284,0.467285962743,0.5812312459,0.0617393555016,0.9661,0.8778
MC_first_order,1462,0.35948441512,0.829879580762,0.288939650181,0.18845592473,0.9675,0.8667
MC_first_order,1463,0.17855231736,0.938524338459,0.869282023814,0.405104404648,0.9503,0.8056
MC_first_order,1464,0.329500934806,0.36813256903,0.882443508402,0.908676779876,0.9611,0.8778
MC_first_order,1465,0.95232054469,0.856377539979,0.679954493325,0.116895853149,0.9401,0.7667
MC_first_order,1466,0.942189793204,0.167370258801,0.739221369888,0.357128982403,0.9582,0.9
MC_first_order,1467,0.036619304163,0.658061971139,0.254880704874,0.887909928419,0.9722,0.8611
MC_first_order,1468,0.180727500464,0.667580744268,0.436560944119,0.0474638558976,0.9678,0.8833
MC_first_order,1469,0.281840165984,0.309360139232,0.774933828498,0.771458843914,0.9702,0.9167
MC_first_order,1470,0.935480364128,0.165703417676,0.211253665224,0.373446454261,0.9801,0.9833
MC_first_order,1471,0.320333650274,0.206205747138,0.752562832245,0.00552085201134,0.9725,0.9278
MC_first_order,1472,0.537129883338,0.133066250849,0.313457926345,0.291962785865,0.9816,0.9611
MC_first_order,1473,0.462494538105,0.939026740725,0.736280487199,0.429646056892,0.9541,0.8056
MC_first_order,1474,0.989800645891,0.253526355049,0.188277543775,0.636177164624,0.9775,0.9667
MC_first_order,1475,0.770053761331,0.724043224069,0.507074450706,0.722798824123,0.9506,0.8111
MC_first_order,1476,0.332776751558,0.948347618161,0.740466808944,0.800877301443,0.9532,0.8056
MC_first_order,1477,0.539860015303,0.918117278195,0.469544698024,0.951078127242,0.9611,0.8389
MC_first_order,1478,0.44344682872,0.950944197151,0.31766566493,0.516173876595,0.9696,0.8722
MC_first_order,1479,0.560402896314,0.54981366809,0.843300937609,0.847690857209,0.9547,0.8389
MC_first_order,1480,0.181769890737,0.705872455167,0.525764923819,0.404453202246,0.9664,0.8778
MC_first_order,1481,0.115855610841,0.909462927055,0.988878971471,0.724308065961,0.9474,0.7778
MC_first_order,1482,0.571046554156,0.0827569017754,0.321012797187,0.329074802957,0.9833,0.9722
MC_first_order,1483,0.0865447598432,0.375086384026,0.366507549563,0.413014243058,0.9763,0.9056
MC_first_order,1484,0.068881378694,0.13210853965,0.951464285539,0.55462762992,0.9617,0.8611
MC_first_order,1485,0.232827689012,0.449334849653,0.363090435712,0.48535053471,0.9763,0.9333
MC_first_order,1486,0.177175632131,0.744479240676,0.932910369673,0.628268201274,0.95,0.8111
MC_first_order,1487,0.959564497718,0.814842568081,0.53718093818,0.52207058554,0.9465,0.7889
MC_first_order,1488,0.690849982247,0.367319431609,0.0763221963349,0.452081113409,0.9772,0.9222
MC_first_order,1489,0.816921398191,0.674759031558,0.0399236317481,0.826323916751,0.9573,0.8389
MC_first_order,1490,0.0468986140455,0.518741960703,0.17739812568,0.300121457354,0.9787,0.8944
MC_first_order,1491,0.231016702944,0.615160505235,0.710790397329,0.884322816546,0.9632,0.8722
MC_first_order,1492,0.505845436595,0.0601588038602,0.0380270262611,0.0851648087984,0.9871,1
MC_first_order,1493,0.128043026512,0.175831558584,0.296146398116,0.150269822684,0.9801,0.9611
MC_first_order,1494,0.850609879657,0.35950998407,0.479464732648,0.784525499901,0.9661,0.9056
MC_first_order,1495,0.180557494014,0.501114909269,0.0411601121523,0.484824418102,0.9778,0.9278
MC_first_order,1496,0.928248329853,0.566821429019,0.30230097853,0.633407363717,0.9629,0.8778
MC_first_order,1497,0.502027725889,0.497825010655,0.636389480504,0.711216484165,0.9661,0.8944
MC_first_order,1498,0.890441718682,0.97681152549,0.961391587938,0.810411025202,0.9243,0.7111
MC_first_order,1499,0.682674191545,0.799822041382,0.194087126605,0.197638231119,0.9635,0.8389
MC_first_order,1500,0.842812576064,0.435615253002,0.0206111511296,0.744951660273,0.967,0.9
MC_first_order,1501,0.134090715798,0.272312258421,0.921254758756,0.189604960933,0.962,0.8833
MC_first_order,1502,0.826699292726,0.266675923567,0.79381973545,0.381277496659,0.9503,0.8611
MC_first_order,1503,0.562143172001,0.683736588666,0.717773873538,0.207399623117,0.9561,0.8333
MC_first_order,1504,0.671146417884,0.166131631653,0.244729293118,0.778206344508,0.9845,0.9722
MC_first_order,1505,0.152822462407,0.413995243125,0.113925333293,0.582449367602,0.9807,0.95
MC_first_order,1506,0.175425946181,0.361096465579,0.978787687851,0.445391472315,0.9591,0.8722
MC_first_order,1507,0.500908036614,0.0322677687246,0.262702460767,0.105983625847,0.9816,0.9778
MC_first_order,1508,0.619754021756,0.154158182626,0.176992401768,0.14319427533,0.9839,0.9722
MC_first_order,1509,0.740538164175,0.652202679108,0.292093750775,0.314605056441,0.9556,0.85
MC_first_order,1510,0.276244643228,0.547711220421,0.569629661581,0.132641672333,0.9675,0.8889
MC_first_order,1511,0.153385972595,0.626489910479,0.279872702472,0.665741376085,0.9749,0.9167
MC_first_order,1512,0.175634666179,0.0981144038651,0.0698799819114,0.857291589743,0.9865,0.9833
MC_first_order,1513,0.536633113017,0.0194773923398,0.356119290772,0.631503924536,0.9833,0.9722
MC_first_order,1514,0.218736268809,0.831859582502,0.00497724757477,0.525822496333,0.9731,0.8944
MC_first_order,1515,0.574667752088,0.18854471716,0.987071081962,0.546116895166,0.9447,0.8222
MC_first_order,1516,0.130810835262,0.755033657478,0.0281904479873,0.681954718608,0.9719,0.8944
MC_first_order,1517,0.834828044722,0.638709886217,0.023044795243,0.0639275117546,0.9617,0.8667
MC_first_order,1518,0.830186810538,0.846864195551,0.269635868654,0.928228815843,0.9523,0.8111
MC_first_order,1519,0.813503117855,0.107056335244,0.885179295625,0.0137551621576,0.948,0.8611
MC_first_order,1520,0.32450738025,0.209003388295,0.21017160126,0.499819816613,0.9819,0.9611
MC_first_order,1521,0.045871365112,0.965646967634,0.210293600855,0.682145629183,0.9667,0.8222
MC_first_order,1522,0.351740224169,0.917382650802,0.560498759866,0.496132604228,0.9544,0.8111
MC_first_order,1523,0.760455139635,0.562081521045,0.450750549709,0.173348362482,0.9591,0.8667
MC_first_order,1524,0.799691244846,0.62850886397,0.463682250166,0.98835019477,0.9573,0.85
MC_first_order,1525,0.464360383273,0.741396784617,0.163619115232,0.359538315317,0.9728,0.8944
MC_first_order,1526,0.630838131714,0.258610468121,0.996246617528,0.990481160636,0.9465,0.8278
MC_first_order,1527,0.645147874463,0.71903229399,0.271175209398,0.772163614037,0.9637,0.8444
MC_first_order,1528,0.860611921191,0.459056486682,0.565464057289,0.654414261875,0.9588,0.8667
MC_first_order,1529,0.249036476986,0.0458804838914,0.182208685918,0.525321774203,0.986,0.9833
MC_first_order,1530,0.636783776063,0.855806841763,0.26779463015,0.167763913834,0.9602,0.8222
MC_first_order,1531,0.419553774458,0.163547761649,0.258885396121,0.489026154833,0.9825,0.95
MC_first_order,1532,0.68484660337,0.105511236455,0.173775039844,0.471124494163,0.9845,0.9722
MC_first_order,1533,0.521076730413,0.17593008337,0.660182703461,0.564606875305,0.9708,0.9167
MC_first_order,1534,0.963030194478,0.953959381923,0.627636505985,0.0884627012479,0.9412,0.7667
MC_first_order,1535,0.522082120127,0.271288885634,0.278767159928,0.0757418942848,0.9754,0.9278
MC_first_order,1536,0.691140131692,0.6564588709,0.27472210458,0.230715707371,0.9664,0.8611
MC_first_order,1537,0.992445498447,0.552739707294,0.697278953847,0.245883414665,0.948,0.8278
MC_first_order,1538,0.942323381131,0.718604624664,0.508942835993,0.111946525984,0.9491,0.8056
MC_first_order,1539,0.436509798708,0.0248156830163,0.210115312994,0.781693340864,0.9874,0.9778
MC_first_order,1540,0.111197116008,0.205426388174,0.341504700063,0.967696320636,0.9798,0.9278
MC_first_order,1541,0.16453385345,0.416234748434,0.532513252778,0.0455812179004,0.9734,0.9222
MC_first_order,1542,0.563074349843,0.0700079979651,0.319663027159,0.322445435321,0.9833,0.9722
MC_first_order,1543,0.997095429119,0.43803478008,0.299179496323,0.329258539848,0.9655,0.8944
MC_first_order,1544,0.300110991436,0.16200656771,0.31599331975,0.691609564976,0.9822,0.9667
MC_first_order,1545,0.352569605624,0.229399254696,0.0383458601769,0.787555586793,0.9836,0.9556
MC_first_order,1546,0.298242088601,0.270613530777,0.848050766259,0.969155719451,0.9643,0.8944
MC_first_order,1547,0.550583453825,0.0693347800191,0.836037647524,0.762792989653,0.9658,0.9056
MC_first_order,1548,0.0173748000505,0.28773449753,0.835039059249,0.475749507259,0.9734,0.8944
MC_first_order,1549,0.176557281881,0.984892782648,0.212246154807,0.180453057521,0.9684,0.8722
MC_first_order,1550,0.694416539889,0.986857879534,0.707148706184,0.0198175034847,0.9395,0.75
MC_first_order,1551,0.0203731986669,0.214503546384,0.664974972728,0.959260112838,0.9807,0.9222
MC_first_order,1552,0.115470586857,0.668392886641,0.675142610726,0.0294862151567,0.9623,0.8389
MC_first_order,1553,0.902745005849,0.313483212946,0.374335389974,0.792387237157,0.9711,0.9333
MC_first_order,1554,0.543264729423,0.626141962772,0.0577341913074,0.622357701545,0.9743,0.9
MC_first_order,1555,0.149233365976,0.823894917929,0.774197186923,0.648925081856,0.957,0.8333
MC_first_order,1556,0.644989816246,0.976392664084,0.82925224431,0.716042412487,0.9398,0.7556
MC_first_order,1557,0.359956664622,0.0125388984823,0.999957204681,0.0640896091417,0.9605,0.8778
MC_first_order,1558,0.0431057874962,0.594877252964,0.992295654217,0.44524567752,0.9626,0.8333
MC_first_order,1559,0.209168314818,0.0191698296822,0.161317229754,0.36248755646,0.986,0.9833
MC_first_order,1560,0.348899163891,0.269004388272,0.878833822842,0.99935470508,0.9564,0.85
MC_first_order,1561,0.97842571089,0.196117160742,0.697078027909,0.163986370796,0.9602,0.9056
MC_first_order,1562,0.46220903118,0.500330776624,0.315245814948,0.784032645232,0.9725,0.9
MC_first_order,1563,0.219612408169,0.802679357553,0.765993452572,0.629022378149,0.9579,0.8389
MC_first_order,1564,0.0761433906182,0.121458545459,0.806203123291,0.958608349973,0.9646,0.8722
MC_first_order,1565,0.239464464447,0.666497909657,0.757903608246,0.868965963938,0.9596,0.85
MC_first_order,1566,0.136095229564,0.204864259522,0.062810546784,0.693146958177,0.9848,0.9722
MC_first_order,1567,0.358110996674,0.698026144529,0.164770465283,0.638368900296,0.9772,0.9167
MC_first_order,1568,0.272664404695,0.43844991724,0.590210779344,0.95062313364,0.9728,0.9222
MC_first_order,1569,0.191483500805,0.783004267758,0.0503258979248,0.177020688489,0.9716,0.8889
MC_first_order,1570,0.696760484775,0.0830635342378,0.841023277298,0.888634169607,0.9585,0.8778
MC_first_order,1571,0.219399068652,0.70674538256,0.648967903718,0.977725980707,0.9626,0.8611
MC_first_order,1572,0.495400904838,0.368080498534,0.878298726729,0.266950272323,0.9629,0.8889
MC_first_order,1573,0.913316594174,0.362394886627,0.407252823915,0.835514850909,0.9661,0.9056
MC_first_order,1574,0.756629789123,0.184264591325,0.658839950972,0.988608300738,0.9667,0.9333
MC_first_order,1575,0.400175238056,0.557916792395,0.656006838753,0.719813301031,0.9661,0.8722
MC_first_order,1576,0.390530009181,0.380593550529,0.177029036555,0.626036406908,0.9819,0.9389
MC_first_order,1577,0.330125901599,0.786625647793,0.0440401883494,0.759434065339,0.9693,0.8778
MC_first_order,1578,0.160325693825,0.86865261076,0.822871988957,0.356181177597,0.9526,0.8167
MC_first_order,1579,0.0992463468048,0.210477440661,0.207725453315,0.97871251411,0.9857,0.95
MC_first_order,1580,0.806488368607,0.0238627557047,0.00862212423757,0.559027624132,0.9819,0.9944
MC_first_order,1581,0.454558525153,0.552383280907,0.841228804466,0.837520689952,0.9599,0.85
MC_first_order,1582,0.134801210926,0.968664863201,0.459042435941,0.470065242821,0.9626,0.85
MC_first_order,1583,0.151078058252,0.238805044836,0.186232831179,0.280796617582,0.9833,0.9667
MC_first_order,1584,0.544175466341,0.257882690766,0.26924061423,0.110611886986,0.9772,0.9333
MC_first_order,1585,0.0692210550574,0.910880670607,0.438499682713,0.452242948967,0.9661,0.8444
MC_first_order,1586,0.13085378284,0.983789456681,0.0127029969467,0.784372689641,0.9708,0.8833
MC_first_order,1587,0.0434053710078,0.288331221043,0.486098567708,0.455339604009,0.9819,0.9222
MC_first_order,1588,0.704275656789,0.570284823329,0.701745591124,0.0668120309221,0.9433,0.8
MC_first_order,1589,0.29318729918,0.274365632303,0.481426203238,0.418937592926,0.976,0.9389
MC_first_order,1590,0.107968691702,0.128546125312,0.0607862140319,0.054839973464,0.9924,0.9778
MC_first_order,1591,0.647116403499,0.963775200417,0.593543167075,0.197630090492,0.9509,0.7889
MC_first_order,1592,0.610834781051,0.495061273046,0.283166345145,0.803991499759,0.967,0.8722
MC_first_order,1593,0.262906453022,0.305961686748,0.0454906795374,0.242038210298,0.9839,0.9667
MC_first_order,1594,0.922597203879,0.479237848068,0.729080454025,0.489894473882,0.9459,0.8222
MC_first_order,1595,0.265412502971,0.354562848885,0.509125716208,0.308457594568,0.9746,0.9333
MC_first_order,1596,0.515158644789,0.0250049810901,0.387479223825,0.115449258017,0.981,0.9667
MC_first_order,1597,0.478477532933,0.530336559653,0.911006224205,0.872548818003,0.9626,0.8667
MC_first_order,1598,0.893427117262,0.444877917321,0.294909274673,0.847463194355,0.9655,0.8944
MC_first_order,1599,0.119083576868,0.37964891781,0.0617656246382,0.812699965253,0.9865,0.9444
MC_first_order,1600,0.745137707193,0.926287003534,0.185852694116,0.83658371995,0.9544,0.8389
MC_first_order,1601,0.697333050847,0.544710368544,0.443538726166,0.805535703464,0.9637,0.8556
MC_first_order,1602,0.472741917707,0.946038423219,0.925310981269,0.367369407109,0.9529,0.8056
MC_first_order,1603,0.538701898245,0.42963463941,0.901376558041,0.853980196127,0.955,0.8444
MC_first_order,1604,0.400633395317,0.367676805498,0.317239502355,0.664325752218,0.9789,0.9278
MC_first_order,1605,0.665203182353,0.620861527702,0.521154526439,0.671564406947,0.9594,0.8389
MC_first_order,1606,0.00607095935752,0.478444425572,0.69349460591,0.729556302296,0.9766,0.9
MC_first_order,1607,0.814908830828,0.225637625948,0.926529898381,0.969034988445,0.9462,0.85
MC_first_order,1608,0.620503791076,0.820832460835,0.196914540543,0.187850432954,0.962,0.8333
MC_first_order,1609,0.217450866983,0.533660756586,0.893328785186,0.350076811805,0.9573,0.85
MC_first_order,1610,0.933359252727,0.830671553037,0.0443721813955,0.0294856227792,0.9529,0.8111
MC_first_order,1611,0.997913492514,0.499876735795,0.778842510941,0.861526082603,0.9421,0.8056
MC_first_order,1612,0.303742695956,0.0152118346711,0.866630411754,0.931472762631,0.9626,0.8889
MC_first_order,1613,0.399313219306,0.660884537276,0.01157474892,0.939498071625,0.9836,0.9389
MC_first_order,1614,0.611322962344,0.977769867158,0.688508345774,0.35949604266,0.9398,0.7556
MC_first_order,1615,0.179421845169,0.514372924827,0.864550811036,0.53414876108,0.9582,0.8556
MC_first_order,1616,0.539143945637,0.219946969445,0.147071237496,0.238160836441,0.9825,0.9556
MC_first_order,1617,0.304151904605,0.471878599989,0.941995899467,0.271545094651,0.9556,0.8444
MC_first_order,1618,0.228264101853,0.74077368749,0.937931631174,0.235693784945,0.95,0.8111
MC_first_order,1619,0.298675538615,0.414607680092,0.0607725002164,0.0927734608304,0.983,0.9611
MC_first_order,1620,0.551537514065,0.24587941917,0.233453970588,0.805481986807,0.9816,0.95
MC_first_order,1621,0.481712796049,0.564065926731,0.656001424767,0.74251846061,0.9684,0.8889
MC_first_order,1622,0.921068364961,0.970219930283,0.112068833133,0.740397124776,0.952,0.8056
MC_first_order,1623,0.0249042264555,0.119231363968,0.256015528396,0.129488232186,0.9947,0.9778
MC_first_order,1624,0.152363434434,0.233386504309,0.812355848617,0.786572799652,0.9658,0.9
MC_first_order,1625,0.501436979832,0.549805562361,0.7477615781,0.590806056127,0.9632,0.8833
MC_first_order,1626,0.0771252351936,0.459691519492,0.202734323966,0.470741722056,0.9813,0.9222
MC_first_order,1627,0.977602621197,0.196934173098,0.322614444148,0.581854424422,0.9778,0.9722
MC_first_order,1628,0.659206140337,0.305622215348,0.394868297626,0.498601157072,0.9749,0.9222
MC_first_order,1629,0.929744687559,0.049631460073,0.89027322584,0.557074950467,0.9497,0.8722
MC_first_order,1630,0.916253213866,0.390346946607,0.65033683943,0.0232708638718,0.957,0.8667
MC_first_order,1631,0.222432100704,0.648857752612,0.32951053333,0.517852048481,0.9716,0.9
MC_first_order,1632,0.982926006535,0.560394764413,0.669085847713,0.56421598763,0.9515,0.8389
MC_first_order,1633,0.25229571006,0.985960678884,0.380232985224,0.0238237631311,0.9658,0.8667
MC_first_order,1634,0.425220094616,0.414606007238,0.206127174099,0.427745628415,0.9795,0.9278
MC_first_order,1635,0.072682657,0.940953384962,0.52082457357,0.286589812922,0.9646,0.8389
MC_first_order,1636,0.547900393921,0.591379470732,0.389210704191,0.809371821569,0.9678,0.8778
MC_first_order,1637,0.455299026257,0.922801159454,0.766368727768,0.692703407963,0.9541,0.8056
MC_first_order,1638,0.162654241498,0.704024276179,0.979443989292,0.81318404405,0.9503,0.8167
MC_first_order,1639,0.0438381304621,0.283584678194,0.0019336839869,0.66498776089,0.9906,0.9556
MC_first_order,1640,0.886433335664,0.686456545123,0.663836579063,0.542261808139,0.9436,0.7889
MC_first_order,1641,0.730127314067,0.546681879644,0.799068748544,0.155878067277,0.936,0.7889
MC_first_order,1642,0.470562157659,0.629198799005,0.0686326507416,0.562359851154,0.9816,0.9389
MC_first_order,1643,0.915317928288,0.0874628712352,0.734114034515,0.718879922347,0.9582,0.9
MC_first_order,1644,0.889729870252,0.966383907472,0.637404352121,0.597543681678,0.9412,0.7667
MC_first_order,1645,0.474502874347,0.440082335096,0.601800128962,0.337817878962,0.9693,0.8944
MC_first_order,1646,0.798578697874,0.54645033329,0.434887933067,0.515203269897,0.9599,0.8667
MC_first_order,1647,0.709065993604,0.836148269592,0.815024647974,0.70898761339,0.9336,0.75
MC_first_order,1648,0.244348561034,0.000317737814827,0.120693086495,0.08427493401,0.986,0.9833
MC_first_order,1649,0.507085928817,0.0771753185015,0.47331277597,0.755989538416,0.9798,0.9722
MC_first_order,1650,0.440454945915,0.87332727306,0.359643174749,0.484667401685,0.9713,0.8833
MC_first_order,1651,0.264916244285,0.130813483348,0.57776400229,0.123915627077,0.9763,0.9444
MC_first_order,1652,0.147742750512,0.29015103694,0.728124351164,0.978830011936,0.9693,0.9111
MC_first_order,1653,0.217188777404,0.240712907064,0.969614109819,0.58055938688,0.9608,0.8833
MC_first_order,1654,0.796606712149,0.999162058526,0.659623655372,0.247363133139,0.9406,0.7667
MC_first_order,1655,0.981792011616,0.892446979842,0.00287076901361,0.967903627751,0.9535,0.8111
MC_first_order,1656,0.648441503973,0.232043855345,0.474253888279,0.301522595153,0.9749,0.9333
MC_first_order,1657,0.77484869855,0.399856718982,0.0857863605046,0.889310208288,0.9687,0.9111
MC_first_order,1658,0.331083979327,0.174093753912,0.699624602974,0.13027062006,0.9763,0.9444
MC_first_order,1659,0.605121811003,0.44451158534,0.121440667769,0.954826363594,0.9716,0.8944
MC_first_order,1660,0.693348784448,0.0558218750176,0.899609018622,0.644959790035,0.9564,0.8722
MC_first_order,1661,0.822762103447,0.771941935833,0.170168238373,0.314110480635,0.9547,0.8222
MC_first_order,1662,0.172360684873,0.811117074362,0.947406548292,0.573441164619,0.9491,0.8056
MC_first_order,1663,0.665946994069,0.976434122697,0.520870784262,0.440715724668,0.9515,0.7889
MC_first_order,1664,0.280939001742,0.986000827502,0.122158237725,0.19027484463,0.9702,0.8833
MC_first_order,1665,0.851119182313,0.0269361588338,0.198166099443,0.528877613163,0.9819,0.9944
MC_first_order,1666,0.236662476747,0.384598633696,0.0253428261557,0.668665023685,0.983,0.9611
MC_first_order,1667,0.0746212994468,0.289502756435,0.101726806184,0.695737086338,0.9868,0.95
MC_first_order,1668,0.21741830958,0.554490081762,0.0332377422806,0.56618208031,0.9769,0.9222
MC_first_order,1669,0.342360565395,0.9080096723,0.193741058483,0.296308987338,0.9667,0.8611
MC_first_order,1670,0.868703613202,0.0610941281299,0.490620071316,0.485322375905,0.9775,0.9778
MC_first_order,1671,0.290944249545,0.168110148766,0.498754562253,0.0293681539864,0.9763,0.9444
MC_first_order,1672,0.00950238925182,0.285993505857,0.377730747057,0.258109336124,0.988,0.95
MC_first_order,1673,0.710489046263,0.415445562807,0.608856892113,0.589867437416,0.9532,0.8444
MC_first_order,1674,0.710826730223,0.931943743412,0.561219991779,0.69427226631,0.9427,0.7778
MC_first_order,1675,0.556695267296,0.0761791732485,0.834187595487,0.528820900645,0.9658,0.9056
MC_first_order,1676,0.0394199047791,0.74295167654,0.501344893155,0.947323713236,0.9705,0.85
MC_first_order,1677,0.417095665835,0.471111495765,0.895841023433,0.928208282899,0.9611,0.8556
MC_first_order,1678,0.770296259021,0.444563485464,0.431250513619,0.73591569717,0.9626,0.8833
MC_first_order,1679,0.897277094365,0.457951867843,0.702363208181,0.561394943252,0.9488,0.8333
MC_first_order,1680,0.55154699922,0.213840599346,0.281862090864,0.255204633032,0.9781,0.9389
MC_first_order,1681,0.984081802383,0.0257729641564,0.21909456579,0.203332955182,0.9819,0.9944
MC_first_order,1682,0.815853347322,0.671299937113,0.308355534683,0.106707714233,0.9558,0.8333
MC_first_order,1683,0.67304712187,0.746497077304,0.641542388833,0.714773793805,0.95,0.7944
MC_first_order,1684,0.598202314651,0.0296752177055,0.795193922394,0.870941753318,0.9617,0.8944
MC_first_order,1685,0.167391588535,0.382934807417,0.983614657517,0.976462344478,0.9582,0.8667
MC_first_order,1686,0.816930262237,0.842955388634,0.157244527871,0.875144474414,0.9529,0.8111
MC_first_order,1687,0.822692558529,0.200024595921,0.912073121672,0.813464849751,0.9471,0.8556
MC_first_order,1688,0.916026972737,0.89806904594,0.0928340104814,0.169531142915,0.952,0.8056
MC_first_order,1689,0.805835647976,0.173121591854,0.348152693215,0.789009996262,0.9787,0.9778
MC_first_order,1690,0.830289065788,0.399492095167,0.412713540935,0.695905378597,0.9643,0.8944
MC_first_order,1691,0.99567250076,0.628015757133,0.346887524518,0.240100453987,0.9602,0.8611
MC_first_order,1692,0.187196286304,0.611442671194,0.719945787995,0.222433668099,0.9632,0.8722
MC_first_order,1693,0.743984013406,0.604500316046,0.572595878995,0.526238846076,0.9421,0.8056
MC_first_order,1694,0.411286550886,0.0150541634183,0.537784330095,0.662087883602,0.9757,0.9333
MC_first_order,1695,0.887507840054,0.972893170696,0.647693936024,0.160528512837,0.9412,0.7667
MC_first_order,1696,0.858940814602,0.414139260489,0.963375572558,0.944282275739,0.9383,0.8
MC_first_order,1697,0.0901559745779,0.0520803524392,0.0492649041597,0.675421696779,0.9933,0.9833
MC_first_order,1698,0.49202334813,0.623703776179,0.324802996797,0.593126269074,0.9711,0.9111
MC_first_order,1699,0.0950258796881,0.206423081367,0.733700838413,0.228831400164,0.9681,0.8833
MC_first_order,1700,0.113867859455,0.649295879907,0.983242163809,0.935544799767,0.9523,0.8056
MC_first_order,1701,0.881756305171,0.713381440839,0.00789585316938,0.155898877752,0.9564,0.8333
MC_first_order,1702,0.58222787182,0.532232342176,0.837038546428,0.0305683440715,0.9439,0.7944
MC_first_order,1703,0.625476917979,0.0719399334844,0.755021340791,0.0894295428766,0.9608,0.8889
MC_first_order,1704,0.486755536676,0.772123503978,0.985093764522,0.796778684075,0.9576,0.8556
MC_first_order,1705,0.782167143072,0.298272660011,0.638743881142,0.541441892256,0.964,0.9111
MC_first_order,1706,0.494639388557,0.595479553974,0.444828828439,0.378566667296,0.969,0.9056
MC_first_order,1707,0.762993984739,0.646813333386,0.975148180111,0.926912487458,0.9319,0.7611
MC_first_order,1708,0.800723984622,0.110095716162,0.503525247677,0.496981261527,0.9757,0.9667
MC_first_order,1709,0.790045833258,0.909841121289,0.19680957858,0.0105043270896,0.952,0.8056
MC_first_order,1710,0.869763651386,0.975992154082,0.338143429192,0.600989649278,0.9515,0.8056
MC_first_order,1711,0.385232241258,0.384003629871,0.637057753933,0.691862179135,0.9687,0.8889
MC_first_order,1712,0.900967817849,0.364891086748,0.494336744329,0.450685520221,0.9661,0.9056
MC_first_order,1713,0.986006069356,0.517171334384,0.917922527414,0.968648890782,0.9357,0.7833
MC_first_order,1714,0.0287116151472,0.771658464752,0.111835959446,0.497588446869,0.9825,0.9
MC_first_order,1715,0.629983814575,0.0786159066954,0.578528424142,0.691749951551,0.974,0.9389
MC_first_order,1716,0.348092795737,0.539082605148,0.396275038919,0.152347087372,0.9728,0.9056
MC_first_order,1717,0.255072799335,0.941252082033,0.636825706601,0.54101582595,0.9599,0.8444
MC_first_order,1718,0.80540131507,0.836573881398,0.756045233762,0.40068728892,0.933,0.7444
MC_first_order,1719,0.540147534371,0.322353782051,0.0644084637237,0.924691712438,0.9822,0.95
MC_first_order,1720,0.0802391962713,0.372173180233,0.851902212826,0.310267675747,0.962,0.8556
MC_first_order,1721,0.91150896888,0.0213987103545,0.149871744123,0.447499350166,0.9819,0.9944
MC_first_order,1722,0.635697539616,0.793104421187,0.896378722043,0.819554529694,0.9374,0.7556
MC_first_order,1723,0.185480918179,0.991683546952,0.0462314724049,0.466635844562,0.969,0.8722
MC_first_order,1724,0.348759394446,0.0239085483617,0.203207452321,0.993737604841,0.9845,0.9722
MC_first_order,1725,0.970068026069,0.344403550014,0.999893958193,0.738414399178,0.9386,0.8056
MC_first_order,1726,0.0329857198812,0.602630310827,0.204869034478,0.278031601449,0.9746,0.8722
MC_first_order,1727,0.717528038828,0.207400673986,0.352207626656,0.00576298613956,0.9713,0.95
MC_first_order,1728,0.321231803257,0.303621794688,0.113552415877,0.0972046996562,0.9816,0.9556
MC_first_order,1729,0.406622203166,0.0816735314188,0.936134362542,0.25788357249,0.9699,0.9111
MC_first_order,1730,0.367344310326,0.0637369111354,0.812222263045,0.189200782174,0.9699,0.9111
MC_first_order,1731,0.0763641955871,0.370925090922,0.912508497462,0.91789571285,0.9591,0.8444
MC_first_order,1732,0.466573273895,0.580489303205,0.0731697664976,0.903061139425,0.9816,0.9389
MC_first_order,1733,0.754116967983,0.246217485832,0.839992598213,0.160005366442,0.9474,0.8556
MC_first_order,1734,0.48278568549,0.286354540522,0.567488445796,0.250915558139,0.9711,0.9056
MC_first_order,1735,0.543535982339,0.255514878617,0.0156505348066,0.11338208674,0.9845,0.9611
MC_first_order,1736,0.788713212445,0.447467305508,0.512409576922,0.659775307554,0.9596,0.8722
MC_first_order,1737,0.255286414113,0.188253896118,0.407945702463,0.751484346484,0.9807,0.9611
MC_first_order,1738,0.731929408542,0.459765576203,0.607140525984,0.254892751064,0.9456,0.8278
MC_first_order,1739,0.94805317614,0.640005783662,0.803657986619,0.369165521457,0.9374,0.7833
MC_first_order,1740,0.578728755787,0.710367381522,0.532286687504,0.760671282502,0.9558,0.8222
MC_first_order,1741,0.272080545211,0.784740251047,0.318152850554,0.515418664925,0.9681,0.8778
MC_first_order,1742,0.14342452904,0.403639590854,0.886353941209,0.030285917673,0.9617,0.8778
MC_first_order,1743,0.188207372652,0.54229650254,0.657752769531,0.686969100546,0.9661,0.8833
MC_first_order,1744,0.686605855491,0.719835628341,0.602585625177,0.153641422197,0.9538,0.8111
MC_first_order,1745,0.544203438272,0.280748172822,0.00555775095535,0.507169441895,0.9845,0.9611
MC_first_order,1746,0.974781421969,0.466578202158,0.760256976283,0.623256978339,0.943,0.8111
MC_first_order,1747,0.0372914237659,0.548872057937,0.988432434592,0.653737127584,0.9643,0.8444
MC_first_order,1748,0.29756257447,0.905041115654,0.669240878487,0.932752275932,0.9602,0.85
MC_first_order,1749,0.848357445547,0.583344518662,0.467769264769,0.530227466415,0.9591,0.8611
MC_first_order,1750,0.319426252154,0.853301146898,0.12751848901,0.989341405824,0.9664,0.8667
MC_first_order,1751,0.339267316676,0.439861727401,0.608811641774,0.311036561389,0.9725,0.9167
MC_first_order,1752,0.608024591418,0.0547795013447,0.869579563172,0.105266965174,0.9558,0.8722
MC_first_order,1753,0.873275028666,0.858389077448,0.786776860217,0.750526247411,0.9307,0.7333
MC_first_order,1754,0.186662234477,0.567977253839,0.0617033839221,0.745602196747,0.9769,0.9222
MC_first_order,1755,0.787901662487,0.210577410267,0.442667070732,0.0907937643373,0.9749,0.9611
MC_first_order,1756,0.667474714715,0.698082668645,0.0599236255019,0.612695447039,0.9675,0.8611
MC_first_order,1757,0.878702014225,0.178353150233,0.907645776168,0.272966056237,0.9471,0.8556
MC_first_order,1758,0.0164623277113,0.0838007210054,0.756850749426,0.192525466678,0.9795,0.9222
MC_first_order,1759,0.859669360673,0.435618817336,0.0828563164221,0.816488270058,0.967,0.9
MC_first_order,1760,0.327730325484,0.131421718868,0.00384959087426,0.301902530389,0.988,0.9889
MC_first_order,1761,0.461600996495,0.495737318993,0.582409170518,0.0811668830645,0.9652,0.8722
MC_first_order,1762,0.00278096691406,0.887070470599,0.42492772988,0.723354255125,0.9749,0.8667
MC_first_order,1763,0.894783696949,0.594276238527,0.740924293407,0.22085177582,0.9442,0.8111
MC_first_order,1764,0.211783670991,0.513200812721,0.986157415913,0.971241321139,0.9538,0.8389
MC_first_order,1765,0.23164486525,0.634171935881,0.289853244575,0.359332291406,0.974,0.9111
MC_first_order,1766,0.281396846396,0.995449602565,0.383589065796,0.463985158379,0.9658,0.8667
MC_first_order,1767,0.0862930834339,0.847898777304,0.0855247828442,0.828966263482,0.9769,0.8833
MC_first_order,1768,0.239737362225,0.235497868201,0.0419380350497,0.353625136113,0.9848,0.9722
MC_first_order,1769,0.955795312357,0.361403359865,0.331948554034,0.74368431223,0.969,0.9167
MC_first_order,1770,0.230001852622,0.757101673929,0.966594142964,0.856310049552,0.9494,0.8111
MC_first_order,1771,0.0403232907161,0.781322426949,0.789172022361,0.794410812931,0.9614,0.8111
MC_first_order,1772,0.578533625194,0.106910777333,0.676735306831,0.580689124041,0.9623,0.8889
MC_first_order,1773,0.485671099058,0.767163011074,0.182564639988,0.375748573663,0.9743,0.9
MC_first_order,1774,0.631923237038,0.896901510054,0.990536832166,0.886632130695,0.9307,0.7278
MC_first_order,1775,0.262576544599,0.421862903315,0.524799967442,0.460237366621,0.9728,0.9222
MC_first_order,1776,0.0790747515738,0.366098703179,0.930993983401,0.375906761603,0.9591,0.8444
MC_first_order,1777,0.879286826771,0.891496982341,0.514364545529,0.916747801103,0.9456,0.7833
MC_first_order,1778,0.976387717689,0.00953428321679,0.590671895146,0.953957950855,0.9731,0.9611
MC_first_order,1779,0.310191104366,0.362914378454,0.151828049147,0.881825944715,0.9801,0.9444
MC_first_order,1780,0.563460235809,0.592018195395,0.596849864223,0.897360510988,0.9652,0.8722
MC_first_order,1781,0.516925283773,0.549909488574,0.447169266858,0.335605759438,0.9646,0.8667
MC_first_order,1782,0.969210388304,0.646382588144,0.494429364808,0.0897027255496,0.9556,0.8389
MC_first_order,1783,0.639192838513,0.0440246427739,0.471531869837,0.211280444394,0.9784,0.9556
MC_first_order,1784,0.391886590299,0.221185637184,0.224471893478,0.437444489727,0.9822,0.9444
MC_first_order,1785,0.119901219681,0.251734001354,0.719773205158,0.101643751235,0.9687,0.8833
MC_first_order,1786,0.846371796659,0.411425483391,0.212120029141,0.772575309519,0.9678,0.9056
MC_first_order,1787,0.376479490353,0.367337388,0.00100334960734,0.178456893346,0.9863,0.9556
MC_first_order,1788,0.937336686231,0.494152614,0.435040764584,0.58971687632,0.9608,0.8722
MC_first_order,1789,0.0895255657082,0.151427922449,0.862203207771,0.631143380158,0.9632,0.8667
MC_first_order,1790,0.318971715218,0.862501484617,0.2912324699,0.446408720168,0.9629,0.8556
MC_first_order,1791,0.784923494178,0.852048863396,0.280593372092,0.982108786637,0.9515,0.8056
MC_first_order,1792,0.210064567216,0.266104654988,0.514154047471,0.561959989945,0.976,0.9389
MC_first_order,1793,0.540141175542,0.46740051771,0.779527340343,0.251511254603,0.9576,0.85
MC_first_order,1794,0.435056137097,0.675768523063,0.890730851368,0.254473506133,0.9602,0.85
MC_first_order,1795,0.355033094944,0.469968506365,0.26782408296,0.512249453743,0.9737,0.9111
MC_first_order,1796,0.940072930614,0.233480974342,0.830981502475,0.888944793328,0.9491,0.8611
MC_first_order,1797,0.488961080688,0.351156970426,0.117978859055,0.549336748511,0.9789,0.95
MC_first_order,1798,0.844622910268,0.38181813648,0.254846587802,0.828736986982,0.9687,0.9111
MC_first_order,1799,0.157395328276,0.563388465318,0.766449565873,0.510194844452,0.9632,0.8722
MC_first_order,1800,0.292979560022,0.598510891357,0.336543924065,0.668872449863,0.9734,0.9111
MC_first_order,1801,0.795719127401,0.801962801814,0.77376103593,0.123916499395,0.9325,0.7444
MC_first_order,1802,0.269792453345,0.667994774195,0.636116148843,0.893104910028,0.9626,0.8611
MC_first_order,1803,0.44028900218,0.060433622678,0.0738673518197,0.0487337459544,0.9918,0.9944
MC_first_order,1804,0.538170013963,0.323656859547,0.037344124045,0.908422663873,0.9822,0.95
MC_first_order,1805,0.0648425044933,0.348150520788,0.774772436613,0.683991611936,0.964,0.8611
MC_first_order,1806,0.218603256243,0.962222670387,0.447273997483,0.822810157591,0.9629,0.8556
MC_first_order,1807,0.42201186896,0.647013878352,0.955967077374,0.0590461664485,0.9602,0.85
MC_first_order,1808,0.567682381892,0.590673353948,0.967381018765,0.601384456298,0.9532,0.8333
MC_first_order,1809,0.261777507048,0.138463953556,0.553589905196,0.165131994538,0.9763,0.9444
MC_first_order,1810,0.35075486737,0.958697729404,0.182671015171,0.204810169678,0.9658,0.85
MC_first_order,1811,0.66957043443,0.503738058636,0.90835802143,0.327482154777,0.9442,0.7944
MC_first_order,1812,0.758290140305,0.414517837504,0.994224646803,0.918725020776,0.9374,0.8
MC_first_order,1813,0.193857951101,0.371576463891,0.474122752549,0.470314489972,0.9757,0.9333
MC_first_order,1814,0.591491081085,0.690754882258,0.149295861021,0.649410799093,0.9661,0.8611
MC_first_order,1815,0.823424230883,0.41096486473,0.26950381002,0.252433390599,0.9664,0.9
MC_first_order,1816,0.607468223138,0.120429709027,0.211297449742,0.301166961607,0.9839,0.9722
MC_first_order,1817,0.688710736504,0.742456476138,0.543642057278,0.148285737939,0.955,0.8111
MC_first_order,1818,0.353746482214,0.0604847930456,0.996574251147,0.460612172205,0.9596,0.8778
MC_first_order,1819,0.837965522522,0.246145628415,0.275984943359,0.143510400495,0.976,0.9611
MC_first_order,1820,0.387858329898,0.685630813364,0.551684114485,0.323033392297,0.9661,0.8722
MC_first_order,1821,0.128441708828,0.272398828265,0.769521735071,0.176702527496,0.9637,0.8944
MC_first_order,1822,0.991643790458,0.837628135089,0.169086471095,0.00280383855982,0.9529,0.8111
MC_first_order,1823,0.824420192418,0.042987873827,0.669440992842,0.502675251332,0.9673,0.9389
MC_first_order,1824,0.412277273537,0.581761218162,0.0174294267557,0.750170888688,0.9836,0.9389
MC_first_order,1825,0.840854273648,0.0376574754795,0.281816071629,0.839844439807,0.9804,0.9889
MC_first_order,1826,0.196556101298,0.144636124499,0.804684297228,0.989925896358,0.969,0.9167
MC_first_order,1827,0.988088721153,0.193889820074,0.132415368645,0.0103195604794,0.9792,0.9778
MC_first_order,1828,0.118319390714,0.328314337897,0.960186881743,0.755506957362,0.9591,0.8444
MC_first_order,1829,0.180827676299,0.396704123825,0.548724953787,0.157819246889,0.9734,0.9222
MC_first_order,1830,0.0576791253402,0.191003592802,0.299762168022,0.0374556731817,0.9854,0.9444
MC_first_order,1831,0.974633586692,0.973618539816,0.472171849551,0.433737210793,0.9485,0.7944
MC_first_order,1832,0.553738905689,0.8343584942,0.410562873533,0.920184580703,0.9617,0.8389
MC_first_order,1833,0.956805836593,0.27711107302,0.578348082255,0.955931067137,0.9693,0.9333
MC_first_order,1834,0.304155870112,0.991728111339,0.500729469603,0.671042818147,0.9608,0.8444
MC_first_order,1835,0.0955505425977,0.395254367967,0.65640540948,0.204985053791,0.9681,0.8722
MC_first_order,1836,0.970474332466,0.396758739462,0.567158747969,0.778450333986,0.9614,0.8833
MC_first_order,1837,0.312620813115,0.701862632053,0.732812429397,0.77567688495,0.9623,0.8667
MC_first_order,1838,0.317981103137,0.339198615762,0.58320613364,0.447062633685,0.9722,0.9222
MC_first_order,1839,0.472620648262,0.566391083313,0.758406239351,0.143184448772,0.967,0.8833
MC_first_order,1840,0.212265229503,0.126192474387,0.518318938559,0.206221202328,0.9778,0.95
MC_first_order,1841,0.930331720593,0.206015422053,0.447541089295,0.767667930678,0.9749,0.9611
MC_first_order,1842,0.282944512205,0.0798283794449,0.231232844127,0.704905428336,0.986,0.9833
MC_first_order,1843,0.349323729471,0.945303535192,0.155319551653,0.303231255389,0.9673,0.8556
MC_first_order,1844,0.494525476208,0.334208640829,0.295755074654,0.10337295628,0.9746,0.9333
MC_first_order,1845,0.505566838183,0.748841040933,0.369261499902,0.984199434588,0.9699,0.9056
MC_first_order,1846,0.622082495286,0.362466126671,0.365978632611,0.278113375312,0.9708,0.9
MC_first_order,1847,0.0950883988714,0.472179490248,0.534300452151,0.795577655336,0.9711,0.8833
MC_first_order,1848,0.078224651335,0.0299977780035,0.90764905736,0.360472922655,0.964,0.8722
MC_first_order,1849,0.724803221682,0.877226013744,0.280278055991,0.177659556093,0.9529,0.8333
MC_first_order,1850,0.780461527022,0.302496351257,0.502202323224,0.000971653440341,0.9713,0.9389
MC_first_order,1851,0.582802094675,0.440701652089,0.209345528113,0.192756969121,0.9722,0.9
MC_first_order,1852,0.926711536628,0.898941613236,0.310652365093,0.317401790213,0.9515,0.8056
MC_first_order,1853,0.339182019797,0.345286064574,0.383362226179,0.960006587706,0.9757,0.9333
MC_first_order,1854,0.016551749904,0.363205885213,0.548489434096,0.61079186934,0.9827,0.9278
MC_first_order,1855,0.333230776536,0.721132515553,0.428380545456,0.15027682313,0.9678,0.8833
MC_first_order,1856,0.910963583541,0.207211509733,0.704251921285,0.929580435688,0.9602,0.9056
MC_first_order,1857,0.169547588713,0.756077776922,0.778145159007,0.346514179758,0.9588,0.8444
MC_first_order,1858,0.916514198882,0.138485615759,0.518796401925,0.978823230777,0.9728,0.9556
MC_first_order,1859,0.525212536144,0.875931672021,0.401605380358,0.648013446267,0.9599,0.8333
MC_first_order,1860,0.48572824575,0.70988607543,0.734688098241,0.718587112263,0.9661,0.8778
MC_first_order,1861,0.759692264383,0.213613443991,0.652828953954,0.794205159931,0.9673,0.9333
MC_first_order,1862,0.746243456054,0.178139049598,0.549822152625,0.0145804434525,0.9711,0.95
MC_first_order,1863,0.970948259423,0.648203367802,0.245636281065,0.602143323622,0.9599,0.8556
MC_first_order,1864,0.312703405071,0.557244826685,0.786652852229,0.858019092225,0.9658,0.8889
MC_first_order,1865,0.982182503794,0.65920002381,0.537969577237,0.515633693104,0.9518,0.8222
MC_first_order,1866,0.151606345724,0.0334742330449,0.88911740157,0.973904892544,0.967,0.9111
MC_first_order,1867,0.829577941338,0.188615715026,0.625807902848,0.195456741523,0.9675,0.9333
MC_first_order,1868,0.322550808016,0.790794644787,0.931402527002,0.0122775869645,0.9506,0.8111
MC_first_order,1869,0.779384216902,0.710479054197,0.698021563152,0.147602936942,0.9401,0.7778
MC_first_order,1870,0.35051930538,0.744852128143,0.203834136499,0.170130728811,0.9731,0.9
MC_first_order,1871,0.478519006528,0.170040343807,0.262929276939,0.156713926839,0.981,0.95
MC_first_order,1872,0.211997008811,0.101996025072,0.412475430761,0.338210697076,0.9807,0.9611
MC_first_order,1873,0.139931540891,0.178002663371,0.403358751562,0.071008181209,0.9822,0.9667
MC_first_order,1874,0.296835203723,0.044618505412,0.73906180824,0.122087974076,0.9728,0.9333
MC_first_order,1875,0.469052323186,0.13643413643,0.682624723264,0.973545853212,0.9754,0.9333
MC_first_order,1876,0.704443882841,0.0856163559215,0.195281572136,0.165242768967,0.9819,0.9778
MC_first_order,1877,0.885097888616,0.0834273661718,0.762827274803,0.770289412715,0.9553,0.8889
MC_first_order,1878,0.83385324631,0.425629577935,0.417858076753,0.351784935514,0.9626,0.8833
MC_first_order,1879,0.652708164839,0.483562095056,0.705793446654,0.43750905947,0.95,0.8167
MC_first_order,1880,0.842645069109,0.599010251152,0.270322574248,0.421865126769,0.962,0.8722
MC_first_order,1881,0.232198115519,0.916421908401,0.0469276781608,0.401512137784,0.9716,0.8889
MC_first_order,1882,0.429394308871,0.606279640536,0.103273466877,0.671723818935,0.9822,0.9333
MC_first_order,1883,0.133255985932,0.277549547506,0.312868004735,0.0737958120413,0.981,0.9556
MC_first_order,1884,0.998838921565,0.0610211189118,0.902967518164,0.685861423246,0.9497,0.8722
MC_first_order,1885,0.929607207966,0.592706803908,0.547776760586,0.445674251155,0.9561,0.85
MC_first_order,1886,0.549217702662,0.330137411285,0.176545355138,0.585311935702,0.9807,0.9444
MC_first_order,1887,0.793770750872,0.977208316614,0.907944759906,0.604810626514,0.9243,0.7111
MC_first_order,1888,0.204605242432,0.558791531867,0.162497900188,0.859603744337,0.9763,0.9222
MC_first_order,1889,0.75540226914,0.376213165815,0.323152459255,0.889351070756,0.9673,0.9111
MC_first_order,1890,0.436204963709,0.0777170512952,0.667994310718,0.421766493399,0.9757,0.9333
MC_first_order,1891,0.117390878246,0.855930226844,0.209860635514,0.191132361286,0.9725,0.8667
MC_first_order,1892,0.528660110676,0.249200623289,0.333102821654,0.450347503913,0.9754,0.9278
MC_first_order,1893,0.930097233957,0.590562791331,0.432059404648,0.831400760534,0.9591,0.8611
MC_first_order,1894,0.926988345136,0.916880188989,0.0253872800839,0.805251687134,0.952,0.8056
MC_first_order,1895,0.775531772645,0.71196884129,0.727260266468,0.658454041574,0.9371,0.7667
MC_first_order,1896,0.207085110688,0.930977029105,0.794346272926,0.240292384881,0.9547,0.8222
MC_first_order,1897,0.533153277197,0.187983290025,0.235308249448,0.626006477356,0.9842,0.9667
MC_first_order,1898,0.14030535563,0.00834677907083,0.617608053913,0.615599544527,0.9787,0.9556
MC_first_order,1899,0.90800016023,0.0272998136788,0.310544682676,0.119954870043,0.9804,0.9889
MC_first_order,1900,0.914378609297,0.805606519923,0.152454868958,0.471577148218,0.9538,0.8167
MC_first_order,1901,0.688690491028,0.620063458243,0.482778047156,0.539791757428,0.9608,0.8444
MC_first_order,1902,0.210342871167,0.0617444793976,0.157527129664,0.508196257014,0.986,0.9833
MC_first_order,1903,0.143320841848,0.88408686971,0.292417563112,0.0129346060834,0.9687,0.8778
MC_first_order,1904,0.646112295833,0.664035586833,0.744000163871,0.445944717714,0.9465,0.7944
MC_first_order,1905,0.915455605907,0.676315582605,0.933821603544,0.7949349237,0.9287,0.7389
MC_first_order,1906,0.273699659646,0.430883199771,0.20652789674,0.631871924187,0.9816,0.9556
MC_first_order,1907,0.388015877359,0.460868833329,0.366809264805,0.176451703175,0.9781,0.9222
MC_first_order,1908,0.58978179217,0.725726603058,0.349303153193,0.128976985871,0.9608,0.8389
MC_first_order,1909,0.614708714168,0.623086076954,0.548645124781,0.828651681827,0.9588,0.8389
MC_first_order,1910,0.941260125533,0.762829398012,0.598779528613,0.938898988718,0.9468,0.7944
MC_first_order,1911,0.563406318093,0.517600389766,0.206171956273,0.322119194326,0.9737,0.9
MC_first_order,1912,0.363859480721,0.265985232532,0.273886112191,0.183341227341,0.9772,0.9278
MC_first_order,1913,0.103731331828,0.556259716605,0.435990322762,0.803430775268,0.9731,0.8889
MC_first_order,1914,0.724977765899,0.929385261224,0.910381613081,0.109960151865,0.9307,0.7556
MC_first_order,1915,0.658111792582,0.926136284782,0.0826769721858,0.138011208697,0.9632,0.8333
MC_first_order,1916,0.0206642759003,0.178513016551,0.946790853907,0.879322626758,0.9705,0.8833
MC_first_order,1917,0.1427592076,0.00449416938373,0.106971089968,0.865381584272,0.986,0.9833
MC_first_order,1918,0.323013686692,0.56990205791,0.359529350514,0.420697723151,0.9713,0.9056
MC_first_order,1919,0.635313743259,0.94050908075,0.0646610959238,0.420061771722,0.9626,0.8333
MC_first_order,1920,0.713736390673,0.787060763111,0.627140154929,0.280717143559,0.9436,0.7833
MC_first_order,1921,0.0268802814204,0.229009135618,0.560060869243,0.894739940642,0.9836,0.9333
MC_first_order,1922,0.588431362343,0.597262617475,0.38311902893,0.750230563918,0.962,0.85
MC_first_order,1923,0.97004701662,0.474269800088,0.643154773918,0.530874332846,0.9544,0.85
MC_first_order,1924,0.253874448828,0.906814396818,0.0747205025093,0.420332460189,0.9711,0.8889
MC_first_order,1925,0.924196812064,0.572285933017,0.389993442951,0.208406442127,0.9605,0.8667
MC_first_order,1926,0.372394584907,0.747866073948,0.681465148821,0.620467539502,0.9635,0.8556
MC_first_order,1927,0.950120898385,0.36864834382,0.284379324037,0.621669165233,0.969,0.9167
MC_first_order,1928,0.929752871631,0.706425627029,0.857381686844,0.82860394454,0.9278,0.7333
MC_first_order,1929,0.0221803572213,0.637954284056,0.245894560306,0.681061383272,0.9877,0.9333
MC_first_order,1930,0.787303467811,0.80523048497,0.190861089377,0.372064900167,0.9538,0.8167
MC_first_order,1931,0.157551409019,0.82821152071,0.704734964623,0.558925322598,0.957,0.8333
MC_first_order,1932,0.548619345444,0.736608347005,0.453994561552,0.179948933192,0.9629,0.85
MC_first_order,1933,0.9540219207,0.773746726895,0.495436748255,0.562266084177,0.9503,0.8056
MC_first_order,1934,0.207024375717,0.233884190121,0.0539646300306,0.663639928262,0.9839,0.9667
MC_first_order,1935,0.813142181071,0.262125943817,0.194466719081,0.432257627474,0.9775,0.9667
MC_first_order,1936,0.283783504699,0.756941465079,0.247109452517,0.259551650727,0.9719,0.8944
MC_first_order,1937,0.405020145632,0.85920854881,0.712413417331,0.116391435398,0.9561,0.8167
MC_first_order,1938,0.139909331387,0.051545592867,0.668887185276,0.654021565766,0.9757,0.9444
MC_first_order,1939,0.166325713779,0.282424104128,0.851701466963,0.0492318866949,0.9635,0.8889
MC_first_order,1940,0.731582537281,0.828332556821,0.654113102838,0.318376743298,0.9377,0.7778
MC_first_order,1941,0.739728283002,0.922102568693,0.557935204015,0.621846696221,0.9377,0.7778
MC_first_order,1942,0.600913583571,0.929359681355,0.973866083404,0.664264108812,0.9327,0.7333
MC_first_order,1943,0.488080471029,0.123958230063,0.487647667755,0.423434731445,0.9769,0.9556
MC_first_order,1944,0.679575603656,0.485668452605,0.241662312445,0.199436615025,0.9713,0.8889
MC_first_order,1945,0.749269319778,0.570950480825,0.769757835853,0.193008081981,0.9427,0.8111
MC_first_order,1946,0.445803859294,0.116402108106,0.172860005675,0.34916850115,0.9874,0.9778
MC_first_order,1947,0.274615707315,0.953420309702,0.105566222101,0.51285187323,0.9702,0.8833
MC_first_order,1948,0.0928209023198,0.885634204182,0.103431690239,0.85646031562,0.9746,0.8722
MC_first_order,1949,0.315673274366,0.358316834329,0.0981278911682,0.626421791394,0.9795,0.95
MC_first_order,1950,0.0721535314334,0.668082482387,0.53288597904,0.275153309341,0.9667,0.8556
MC_first_order,1951,0.649700532579,0.708963919375,0.0651966681942,0.913107679371,0.9667,0.8556
MC_first_order,1952,0.875421175695,0.798419745533,0.923398717784,0.343139205114,0.926,0.7222
MC_first_order,1953,0.128947136629,0.431461425574,0.917223299665,0.679469170158,0.9547,0.8556
MC_first_order,1954,0.109139387692,0.750705231957,0.808005492692,0.460740663904,0.9558,0.8167
MC_first_order,1955,0.648540113791,0.871414515078,0.423806975161,0.788919265947,0.9567,0.8111
MC_first_order,1956,0.570177335707,0.785505220721,0.847396658397,0.147587875976,0.9459,0.7944
MC_first_order,1957,0.188542367127,0.586573231553,0.347464311026,0.297301268821,0.9749,0.9167
MC_first_order,1958,0.000362069828202,0.44334409813,0.997865752761,0.408617986752,0.9667,0.8667
MC_first_order,1959,0.215184478355,0.372514660816,0.600320388532,0.0263526511682,0.9743,0.9278
MC_first_order,1960,0.170058715395,0.525017210245,0.364287334593,0.694979544701,0.9743,0.9167
MC_first_order,1961,0.129540892276,0.0627046498087,0.912327505148,0.750763409629,0.9664,0.9111
MC_first_order,1962,0.643559116713,0.602955648374,0.192342217993,0.148980665034,0.9687,0.8722
MC_first_order,1963,0.444891483566,0.683416462435,0.462635692181,0.500444029522,0.9705,0.8889
MC_first_order,1964,0.0795505749181,0.948441283604,0.239267881219,0.389002167701,0.9687,0.85
MC_first_order,1965,0.805166495382,0.946618822332,0.367858490692,0.450854279628,0.95,0.8
MC_first_order,1966,0.83945995237,0.488408212939,0.118723275969,0.216864228103,0.9661,0.8944
MC_first_order,1967,0.337949093156,0.00295178580117,0.0633874669012,0.893847150737,0.9868,0.9889
MC_first_order,1968,0.833824712001,0.82851688319,0.303585382005,0.348470082202,0.9523,0.8111
MC_first_order,1969,0.938369823,0.0521725449825,0.432919580359,0.36349932404,0.9775,0.9778
MC_first_order,1970,0.743572816388,0.685245267896,0.994080457262,0.966355099368,0.9266,0.7444
MC_first_order,1971,0.60690840619,0.917603353743,0.597880622277,0.206290912335,0.9512,0.7944
MC_first_order,1972,0.508340235205,0.268508418431,0.909326118848,0.801508798807,0.9635,0.8944
MC_first_order,1973,0.102218457662,0.649145272755,0.644100946251,0.771098965688,0.9637,0.8444
MC_first_order,1974,0.146190104959,0.582257350172,0.109209907313,0.426512401907,0.9763,0.9222
MC_first_order,1975,0.36141564326,0.35569240244,0.408441309873,0.514618695467,0.9763,0.9222
MC_first_order,1976,0.111010818847,0.527432112669,0.0750684997324,0.700722594521,0.9848,0.9333
MC_first_order,1977,0.0359655067731,0.484247414953,0.00365134190095,0.781820105921,0.9863,0.9278
MC_first_order,1978,0.942627866871,0.74508233458,0.455737581904,0.462559338013,0.9512,0.8111
MC_first_order,1979,0.755281647497,0.0767221980733,0.355338281902,0.480474719399,0.9787,0.9833
MC_first_order,1980,0.173003294181,0.458128111509,0.350946162456,0.13914854815,0.9775,0.9333
MC_first_order,1981,0.58877945238,0.436026769219,0.125609917652,0.534733222925,0.9722,0.9
MC_first_order,1982,0.225778558723,0.568726622246,0.318969113204,0.718096664753,0.9734,0.9111
MC_first_order,1983,0.59820225958,0.00269536613548,0.336152355296,0.758572345674,0.9822,0.9722
MC_first_order,1984,0.337066312206,0.770596251767,0.861856358929,0.92566910647,0.9506,0.8111
MC_first_order,1985,0.751676039548,0.426031208783,0.479929411736,0.0861451220085,0.9617,0.8833
MC_first_order,1986,0.29421466427,0.261907881936,0.797846806982,0.784932953176,0.9696,0.9167
MC_first_order,1987,0.630512842143,0.76340414795,0.430326662329,0.639809866017,0.9573,0.8222
MC_first_order,1988,0.356403224139,0.0139970156749,0.522864731378,0.877309608695,0.9737,0.9278
MC_first_order,1989,0.497476209191,0.902589957578,0.38657054827,0.253810821774,0.9661,0.8833
MC_first_order,1990,0.159066051627,0.430009250368,0.309776377773,0.110035313111,0.9792,0.9444
MC_first_order,1991,0.312776402554,0.953107746279,0.780291854663,0.420637155399,0.9526,0.8056
MC_first_order,1992,0.234806588936,0.496513624912,0.332952024963,0.619149647598,0.9743,0.9167
MC_first_order,1993,0.280693329364,0.621945258822,0.766856999169,0.280277238476,0.9632,0.8722
MC_first_order,1994,0.221448668218,0.567109272506,0.572956488117,0.881378719674,0.9675,0.8889
MC_first_order,1995,0.81274413464,0.461626720187,0.49387692121,0.787737383573,0.9617,0.8778
MC_first_order,1996,0.575318882227,0.12077806639,0.381654238503,0.115635669967,0.9769,0.9444
MC_first_order,1997,0.670102886556,0.780290910381,0.63587039001,0.0546142075495,0.95,0.7944
MC_first_order,1998,0.405154673685,0.017481262279,0.683249966466,0.752665837516,0.9757,0.9333
MC_first_order,1999,0.20074832699,0.715573768615,0.0494521732634,0.144775914469,0.9743,0.9056
MC_first_order,2000,0.926631461204,0.216371348447,0.648775209349,0.934422640185,0.9667,0.9278
MC_first_order,2001,0.766523394793,0.455642056686,0.428456604029,0.401981646024,0.9626,0.8833
MC_first_order,2002,0.154786545784,0.784968766134,0.520187473619,0.763674789861,0.9637,0.8611
MC_first_order,2003,0.479361688951,0.236026180055,0.258291998837,0.118438933475,0.9792,0.9389
MC_first_order,2004,0.719404704033,0.500639992048,0.385319635252,0.975705668094,0.9576,0.8667
MC_first_order,2005,0.364539132022,0.355467034999,0.22250051197,0.277900679153,0.9792,0.9333
MC_first_order,2006,0.248327289244,0.511307730978,0.419669140427,0.469789006148,0.9713,0.9056
MC_first_order,2007,0.835475978468,0.350847621556,0.606864086691,0.51128238425,0.9602,0.8833
MC_first_order,2008,0.94749268431,0.596220536371,0.930773325652,0.361016650123,0.9348,0.7778
MC_first_order,2009,0.193267497417,0.207678393381,0.819023099158,0.114110697944,0.9667,0.9056
MC_first_order,2010,0.290482841308,0.847893408523,0.0626255088761,0.703294037484,0.9716,0.8889
MC_first_order,2011,0.392963726264,0.222875507092,0.945858084674,0.859493718764,0.9646,0.8778
MC_first_order,2012,0.212773409139,0.13220092146,0.554892086423,0.0732972135724,0.9778,0.95
MC_first_order,2013,0.945825478536,0.327551592037,0.316116491262,0.0552975591744,0.9716,0.9333
MC_first_order,2014,0.488318987615,0.56095016879,0.126883514179,0.700486419186,0.9763,0.9333
MC_first_order,2015,0.513421498508,0.82078233265,0.919628295557,0.870938953506,0.9453,0.7889
MC_first_order,2016,0.438896277802,0.34710708037,0.637255590031,0.407259301107,0.9687,0.8889
MC_first_order,2017,0.455068704107,0.246972338119,0.148934557179,0.10273554089,0.9819,0.9444
MC_first_order,2018,0.634047137684,0.912179737503,0.982089106672,0.266372252753,0.9322,0.7333
MC_first_order,2019,0.204967929821,0.0860141011279,0.104901790059,0.82083695663,0.986,0.9833
MC_first_order,2020,0.346129529709,0.36842375022,0.195795567427,0.70070373552,0.9784,0.9333
MC_first_order,2021,0.191255751118,0.953453530338,0.0233745207489,0.926926201333,0.9699,0.8778
MC_first_order,2022,0.409821020809,0.443411577612,0.501224500157,0.237773591353,0.9722,0.9
MC_first_order,2023,0.916290151467,0.518793990237,0.544612937744,0.871967899254,0.957,0.8556
MC_first_order,2024,0.660914867497,0.838494856012,0.118734819621,0.299374403146,0.9626,0.8333
MC_first_order,2025,0.212405572269,0.512047197364,0.261700529828,0.897413866282,0.9757,0.9222
MC_first_order,2026,0.209278823568,0.388951246047,0.404814558123,0.317655644402,0.9787,0.9444
MC_first_order,2027,0.709137863308,0.492651415738,0.795995319138,0.352213892293,0.9421,0.8
MC_first_order,2028,0.836282340619,0.834202197529,0.403069790587,0.93704567148,0.9494,0.8
MC_first_order,2029,0.927657809781,0.224549026606,0.551021703123,0.8711287392,0.9711,0.9444
MC_first_order,2030,0.228760707365,0.867910310323,0.303209043986,0.820677687083,0.9696,0.8833
MC_first_order,2031,0.377345688348,0.944164446489,0.877076512646,0.379534668091,0.9506,0.7889
MC_first_order,2032,0.0125480854445,0.619047036308,0.566547669184,0.295896300786,0.9775,0.8944
MC_first_order,2033,0.915832662337,0.418519247392,0.528959955745,0.225011644029,0.9605,0.8778
MC_first_order,2034,0.731098934313,0.535398220323,0.145981878339,0.939616233507,0.9611,0.8778
MC_first_order,2035,0.277708962782,0.13670533479,0.722733410442,0.420032199669,0.9719,0.9278
MC_first_order,2036,0.805458193269,0.425576204822,0.554193372874,0.719082086716,0.9596,0.8722
MC_first_order,2037,0.874181976624,0.163838258856,0.112070547395,0.480308545521,0.9801,0.9833
MC_first_order,2038,0.153506764658,0.794720001047,0.34088813814,0.356353828677,0.9696,0.8833
MC_first_order,2039,0.0854401590777,0.273497118103,0.362526511271,0.265365868684,0.9789,0.9222
MC_first_order,2040,0.211211832737,0.28183624577,0.723959569685,0.122609150613,0.9693,0.9111
MC_first_order,2041,0.504897451171,0.648896754642,0.0218501227843,0.818929732365,0.9766,0.9333
MC_first_order,2042,0.757537151045,0.244776458959,0.058460435075,0.0727785796055,0.9766,0.9667
MC_first_order,2043,0.874043751068,0.041997170555,0.607793816532,0.585804448322,0.9716,0.9556
MC_first_order,2044,0.658153717326,0.448909418016,0.450914165792,0.463885992411,0.9673,0.8778
MC_first_order,2045,0.75700834176,0.100782372603,0.268678318088,0.493724950181,0.9787,0.9833
MC_first_order,2046,0.415650552069,0.611745270357,0.392697417058,0.967898747532,0.9763,0.9111
MC_first_order,2047,0.214100009175,0.92124791701,0.0167961127118,0.81333085171,0.9722,0.8889
MC_first_order,2048,0.102417799404,0.288380273405,0.424767466163,0.909832458952,0.9766,0.9111
MC_first_order,2049,0.132370656546,0.509279379435,0.790770181629,0.488071584326,0.9626,0.8722
MC_first_order,2050,0.722350066484,0.999170009704,0.802615409867,0.25013138992,0.9281,0.7389
MC_first_order,2051,0.325444908825,0.548845607966,0.750336493139,0.980695370203,0.9664,0.8889
MC_first_order,2052,0.847701787623,0.780553779548,0.609649738077,0.711562408638,0.9444,0.7833
MC_first_order,2053,0.871418034729,0.800109226229,0.171592462501,0.226020196536,0.9538,0.8167
MC_first_order,2054,0.406728285939,0.964452431677,0.314156509701,0.813479782567,0.9658,0.8444
MC_first_order,2055,0.294600142156,0.707943036023,0.872011766599,0.989288070813,0.9556,0.8389
MC_first_order,2056,0.571412897645,0.595982208949,0.168332138069,0.85074224292,0.9719,0.8889
MC_first_order,2057,0.211483650753,0.126214904752,0.861114401293,0.522651612605,0.9661,0.9056
MC_first_order,2058,0.461580773368,0.191115761059,0.923254480746,0.686650486001,0.9664,0.8944
MC_first_order,2059,0.864475886723,0.390248347047,0.480910099058,0.511508611372,0.9643,0.8944
MC_first_order,2060,0.0919331440573,0.0195894889979,0.594439253445,0.35827653378,0.9757,0.9167
MC_first_order,2061,0.842059588574,0.76308869275,0.668624294718,0.574749558315,0.9427,0.7833
MC_first_order,2062,0.241301180857,0.581961983459,0.666134052997,0.257249913165,0.9646,0.8778
MC_first_order,2063,0.46522482867,0.0696369472853,0.673115377807,0.432468626783,0.9757,0.9389
MC_first_order,2064,0.21809209953,0.710172457359,0.798462554455,0.217849430647,0.9582,0.8444
MC_first_order,2065,0.0072053767002,0.583937814993,0.951944198898,0.0874174058613,0.9652,0.85
MC_first_order,2066,0.802523720376,0.605863324563,0.704834172715,0.0127831121462,0.9471,0.8222
MC_first_order,2067,0.396261872866,0.0430223682016,0.947452987397,0.987953759544,0.9699,0.9111
MC_first_order,2068,0.712166203298,0.594171344155,0.774446265443,0.13113209606,0.9409,0.7889
MC_first_order,2069,0.984494869727,0.386296130112,0.428569388592,0.0116839479208,0.9643,0.8944
MC_first_order,2070,0.080783397686,0.92637283793,0.195608866348,0.503060747489,0.9716,0.8611
MC_first_order,2071,0.72569144342,0.730042753556,0.441590635445,0.691425581084,0.9482,0.8222
MC_first_order,2072,0.834480533537,0.203320286883,0.385153065325,0.576271057512,0.9763,0.9667
MC_first_order,2073,0.692451660796,0.567999244969,0.0317472403129,0.243781504484,0.9702,0.8778
MC_first_order,2074,0.357354865898,0.866129785071,0.616557994958,0.271201585076,0.9579,0.8278
MC_first_order,2075,0.566617564214,0.296511455809,0.966924334461,0.694480647679,0.9576,0.8611
MC_first_order,2076,0.87945651237,0.390896286413,0.130949223564,0.788454355424,0.9687,0.9111
MC_first_order,2077,0.180875539069,0.852241798258,0.767852562706,0.863992031106,0.957,0.8333
MC_first_order,2078,0.572178061377,0.643619182518,0.0287736163002,0.279420247562,0.9734,0.8944
MC_first_order,2079,0.120136496653,0.0630780104668,0.532642719573,0.0623429732354,0.9763,0.9167
MC_first_order,2080,0.494722458524,0.156465483478,0.188293463481,0.800932463266,0.9819,0.9722
MC_first_order,2081,0.986728868814,0.632063590814,0.614539227882,0.17906813234,0.9515,0.8278
MC_first_order,2082,0.424586028063,0.890242710385,0.0721081839444,0.378610552506,0.9725,0.8722
MC_first_order,2083,0.242834769421,0.223113658278,0.150376860027,0.733067710381,0.9842,0.9722
MC_first_order,2084,0.33868235189,0.985478878376,0.321776468258,0.707839168598,0.9596,0.8278
MC_first_order,2085,0.364296211423,0.770463251582,0.0599414664306,0.983754957501,0.9757,0.9
MC_first_order,2086,0.247851930249,0.739742768825,0.323086081857,0.0173686176907,0.969,0.8833
MC_first_order,2087,0.538606671078,0.125968214309,0.782353964259,0.214782515279,0.9655,0.9
MC_first_order,2088,0.0497546676678,0.538759249152,0.585430359874,0.641660171005,0.9728,0.8722
MC_first_order,2089,0.713571384085,0.0504126776362,0.904957768042,0.807662749035,0.952,0.8667
MC_first_order,2090,0.746944950324,0.0058925585737,0.290654793305,0.204947570567,0.9804,0.9944
MC_first_order,2091,0.882208094107,0.269626126853,0.396896616389,0.208945089763,0.9737,0.95
MC_first_order,2092,0.731114676413,0.120910684854,0.465649789779,0.753758537649,0.9623,0.9222
MC_first_order,2093,0.361797963292,0.226178114887,0.512443146872,0.189958541954,0.9713,0.9056
MC_first_order,2094,0.72737082373,0.813790059901,0.235067910645,0.0503989877615,0.9544,0.8389
MC_first_order,2095,0.372940806142,0.0112552912526,0.849093106231,0.953333975427,0.9699,0.9111
MC_first_order,2096,0.592868251516,0.523174525276,0.588491869357,0.361797927901,0.9588,0.8444
MC_first_order,2097,0.540343545224,0.614578544199,0.847807931552,0.295736082653,0.9547,0.8389
MC_first_order,2098,0.147103249358,0.444433961158,0.0489314916561,0.311713441548,0.9813,0.95
MC_first_order,2099,0.510153350074,0.855196787199,0.588248755007,0.987090227618,0.9637,0.8778
MC_first_order,2100,0.785015317676,0.984882967966,0.881935668825,0.328886654821,0.9243,0.7111
MC_first_order,2101,0.179462442317,0.697789613292,0.739263740316,0.40732516147,0.9605,0.8556
MC_first_order,2102,0.82062659432,0.644795817404,0.818766613215,0.00187007393904,0.9342,0.7667
MC_first_order,2103,0.839353549305,0.878950525699,0.233854113504,0.839937563435,0.952,0.8056
MC_first_order,2104,0.263521920386,0.849527961419,0.833382972403,0.83021224277,0.9535,0.8222
MC_first_order,2105,0.09511814083,0.19491013179,0.548218931903,0.238730460509,0.974,0.9056
MC_first_order,2106,0.38015069221,0.95944943651,0.911875869741,0.162596093885,0.9497,0.7833
MC_first_order,2107,0.167859758746,0.778884940358,0.568689987079,0.00886015977004,0.9637,0.8611
MC_first_order,2108,0.960253511363,0.18303800571,0.0853043302306,0.884854487802,0.9792,0.9778
MC_first_order,2109,0.826291069508,0.100618865233,0.576603121658,0.94296108433,0.9728,0.9556
MC_first_order,2110,0.995943805905,0.908265003011,0.839180905087,0.936737653593,0.9272,0.7222
MC_first_order,2111,0.399035077227,0.710400558333,0.855454112335,0.820252279445,0.9594,0.8444
MC_first_order,2112,0.597300673825,0.839375954462,0.757494063534,0.922429593166,0.9406,0.7667
MC_first_order,2113,0.906546505106,0.873346931545,0.185599533985,0.339865343159,0.952,0.8056
MC_first_order,2114,0.494322372455,0.00386505921357,0.283352199264,0.87178188383,0.9816,0.9778
MC_first_order,2115,0.975365131057,0.490690383484,0.516845927401,0.11171840886,0.9579,0.8611
MC_first_order,2116,0.536995670889,0.932565850449,0.308540881702,0.656264387075,0.9632,0.8444
MC_first_order,2117,0.816585505848,0.455154427517,0.432019474513,0.713549546944,0.9626,0.8833
MC_first_order,2118,0.177416445897,0.338524904577,0.231136571946,0.0640754312934,0.9825,0.9611
MC_first_order,2119,0.243558620884,0.831570036112,0.748715008334,0.403143957106,0.9579,0.8389
MC_first_order,2120,0.114203262079,0.513117908586,0.286226691463,0.629758699305,0.976,0.9
MC_first_order,2121,0.856490551294,0.361005521187,0.326964845349,0.827105969145,0.969,0.9167
MC_first_order,2122,0.856829654063,0.693317320109,0.335386337138,0.926174790165,0.955,0.8278
MC_first_order,2123,0.063719984306,0.988301053996,0.722269656509,0.0617197551556,0.9582,0.8167
MC_first_order,2124,0.169447122693,0.796161454146,0.934613414986,0.0984721984277,0.9491,0.8056
MC_first_order,2125,0.618898016405,0.857630355803,0.66673911524,0.928068563626,0.9456,0.7778
MC_first_order,2126,0.877905496194,0.176901308841,0.0850065497253,0.892728463641,0.9792,0.9778
MC_first_order,2127,0.246458322066,0.876441724939,0.956418299809,0.386709621744,0.9491,0.8056
MC_first_order,2128,0.766493326047,0.210284808028,0.511447371438,0.123032673298,0.9719,0.95
MC_first_order,2129,0.626880208794,0.142278411131,0.425694542441,0.0242322258942,0.9766,0.9444
MC_first_order,2130,0.977894565769,0.61533182226,0.337995412622,0.225073493749,0.9602,0.8611
MC_first_order,2131,0.783688188937,0.490870155937,0.566118232508,0.0417926044176,0.9579,0.8611
MC_first_order,2132,0.36528952451,0.46654528894,0.840204152156,0.204199054437,0.957,0.8444
MC_first_order,2133,0.049307572451,0.537988407956,0.217357707575,0.0383303256961,0.9772,0.8889
MC_first_order,2134,0.108319454989,0.480359492313,0.42717689422,0.264944389145,0.974,0.8944
MC_first_order,2135,0.704157052589,0.0500202891837,0.293686261022,0.495466883096,0.9798,0.9722
MC_first_order,2136,0.244245263938,0.966391513939,0.33870125184,0.455955110236,0.9673,0.8722
MC_first_order,2137,0.950346381735,0.519761282877,0.233449259157,0.47619306869,0.9643,0.8833
MC_first_order,2138,0.991157337474,0.831249336155,0.310717228796,0.0733156020456,0.9523,0.8111
MC_first_order,2139,0.92524498608,0.299510417424,0.080760104036,0.419999840792,0.9757,0.9556
MC_first_order,2140,0.763415118866,0.371741856361,0.803007485602,0.937858470161,0.945,0.8333
MC_first_order,2141,0.672196431345,0.881883958972,0.589153861541,0.0848843546102,0.9518,0.7944
MC_first_order,2142,0.677265878779,0.255396738323,0.80853712416,0.897348156904,0.9573,0.8667
MC_first_order,2143,0.465999535149,0.704804940183,0.0487776257386,0.575057535334,0.9804,0.9278
MC_first_order,2144,0.659753217638,0.918611383482,0.0694994765326,0.196626264625,0.9632,0.8333
MC_first_order,2145,0.760936105593,0.612705406133,0.449864558721,0.971286485902,0.9564,0.85
MC_first_order,2146,0.0708548375912,0.870478649227,0.112317725353,0.242175270982,0.9746,0.8722
MC_first_order,2147,0.657835496745,0.0514453651899,0.765348984929,0.308377119198,0.9623,0.8944
MC_first_order,2148,0.796076109691,0.600299744299,0.255810944578,0.791114420761,0.9635,0.8778
MC_first_order,2149,0.918247668649,0.790585219914,0.0936643544971,0.4422563548,0.9538,0.8167
MC_first_order,2150,0.0673032834909,0.448801021309,0.282319412835,0.529416930006,0.9769,0.9056
MC_first_order,2151,0.867657370222,0.7449513479,0.793529924134,0.0560581970566,0.9319,0.7444
MC_first_order,2152,0.485236160374,0.416126634649,0.725542742564,0.88667446096,0.9678,0.8889
MC_first_order,2153,0.00743694163287,0.862475599781,0.330719327154,0.0328271619692,0.9749,0.8667
MC_first_order,2154,0.619398886228,0.535063031678,0.960663240818,0.803317621599,0.9398,0.7778
MC_first_order,2155,0.468643482948,0.77964524828,0.890263481402,0.516224324933,0.9582,0.8389
MC_first_order,2156,0.317921051888,0.653041586077,0.850809327664,0.712000572967,0.9576,0.8556
MC_first_order,2157,0.618431012134,0.163650428184,0.728947224448,0.599223225267,0.9591,0.8778
MC_first_order,2158,0.72341367942,0.459243987654,0.0381005769816,0.254503533406,0.9667,0.9056
MC_first_order,2159,0.591980848152,0.155716547822,0.325582017377,0.409450641003,0.9784,0.95
MC_first_order,2160,0.142664012356,0.28141558199,0.449483933383,0.912728295137,0.9766,0.9389
MC_first_order,2161,0.718998678158,0.102014248284,0.391237636847,0.809281065429,0.9725,0.9611
MC_first_order,2162,7.32503254564e-06,0.708253331421,0.718060060977,0.250915257399,0.9713,0.8667
MC_first_order,2163,0.0135731384295,0.309070739238,0.328272409419,0.664555323228,0.988,0.95
MC_first_order,2164,0.0762221163192,0.16634514344,0.721515467124,0.0397976561238,0.9705,0.8944
MC_first_order,2165,0.594741334987,0.371735820801,0.335527758626,0.408648948797,0.9713,0.9056
MC_first_order,2166,0.340745323069,0.79417053347,0.915229376276,0.5697208312,0.9506,0.8111
MC_first_order,2167,0.684430189294,0.844233028535,0.108604873904,0.468722255602,0.9617,0.8278
MC_first_order,2168,0.0269065891763,0.755601786423,0.893987904372,0.135976864411,0.9623,0.8278
MC_first_order,2169,0.422644067235,0.621482796858,0.532278595371,0.0543023876022,0.9661,0.8722
MC_first_order,2170,0.408565636108,0.338541353958,0.602565857996,0.892939990261,0.9687,0.8889
MC_first_order,2171,0.0785100415866,0.540493708634,0.461731983538,0.386661825563,0.9731,0.8889
MC_first_order,2172,0.192526594338,0.451399812974,0.118210092786,0.674405499256,0.9798,0.9444
MC_first_order,2173,0.294459173921,0.872094273638,0.243384141392,0.211256747974,0.9728,0.9
MC_first_order,2174,0.187915087865,0.727263848473,0.840415977163,0.868625497268,0.9544,0.8278
MC_first_order,2175,0.5158416955,0.637970836978,0.356279398151,0.535579684154,0.9658,0.8667
MC_first_order,2176,0.112742080404,0.872359037602,0.425134843406,0.480623681832,0.9661,0.8444
MC_first_order,2177,0.10289314591,0.513579951861,0.19603229295,0.983740620075,0.9804,0.9167
MC_first_order,2178,0.0743753818594,0.354221212988,0.0783066388866,0.201593525326,0.9865,0.9444
MC_first_order,2179,0.501907838172,0.0678370595525,0.633839279284,0.599696514824,0.9757,0.9556
MC_first_order,2180,0.766088975592,0.341576577625,0.635556032371,0.337477424471,0.9605,0.8889
MC_first_order,2181,0.687626843587,0.987529492803,0.178391930125,0.681248332976,0.9599,0.8167
MC_first_order,2182,0.797233317098,0.247851513312,0.0498035222007,0.511801661437,0.9775,0.9667
MC_first_order,2183,0.510457947304,0.611122732153,0.760959345715,0.333588599976,0.9629,0.8833
MC_first_order,2184,0.80632239356,0.712458147062,0.244918818779,0.231722503551,0.9564,0.8333
MC_first_order,2185,0.452701394851,0.857812197953,0.875017738032,0.531565322884,0.9529,0.8056
MC_first_order,2186,0.528830054464,0.494911292084,0.747665592112,0.0222893908253,0.9594,0.8556
MC_first_order,2187,0.708093398529,0.51587185452,0.562889947977,0.854839337789,0.9497,0.8222
MC_first_order,2188,0.107925603824,0.511758118473,0.951343341701,0.245086971977,0.9573,0.8333
MC_first_order,2189,0.616325129938,0.277260326454,0.768052330751,0.639049666408,0.9573,0.8667
MC_first_order,2190,0.139241176296,0.138928678216,0.346910990235,0.444453529865,0.9836,0.9722
MC_first_order,2191,0.797569214655,0.942815161334,0.552593666688,0.0900675645262,0.9456,0.7833
MC_first_order,2192,0.458996028084,0.944310406112,0.078045907732,0.441711697147,0.9693,0.8611
MC_first_order,2193,0.266477441908,0.646308445346,0.211511262028,0.0449303988856,0.9754,0.9167
MC_first_order,2194,0.186387078901,0.524789985605,0.421608218004,0.843478598594,0.9728,0.9111
MC_first_order,2195,0.212605058835,0.650874754523,0.92665832989,0.0257739220801,0.9541,0.8333
MC_first_order,2196,0.491255914906,0.207862031317,0.385651064908,0.258535547148,0.9757,0.9444
MC_first_order,2197,0.758312666056,0.257010755987,0.983081743599,0.206773726916,0.9459,0.85
MC_first_order,2198,0.29463564595,0.638917325033,0.124062214807,0.17250059762,0.9772,0.9278
MC_first_order,2199,0.33410566602,0.663438254974,0.821259473091,0.589763640104,0.9596,0.8611
MC_first_order,2200,0.286332402985,0.563336321263,0.982256462073,0.368829837983,0.9538,0.8389
MC_first_order,2201,0.113442391768,0.0385123156197,0.452772750936,0.949103261389,0.9801,0.9333
MC_first_order,2202,0.940952756921,0.695179406078,0.232202366365,0.377305258069,0.9564,0.8333
MC_first_order,2203,0.212759313324,0.438914014685,0.771050553524,0.0310677682717,0.9675,0.9
MC_first_order,2204,0.520949117175,0.214762775709,0.618886210765,0.789409551609,0.969,0.9056
MC_first_order,2205,0.765571418747,0.347327027361,0.897028477589,0.014064890393,0.9401,0.8111
MC_first_order,2206,0.295304284417,0.147348521606,0.683688126098,0.483512926826,0.9734,0.9333
MC_first_order,2207,0.602473456683,0.0566990263067,0.103600928294,0.74939242346,0.9865,0.9889
MC_first_order,2208,0.64853157263,0.919977040623,0.433303365238,0.597001134551,0.9567,0.8111
MC_first_order,2209,0.428819791449,0.876753733351,0.295398214802,0.491828290719,0.9684,0.8611
MC_first_order,2210,0.787505080104,0.372851326942,0.433827074089,0.0990248375043,0.9661,0.9056
MC_first_order,2211,0.961422177359,0.501079901558,0.470701783948,0.165071478926,0.9599,0.8667
MC_first_order,2212,0.409754877193,0.351777341233,0.186427426486,0.362448528827,0.9819,0.9389
MC_first_order,2213,0.354030349267,0.641393078228,0.0733961182369,0.992903285324,0.9801,0.9333
MC_first_order,2214,0.843478325246,0.0102416319523,0.454261864266,0.734201828453,0.9775,0.9778
MC_first_order,2215,0.0409470794022,0.890803363901,0.968331706133,0.0690629146839,0.9585,0.8
MC_first_order,2216,0.323045934949,0.968153521676,0.284459353006,0.737164076088,0.9602,0.8278
MC_first_order,2217,0.801804656749,0.00414727095143,0.478261938947,0.329892636081,0.9775,0.9778
MC_first_order,2218,0.824270794274,0.0790379772472,0.669983579291,0.0243506875616,0.9655,0.9278
MC_first_order,2219,0.607084919263,0.475077928581,0.927158779018,0.986688287824,0.9444,0.8
MC_first_order,2220,0.822563248631,0.698751329893,0.3771255566,0.591506195666,0.9535,0.8222
MC_first_order,2221,0.424231041029,0.742214971254,0.975940416332,0.658929917945,0.9576,0.8333
MC_first_order,2222,0.14729891255,0.551381070087,0.531688686162,0.897136638642,0.969,0.8944
MC_first_order,2223,0.321156147297,0.396668651097,0.694573601476,0.604547674451,0.9719,0.9167
MC_first_order,2224,0.493632163952,0.601569505575,0.228925606356,0.0898272521861,0.9734,0.9222
MC_first_order,2225,0.436099348048,0.529838572104,0.729284622816,0.397173570074,0.9632,0.8611
MC_first_order,2226,0.335425443785,0.958568148656,0.9082996885,0.209425453211,0.9453,0.7778
MC_first_order,2227,0.855034137466,0.341357391578,0.0515911735341,0.796458056478,0.9722,0.9333
MC_first_order,2228,0.526819349091,0.931495502666,0.434599671853,0.0410237284365,0.9594,0.8333
MC_first_order,2229,0.39180673647,0.696278085049,0.233752026884,0.658359116278,0.9769,0.9111
MC_first_order,2230,0.228215511563,0.668647201381,0.0116116734088,0.707854383488,0.9749,0.9056
MC_first_order,2231,0.204431274372,0.387152577242,0.968626085457,0.10465749378,0.9582,0.8667
MC_first_order,2232,0.075433416405,0.969261038344,0.812409925041,0.567289897652,0.9532,0.8
MC_first_order,2233,0.52547458837,0.460088473178,0.644018214012,0.817024539926,0.962,0.8611
MC_first_order,2234,0.136437672325,0.357358451798,0.503070804946,0.158073723228,0.9751,0.9333
MC_first_order,2235,0.108517591136,0.644074109617,0.984037844727,0.814590807889,0.9532,0.8111
MC_first_order,2236,0.316963438772,0.336688627871,0.987855424419,0.821433842364,0.9605,0.8778
MC_first_order,2237,0.596055842006,0.0800192103749,0.130796611848,0.748774734035,0.9845,0.9778
MC_first_order,2238,0.367617381491,0.661148550519,0.164361198015,0.684798911842,0.9792,0.9222
MC_first_order,2239,0.513595199991,0.110082860203,0.128358515275,0.249330099479,0.9842,0.9722
MC_first_order,2240,0.393518644461,0.539846272511,0.946228505679,0.189356106853,0.9602,0.85
MC_first_order,2241,0.194088073471,0.530786339261,0.222854528601,0.00516476250133,0.9763,0.9222
MC_first_order,2242,0.506117685171,0.412097052972,0.651416047398,0.509478000937,0.969,0.9111
MC_first_order,2243,0.0735860945652,0.440215160254,0.0919796289218,0.0757953532734,0.9857,0.9389
MC_first_order,2244,0.85849190164,0.906810746872,0.956500746644,0.732895149974,0.9243,0.7111
MC_first_order,2245,0.613115570754,0.503737532423,0.523492300611,0.318377619566,0.9596,0.8444
MC_first_order,2246,0.872627256926,0.463736863995,0.913365606216,0.360977497097,0.9365,0.7889
MC_first_order,2247,0.2496262304,0.63833332226,0.704060636088,0.486260957714,0.9623,0.8667
MC_first_order,2248,0.219850966919,0.0839770880301,0.631416791929,0.13448986579,0.9772,0.95
MC_first_order,2249,0.84602964302,0.459732750458,0.723483221595,0.270529449509,0.9459,0.8222
MC_first_order,2250,0.907269641237,0.240903472539,0.991410076362,0.0640686263039,0.9439,0.8389
MC_first_order,2251,0.736855148063,0.298893300787,0.938836111421,0.603946500671,0.9415,0.8278
MC_first_order,2252,0.733926634667,0.546333093873,0.766000219459,0.283371965014,0.938,0.7944
MC_first_order,2253,0.378299201593,0.663116835796,0.0600009293153,0.288162757024,0.9822,0.9333
MC_first_order,2254,0.197130408555,0.175859507213,0.253438285053,0.0253856126061,0.9836,0.9722
MC_first_order,2255,0.556729270614,0.42055652934,0.740129959385,0.960544543061,0.9632,0.8778
MC_first_order,2256,0.597225815055,0.657652913364,0.89529979142,0.962436543405,0.9401,0.7778
MC_first_order,2257,0.442995699815,0.863833443204,0.426077710718,0.460326219468,0.9699,0.8778
MC_first_order,2258,0.254381888848,0.743987489588,0.251714726646,0.315606811904,0.9705,0.8889
MC_first_order,2259,0.444348898149,0.0165625459555,0.81927319245,0.000948392504409,0.9737,0.9278
MC_first_order,2260,0.1336568141,0.897132872742,0.774208082543,0.0214801904814,0.957,0.8333
MC_first_order,2261,0.219998168953,0.412635279406,0.0188487515508,0.234133435557,0.9822,0.9556
MC_first_order,2262,0.345095867765,0.98064813998,0.0520966875902,0.698528702393,0.9678,0.8556
MC_first_order,2263,0.211730785772,0.626313039201,0.0116719223618,0.753244556367,0.9784,0.9278
MC_first_order,2264,0.923806839351,0.0621666346268,0.972718349418,0.859817900392,0.9497,0.8722
MC_first_order,2265,0.308623537325,0.483534467316,0.00519584601935,0.18159078371,0.9816,0.9389
MC_first_order,2266,0.0569473196061,0.344223263429,0.250610067673,0.0693335399349,0.9801,0.9111
MC_first_order,2267,0.0629618379884,0.184670717974,0.0580211672109,0.136117877998,0.9912,0.9722
MC_first_order,2268,0.837635401152,0.425234427748,0.087518589465,0.866166205911,0.967,0.9
MC_first_order,2269,0.171972276706,0.223830547227,0.0435930948248,0.837432104659,0.9839,0.9667
MC_first_order,2270,0.447592276197,0.580148404731,0.511507658594,0.852761983998,0.969,0.8833
MC_first_order,2271,0.901908301235,0.801161996898,0.532102228801,0.696960715246,0.9474,0.7944
MC_first_order,2272,0.216689011743,0.863059459988,0.517065031614,0.0256775171414,0.9629,0.8556
MC_first_order,2273,0.330273328941,0.947258401214,0.292017160935,0.119941093361,0.9614,0.8389
MC_first_order,2274,0.985600769515,0.427981049601,0.574134004964,0.362028817335,0.9596,0.8722
MC_first_order,2275,0.260103891418,0.322286231559,0.932944729103,0.48881567704,0.9614,0.8833
MC_first_order,2276,0.711954150521,0.614193089744,0.245709335555,0.906195797913,0.9637,0.8667
MC_first_order,2277,0.917460882808,0.139265532826,0.0482190988673,0.725487721515,0.9801,0.9833
MC_first_order,2278,0.15053766452,0.867023499658,0.487261461098,0.515952049379,0.9643,0.8611
MC_first_order,2279,0.275405507307,0.555234865709,0.312404209278,0.0162604167664,0.9734,0.9111
MC_first_order,2280,0.535010435793,0.872778490005,0.666163504281,0.465925313633,0.9556,0.8222
MC_first_order,2281,0.848802113558,0.04805015982,0.213021656032,0.367990645592,0.9819,0.9944
MC_first_order,2282,0.0224056510254,0.0899802319781,0.799895781711,0.47049864275,0.9766,0.9111
MC_first_order,2283,0.654608114113,0.184067215817,0.909661741305,0.921958726021,0.9538,0.8556
MC_first_order,2284,0.338378155412,0.198460685977,0.345420839078,0.284664897886,0.9792,0.9556
MC_first_order,2285,0.383111069512,0.684540517247,0.766447696765,0.899742281288,0.9632,0.8611
MC_first_order,2286,0.61496146689,0.821922149921,0.648623417748,0.079420851982,0.9477,0.7833
MC_first_order,2287,0.172800293329,0.236342340999,0.10742459482,0.259590111396,0.9833,0.9667
MC_first_order,2288,0.669424128308,0.743314028365,0.449357363257,0.545718931363,0.9594,0.8278
MC_first_order,2289,0.64148887971,0.684210300457,0.428780954508,0.363191031423,0.9611,0.8389
MC_first_order,2290,0.521413179474,0.581114555705,0.136306727835,0.459731465474,0.9711,0.8889
MC_first_order,2291,0.50147534995,0.760767688467,0.285239758886,0.959001265414,0.9702,0.9056
MC_first_order,2292,0.722886664007,0.622076351545,0.501409506839,0.17095139264,0.9456,0.8167
MC_first_order,2293,0.340712359318,0.309966469794,0.476286000959,0.0731220420167,0.9743,0.9278
MC_first_order,2294,0.0209519262632,0.997239705843,0.00820475893474,0.299957730487,0.9781,0.8722
MC_first_order,2295,0.403267445043,0.987294951342,0.341347233407,0.288765053823,0.9658,0.8444
MC_first_order,2296,0.485022964123,0.627903806432,0.875804693668,0.689183925291,0.9626,0.8667
MC_first_order,2297,0.0760216282591,0.90227089334,0.90785040724,0.104141869943,0.9518,0.7944
MC_first_order,2298,0.819929750086,0.914109724055,0.841014660835,0.9313976277,0.9257,0.7167
MC_first_order,2299,0.307178099173,0.636358038292,0.778443250218,0.832261338044,0.9611,0.8611
MC_first_order,2300,0.60338749989,0.884287912731,0.660308477514,0.382791720866,0.9462,0.7778
MC_first_order,2301,0.946261790317,0.410462225235,0.104530059758,0.912990592762,0.9678,0.9056
MC_first_order,2302,0.371302792072,0.794352007463,0.886501662359,0.781521354321,0.9558,0.8222
MC_first_order,2303,0.689306643478,0.324780982585,0.507690760335,0.393896614906,0.9699,0.9056
MC_first_order,2304,0.808541900552,0.313824470337,0.439693765446,0.774998818125,0.9696,0.9278
MC_first_order,2305,0.113341652071,0.787438574794,0.553900708014,0.677982787875,0.9635,0.8389
MC_first_order,2306,0.680550329952,0.24355795765,0.888911414654,0.620214847114,0.9529,0.85
MC_first_order,2307,0.356926680972,0.106457251164,0.205722086253,0.0349804712051,0.9836,0.9611
MC_first_order,2308,0.290936123149,0.136938701244,0.030195061007,0.0527532451363,0.9865,0.9833
MC_first_order,2309,0.102494569102,0.217609079748,0.0953411049522,0.308177978653,0.9901,0.9667
MC_first_order,2310,0.106472858806,0.15775215722,0.581022827718,0.37556716531,0.9749,0.9111
MC_first_order,2311,0.683772691655,0.231103424077,0.651325256677,0.281294266152,0.9675,0.9056
MC_first_order,2312,0.428588642917,0.253040117876,0.0910940176315,0.998196213086,0.9865,0.9611
MC_first_order,2313,0.258219632595,0.00264354544845,0.61603307885,0.0562935143536,0.9772,0.95
MC_first_order,2314,0.102321996836,0.227380643613,0.202432717719,0.373282491592,0.9857,0.95
MC_first_order,2315,0.335236356902,0.308611496438,0.77776754609,0.381319809283,0.9699,0.9111
MC_first_order,2316,0.899881485952,0.701803544639,0.884402438771,0.432072065029,0.9278,0.7333
MC_first_order,2317,0.337074037425,0.580292474825,0.998711738716,0.0791717402426,0.9567,0.85
MC_first_order,2318,0.681519110685,0.824940726905,0.552187248282,0.123998173839,0.9532,0.8
MC_first_order,2319,0.998109266439,0.327190603005,0.921829678379,0.474776440243,0.9418,0.8222
MC_first_order,2320,0.118015926404,0.533501017937,0.295112915986,0.308933518415,0.976,0.9
MC_first_order,2321,0.891023466998,0.900822602139,0.57554730789,0.656206118873,0.9456,0.7833
MC_first_order,2322,0.664690851297,0.449219640425,0.767651035923,0.607091634009,0.9509,0.8222
MC_first_order,2323,0.992505878911,0.802630813465,0.886817712867,0.0371296500395,0.926,0.7222
MC_first_order,2324,0.467095491213,0.151713533599,0.305639172579,0.0730544649941,0.981,0.95
MC_first_order,2325,0.868608288045,0.455647273721,0.556959921253,0.826690569848,0.9596,0.8722
MC_first_order,2326,0.769419076846,0.867816044154,0.0363158569996,0.101177046616,0.952,0.8056
MC_first_order,2327,0.474399680702,0.585589261185,0.984849588788,0.351155166884,0.9626,0.8667
MC_first_order,2328,0.138080594851,0.244960147579,0.125436635292,0.747172297112,0.9833,0.9667
MC_first_order,2329,0.545354045204,0.249899484879,0.756512037887,0.382780061738,0.9635,0.8833
MC_first_order,2330,0.196873452678,0.0721780244604,0.777497803944,0.829696758675,0.9728,0.9333
MC_first_order,2331,0.710323358078,0.959330629612,0.963835966283,0.00535618338951,0.9327,0.7444
MC_first_order,2332,0.133974584203,0.502888509673,0.516284497587,0.353406321463,0.9699,0.9
MC_first_order,2333,0.216363905828,0.265682960057,0.975386443772,0.493110867029,0.9599,0.8778
MC_first_order,2334,0.421168536912,0.740116291311,0.732131670082,0.799771456872,0.9605,0.8444
MC_first_order,2335,0.783671986867,0.308230548011,0.24480661774,0.502086974,0.974,0.9444
MC_first_order,2336,0.738867994585,0.268006918343,0.906718895492,0.121185659379,0.9447,0.8444
MC_first_order,2337,0.232759862047,0.385388119135,0.177347915864,0.131728614371,0.9825,0.9611
MC_first_order,2338,0.311951164193,0.00832960371488,0.601384568118,0.548565277337,0.9775,0.9556
MC_first_order,2339,0.143284034704,0.740821603723,0.411962244825,0.547583782541,0.9675,0.8778
MC_first_order,2340,0.884529923835,0.500357296668,0.108762636019,0.333625102281,0.9643,0.8833
MC_first_order,2341,0.15333164732,0.887808149155,0.237639622059,0.0712474401255,0.9702,0.8833
MC_first_order,2342,0.451027296751,0.335468792387,0.782752699666,0.0221602955469,0.9705,0.9
MC_first_order,2343,0.223096684026,0.314944811592,0.108028695279,0.513299199707,0.9833,0.9667
MC_first_order,2344,0.894499620781,0.922765718901,0.586113684627,0.0108686104562,0.9442,0.7778
MC_first_order,2345,0.637511825134,0.149511103314,0.535795195878,0.62056483836,0.9743,0.9333
MC_first_order,2346,0.946451137652,0.567706306932,0.253677096781,0.0858605868003,0.9643,0.8833
MC_first_order,2347,0.752249642629,0.353878232504,0.312928469087,0.542488803505,0.9681,0.9167
MC_first_order,2348,0.671446200286,0.60506268338,0.0120679016092,0.836840705728,0.9716,0.8833
MC_first_order,2349,0.661497561735,0.86952946903,0.668624324878,0.657581371864,0.9462,0.7778
MC_first_order,2350,0.270733764843,0.346561452679,0.933647515035,0.314462600415,0.9614,0.8833
MC_first_order,2351,0.910945633048,0.260291077583,0.456830565933,0.964416706297,0.9731,0.95
MC_first_order,2352,0.640065461759,0.520423545764,0.00957109414029,0.394509627033,0.9725,0.8889
MC_first_order,2353,0.131148306964,0.56607752295,0.978086226755,0.260203805683,0.9523,0.8333
MC_first_order,2354,0.92950386501,0.924428364433,0.172641338577,0.885453350294,0.952,0.8056
MC_first_order,2355,0.711025256361,0.167236480419,0.143661797397,0.613885333432,0.9825,0.9778
MC_first_order,2356,0.870864160511,0.301824878266,0.770243335002,0.640665770529,0.9509,0.8611
MC_first_order,2357,0.127001304247,0.705247457568,0.289432478928,0.16973668309,0.9696,0.8944
MC_first_order,2358,0.457950883908,0.0350813599638,0.87407392886,0.0360854961303,0.9705,0.9167
MC_first_order,2359,0.984426307695,0.986438523484,0.890347981436,0.595910089512,0.9243,0.7111
MC_first_order,2360,0.987386482328,0.0444546795514,0.37081203614,0.47452394504,0.9789,0.9833
MC_first_order,2361,0.162178193191,0.687088168619,0.818111291802,0.446550802667,0.9561,0.8389
MC_first_order,2362,0.0553480251767,0.331086029563,0.857935272846,0.987158674543,0.9731,0.8889
MC_first_order,2363,0.384406918159,0.0138455662829,0.869590110914,0.704977170968,0.9699,0.9111
MC_first_order,2364,0.0408889396585,0.50088026558,0.363210817709,0.990477116207,0.9757,0.8833
MC_first_order,2365,0.571243069546,0.929418704895,0.417330147339,0.346518002275,0.9608,0.8333
MC_first_order,2366,0.52927038062,0.0889250274855,0.405134510847,0.314471882208,0.9801,0.9611
MC_first_order,2367,0.176804079012,0.837093871101,0.573601881735,0.719536675304,0.9629,0.8556
MC_first_order,2368,0.605173508919,0.224527152257,0.278705355242,0.184971327037,0.9801,0.9556
MC_first_order,2369,0.628887952914,0.306287882602,0.129948663875,0.821168048998,0.9787,0.9389
MC_first_order,2370,0.130038509464,0.976103071514,0.328226192678,0.673745994364,0.9673,0.8722
MC_first_order,2371,0.984868735803,0.243500284053,0.878842789224,0.331872345834,0.9453,0.8444
MC_first_order,2372,0.535414592373,0.453391366543,0.540899483201,0.683753337699,0.9675,0.8833
MC_first_order,2373,0.767225145025,0.379342601897,0.694420031014,0.875561570245,0.9523,0.8556
MC_first_order,2374,0.509802251536,0.470167215291,0.463579918862,0.183366292206,0.9702,0.9111
MC_first_order,2375,0.607588814946,0.26296033915,0.372726176591,0.929820087919,0.9763,0.9389
MC_first_order,2376,0.288624571121,0.332979699544,0.657927213971,0.603610499253,0.9716,0.9222
MC_first_order,2377,0.849363618819,0.126099601234,0.261645472989,0.175658919822,0.9787,0.9778
MC_first_order,2378,0.142078282745,0.394361275825,0.768756077331,0.831908952763,0.9675,0.9
MC_first_order,2379,0.197628315691,0.709292378819,0.188317514383,0.453114245354,0.9737,0.9056
MC_first_order,2380,0.127003634526,0.237917536625,0.814289903762,0.71792968119,0.9594,0.8778
MC_first_order,2381,0.494229687903,0.887027569074,0.111163345243,0.296313048845,0.9719,0.9056
MC_first_order,2382,0.674810037385,0.129173663063,0.447253833644,0.427401933616,0.9787,0.95
MC_first_order,2383,0.175964865027,0.276174803282,0.261124579461,0.54322233956,0.981,0.9556
MC_first_order,2384,0.338853456164,0.568651712187,0.328941015528,0.721101199336,0.9722,0.9111
MC_first_order,2385,0.877790041311,0.616018387849,0.834551433947,0.464342832724,0.936,0.7778
MC_first_order,2386,0.0842922219253,0.89664069397,0.197965974178,0.0744851748996,0.9716,0.8611
MC_first_order,2387,0.746410019425,0.0943527592525,0.510313091868,0.427868440285,0.9728,0.9611
MC_first_order,2388,0.0517131874266,0.453438867471,0.113967665702,0.699777933256,0.9833,0.9167
MC_first_order,2389,0.842304514762,0.418477119925,0.558972193146,0.392908307383,0.9605,0.8778
MC_first_order,2390,0.598022953756,0.969038590396,0.235973185827,0.596083153441,0.9602,0.8222
MC_first_order,2391,0.0135605194003,0.916340784132,0.0560109538673,0.427595947544,0.9798,0.8833
MC_first_order,2392,0.366701441087,0.546197325016,0.250610245863,0.180337329693,0.9763,0.9111
MC_first_order,2393,0.527190870805,0.815223852853,0.969236016319,0.413470424573,0.9453,0.7889
MC_first_order,2394,0.244243636957,0.321781317857,0.117939748239,0.873517445982,0.9833,0.9667
MC_first_order,2395,0.803067309471,0.138464214736,0.911499163042,0.496726654669,0.948,0.8611
MC_first_order,2396,0.593176241702,0.631121232792,0.748814544692,0.212586532785,0.9459,0.8
MC_first_order,2397,0.355205315673,0.549988149564,0.63045142024,0.722628620463,0.964,0.8722
MC_first_order,2398,0.225320217287,0.196151375677,0.674842830626,0.425336883026,0.9734,0.9333
MC_first_order,2399,0.975220448279,0.956539742469,0.960120985727,0.980345374786,0.9243,0.7111
MC_first_order,2400,0.885641883549,0.795234615263,0.0522909125682,0.797569114112,0.9538,0.8167
MC_first_order,2401,0.839954295218,0.17089516148,0.110798979383,0.902659658741,0.9801,0.9833
MC_first_order,2402,0.173570539407,0.048231567954,0.356330325897,0.349354668777,0.9845,0.9778
MC_first_order,2403,0.302638731601,0.186778998982,0.45673880788,0.843393512307,0.974,0.9278
MC_first_order,2404,0.0349877593531,0.479358277526,0.939105531781,0.808642392226,0.969,0.8667
MC_first_order,2405,0.0279019429535,0.569088865148,0.19420401171,0.153636868557,0.9895,0.9444
MC_first_order,2406,0.86596055213,0.914881201608,0.996420422803,0.015532849832,0.9228,0.7056
MC_first_order,2407,0.0162742383921,0.338505990958,0.373917389941,0.108114955682,0.9871,0.9444
MC_first_order,2408,0.91402604884,0.465750779043,0.985643006094,0.0453816063431,0.9351,0.7833
MC_first_order,2409,0.467865735495,0.104702634005,0.971877643963,0.897142004813,0.9696,0.9111
MC_first_order,2410,0.115822378154,0.353174380133,0.972338705306,0.594205666565,0.9576,0.8389
MC_first_order,2411,0.399537538783,0.609444567277,0.470796733995,0.844554491161,0.9734,0.9
MC_first_order,2412,0.0907702701114,0.574591692277,0.911987839491,0.0292251635201,0.9564,0.8278
MC_first_order,2413,0.310179138705,0.417531021372,0.59821392824,0.832157885972,0.969,0.9
MC_first_order,2414,0.541701294792,0.0849909761854,0.953808271043,0.185466245148,0.9629,0.8944
MC_first_order,2415,0.806987290583,0.111439812341,0.104952336896,0.66488688962,0.9801,0.9833
MC_first_order,2416,0.399422024112,0.846620692934,0.0601288499397,0.105897636282,0.976,0.8944
MC_first_order,2417,0.0822203685939,0.447751761427,0.167700611415,0.162605999252,0.9827,0.9278
MC_first_order,2418,0.454113977171,0.777377749244,0.790523484535,0.400117952838,0.957,0.8278
MC_first_order,2419,0.347405669667,0.25973075716,0.69144909135,0.372087168032,0.9661,0.8889
MC_first_order,2420,0.704697062482,0.115411159562,0.223187284117,0.547163487153,0.9819,0.9778
MC_first_order,2421,0.00537321094201,0.8970739534,0.840863726131,0.435646390688,0.9602,0.8111
MC_first_order,2422,0.0997903265438,0.377595180223,0.346130837722,0.354068003226,0.9763,0.9056
MC_first_order,2423,0.436748473057,0.142825975374,0.0611583210105,0.0765732042901,0.9883,0.9722
MC_first_order,2424,0.141971057116,0.196155997563,0.416381692388,0.145653887567,0.9798,0.9556
MC_first_order,2425,0.145979947842,0.580939226982,0.566048501047,0.278411041477,0.969,0.8944
MC_first_order,2426,0.705347517249,0.532546436497,0.207295909328,0.86253365027,0.967,0.8833
MC_first_order,2427,0.569600452404,0.140638009073,0.498274773251,0.0471654043066,0.9778,0.9444
MC_first_order,2428,0.307878391533,0.887028749026,0.392063101536,0.499476626639,0.9646,0.8611
MC_first_order,2429,0.032208450684,0.440951459636,0.872172304077,0.910267619719,0.9754,0.8944
MC_first_order,2430,0.46019855969,0.985131404944,0.977458367685,0.111653215777,0.9488,0.7833
MC_first_order,2431,0.820961730983,0.24728326823,0.604017900399,0.476927889196,0.9687,0.9333
MC_first_order,2432,0.221777707984,0.19553924663,0.986171536748,0.869449905613,0.9617,0.8889
MC_first_order,2433,0.411973816886,0.817312719128,0.698411111886,0.375571762584,0.9594,0.8333
MC_first_order,2434,0.815962968422,0.841989192651,0.339911370359,0.916053300166,0.9523,0.8111
MC_first_order,2435,0.357173284031,0.216883203993,0.890000654194,0.797107396518,0.9582,0.8556
MC_first_order,2436,0.220284826978,0.52700811868,0.157553666164,0.770564259115,0.9763,0.9222
MC_first_order,2437,0.10794030753,0.99558539954,0.904827536329,0.363388509574,0.9518,0.7944
MC_first_order,2438,0.911343917603,0.452793271419,0.607089570161,0.907051892673,0.9567,0.8611
MC_first_order,2439,0.0222062132358,0.00706260408306,0.312472164625,0.538804513557,0.9915,0.9722
MC_first_order,2440,0.736671507364,0.200526726996,0.070355255815,0.00245948494664,0.9772,0.9722
MC_first_order,2441,0.00449796933482,0.206330905765,0.944330605686,0.419677034221,0.9705,0.8833
MC_first_order,2442,0.265152997454,0.18327734979,0.440274587092,0.243547037556,0.9778,0.95
MC_first_order,2443,0.212310027137,0.454176392831,0.418684324475,0.974173888762,0.9754,0.9278
MC_first_order,2444,0.422167644953,0.0431839904942,0.0592118775475,0.714764698622,0.9918,0.9944
MC_first_order,2445,0.527517621312,0.592951238355,0.958110564299,0.296721545568,0.9506,0.8222
MC_first_order,2446,0.178854325715,0.411264187013,0.954210878756,0.892718315366,0.9573,0.8611
MC_first_order,2447,0.565541064461,0.743656602643,0.306325282862,0.457578873637,0.9649,0.8556
MC_first_order,2448,0.211139593886,0.599376905851,0.783879163057,0.559813353924,0.9632,0.8722
MC_first_order,2449,0.857802923213,0.239456712717,0.789568590187,0.707869542905,0.9526,0.8722
MC_first_order,2450,0.865567989325,0.550075423739,0.304945380974,0.384020163335,0.9629,0.8778
MC_first_order,2451,0.718860074679,0.291396901031,0.973604401664,0.701424956499,0.9433,0.8389
MC_first_order,2452,0.996904257624,0.419454223241,0.511846100934,0.773234877406,0.9605,0.8778
MC_first_order,2453,0.970542127874,0.100674217948,0.881433899664,0.935556682988,0.948,0.8611
MC_first_order,2454,0.370872074733,0.36260405184,0.103521131833,0.673987781925,0.9848,0.95
MC_first_order,2455,0.431540195769,0.371610198656,0.201499149879,0.843557602324,0.9804,0.9333
MC_first_order,2456,0.0385369068831,0.925897274145,0.135698711997,0.43911046611,0.9705,0.8389
MC_first_order,2457,0.265397616839,0.0600691522185,0.0689654100822,0.114038835792,0.9874,0.9889
MC_first_order,2458,0.0182634129756,0.244764662182,0.312975463527,0.557018074002,0.988,0.95
MC_first_order,2459,0.90758015275,0.510830359767,0.862636515014,0.409997486542,0.9357,0.7833
MC_first_order,2460,0.83936263929,0.237894539139,0.381961883259,0.22686041018,0.9754,0.9611
MC_first_order,2461,0.376987687507,0.49167045651,0.983726314591,0.753762797337,0.9611,0.8556
MC_first_order,2462,0.405541063937,0.283458503254,0.732120938044,0.635116168229,0.9667,0.8833
MC_first_order,2463,0.97107371008,0.921503137296,0.0731423136051,0.893575400621,0.952,0.8056
MC_first_order,2464,0.089111594356,0.317030162887,0.305225252682,0.235144602421,0.9787,0.9167
MC_first_order,2465,0.384772152795,0.211932850843,0.478470090126,0.273081964659,0.9778,0.9278
MC_first_order,2466,0.526556486209,0.981187000324,0.0529550406656,0.101992931469,0.9664,0.8556
MC_first_order,2467,0.159084448206,0.212899837858,0.962119715845,0.815377517113,0.9599,0.8778
MC_first_order,2468,0.474153914917,0.998195634969,0.0449243584673,0.0410327402874,0.9716,0.8722
MC_first_order,2469,0.178429004346,0.802652123061,0.816397303058,0.340153781511,0.9535,0.8222
MC_first_order,2470,0.896035688143,0.399574404469,0.595654686786,0.777694110674,0.9599,0.8778
MC_first_order,2471,0.75885518863,0.563075361144,0.336321972114,0.166617429973,0.962,0.8778
MC_first_order,2472,0.416310473712,0.96024358322,0.992905116726,0.877532017162,0.9468,0.7722
MC_first_order,2473,0.724604677793,0.0162494103394,0.486181782402,0.98460525469,0.9632,0.9278
MC_first_order,2474,0.510030855963,0.645936615893,0.607574350517,0.56211072688,0.9664,0.8944
MC_first_order,2475,0.653520018928,0.494194326493,0.417149312579,0.950067992254,0.9661,0.8667
MC_first_order,2476,0.381328671226,0.62149629368,0.953016647017,0.293089501304,0.9602,0.85
MC_first_order,2477,0.131424912444,0.0110409887768,0.109094236707,0.230196877464,0.986,0.9833
MC_first_order,2478,0.487014934201,0.0245633291626,0.903617227086,0.56856550675,0.9699,0.9333
MC_first_order,2479,0.642324486013,0.961901717591,0.297054037264,0.420200944611,0.9579,0.8111
MC_first_order,2480,0.961616489763,0.906065102244,0.792653587732,0.282244075267,0.9292,0.7278
MC_first_order,2481,0.89964132755,0.0195504346798,0.115161346414,0.5451581687,0.9819,0.9944
MC_first_order,2482,0.0429730758097,0.11601437048,0.976416323413,0.348621846882,0.9737,0.9
MC_first_order,2483,0.13448820027,0.864573091213,0.174345420404,0.845987151257,0.9702,0.8833
MC_first_order,2484,0.377788426372,0.263379117234,0.821132976331,0.232190914753,0.9646,0.8778
MC_first_order,2485,0.962929500158,0.0742046314552,0.0598117187025,0.143334099976,0.981,0.9889
MC_first_order,2486,0.949258531197,0.267438341332,0.240313455208,0.365343838433,0.9766,0.9611
MC_first_order,2487,0.0268371589277,0.597867817061,0.417454891229,0.842766226152,0.9827,0.9167
MC_first_order,2488,0.846257529664,0.512095577727,0.605727750573,0.94547587809,0.9541,0.8444
MC_first_order,2489,0.361727220746,0.938378046073,0.53616918969,0.0750106570444,0.9553,0.8111
MC_first_order,2490,0.173252821825,0.762465317868,0.99247652899,0.021240201935,0.9456,0.7944
MC_first_order,2491,0.143310010334,0.77617914952,0.842530594202,0.150053584039,0.9535,0.8222
MC_first_order,2492,0.383307115798,0.596137864666,0.579981023063,0.40804010369,0.9661,0.8722
MC_first_order,2493,0.579482849528,0.939849772498,0.895886464999,0.29111024842,0.9357,0.75
MC_first_order,2494,0.981698331109,0.284114802091,0.324648299378,0.438533359571,0.9751,0.9556
MC_first_order,2495,0.845439770202,0.0486909731534,0.916389699547,0.796898313728,0.9497,0.8722
MC_first_order,2496,0.48767236808,0.438060961396,0.751747457576,0.795622138581,0.964,0.8889
MC_first_order,2497,0.602369306526,0.0479528679271,0.451772736963,0.308828992199,0.9792,0.9611
MC_first_order,2498,0.463829737487,0.893904194505,0.180419354465,0.956005543572,0.9667,0.8556
MC_first_order,2499,0.393498301964,0.717671843863,0.677051916147,0.769569091356,0.9643,0.8611
MC_first_order,2500,0.753811455508,0.242288274566,0.652201067034,0.364330444582,0.9664,0.9278
MC_first_order,2501,0.962969361627,0.123549245662,0.087890519965,0.130312496392,0.9801,0.9833
MC_first_order,2502,0.032224641424,0.107822154079,0.412559972245,0.599732119993,0.9889,0.9611
MC_first_order,2503,0.450175915477,0.0619978883694,0.12616343676,0.0305404820063,0.9898,0.9889
MC_first_order,2504,0.611931289643,0.285296434502,0.544834601719,0.34029910693,0.9719,0.9222
MC_first_order,2505,0.865986098389,0.464989484018,0.222477775956,0.79285880485,0.9661,0.8944
MC_first_order,2506,0.487489211712,0.611580596475,0.922081397399,0.0736556570543,0.9602,0.8722
MC_first_order,2507,0.344151789733,0.347882011776,0.294439432435,0.0413935807049,0.9772,0.9389
MC_first_order,2508,0.362261632079,0.744569812688,0.981745344738,0.8571163754,0.952,0.8167
MC_first_order,2509,0.870332734568,0.194184574953,0.0577808187665,0.590283852993,0.9792,0.9778
MC_first_order,2510,0.972553159564,0.0352293558297,0.454294117064,0.36821511272,0.9775,0.9778
MC_first_order,2511,0.785310875106,0.796675860646,0.763126383447,0.792834327778,0.9325,0.7444
MC_first_order,2512,0.0175259063962,0.707400978393,0.85197110326,0.3176661278,0.9655,0.8444
MC_first_order,2513,0.0360973392002,0.831899457743,0.896396696925,0.0173114816371,0.9608,0.8111
MC_first_order,2514,0.559792778753,0.300558780691,0.711135534342,0.489864038608,0.9649,0.8889
MC_first_order,2515,0.852852535797,0.824240168828,0.196913876161,0.604124729395,0.9529,0.8111
MC_first_order,2516,0.150423281938,0.112739560931,0.690832715206,0.415121085302,0.9734,0.9333
MC_first_order,2517,0.894744898155,0.919270796597,0.816225749759,0.473507127571,0.9272,0.7222
MC_first_order,2518,0.136810442711,0.328264725929,0.00949352690644,0.51047379565,0.9845,0.9667
MC_first_order,2519,0.795677796568,0.0358340906434,0.956777855131,0.0025993761511,0.9497,0.8722
MC_first_order,2520,0.974252303707,0.31120535943,0.260559426935,0.927342854973,0.9725,0.9389
MC_first_order,2521,0.476309341746,0.469680066825,0.927212107937,0.978885916795,0.9626,0.8667
MC_first_order,2522,0.0274942167805,0.662343010612,0.0924029600921,0.569624115936,0.9877,0.9333
MC_first_order,2523,0.404171552798,0.763979495623,0.71894409627,0.650508915482,0.9596,0.8389
MC_first_order,2524,0.82951854249,0.447823029474,0.309077133497,0.0655943895145,0.9655,0.8944
MC_first_order,2525,0.416140760998,0.738541084202,0.0313920431395,0.281635837401,0.981,0.9222
MC_first_order,2526,0.993305061011,0.359892178782,0.961922500952,0.713303412755,0.9401,0.8111
MC_first_order,2527,0.198140429687,0.257569337547,0.803807176126,0.700313094515,0.9673,0.9056
MC_first_order,2528,0.284848211757,0.512181143422,0.698937796909,0.66680922801,0.9655,0.8833
MC_first_order,2529,0.82735344896,0.408665015756,0.93219396218,0.632074748043,0.9383,0.8
MC_first_order,2530,0.574182789518,0.966561010951,0.589538882848,0.519322685471,0.9526,0.8056
MC_first_order,2531,0.0494378562527,0.0567277124929,0.890175484598,0.515721072084,0.9766,0.9111
MC_first_order,2532,0.385185423939,0.164434463777,0.164144243919,0.389609652612,0.9854,0.9611
MC_first_order,2533,0.476613806667,0.652755149806,0.139275849894,0.217565194609,0.9816,0.9389
MC_first_order,2534,0.375236503349,0.0701306134364,0.583853709863,0.840873817837,0.9757,0.9333
MC_first_order,2535,0.901266555678,0.629112426912,0.225126796897,0.911149992886,0.9617,0.8667
MC_first_order,2536,0.58760349605,0.816262141788,0.176392187398,0.0592612712107,0.9626,0.8389
MC_first_order,2537,0.129132332937,0.0287956716274,0.537780878133,0.514006468337,0.9737,0.9389
MC_first_order,2538,0.871682461615,0.639138267281,0.502578124508,0.015363526928,0.9573,0.85
MC_first_order,2539,0.902914406483,0.459472885767,0.0364558630226,0.604307822139,0.9661,0.8944
MC_first_order,2540,0.905493134273,0.0592492134672,0.672006068804,0.569018141738,0.9673,0.9389
MC_first_order,2541,1.70287628742e-06,0.254847705214,0.117260776307,0.471106042937,0.9939,0.9722
MC_first_order,2542,0.473881037569,0.303160982856,0.696276831814,0.837657354819,0.9702,0.9
MC_first_order,2543,0.0194118011274,0.387687952383,0.234802968001,0.523757109282,0.993,0.9667
MC_first_order,2544,0.370484254928,0.716836382332,0.395046493751,0.160292952835,0.9746,0.9
MC_first_order,2545,0.768794241767,0.275473927236,0.397459422006,0.780298028736,0.9737,0.95
MC_first_order,2546,0.373841975106,0.144686916984,0.418637017763,0.116977386064,0.9825,0.95
MC_first_order,2547,0.548228532656,0.0146541826026,0.174946812122,0.816025305661,0.9877,0.9889
MC_first_order,2548,0.583299365535,0.449634926873,0.893404333065,0.119519021906,0.9444,0.8056
MC_first_order,2549,0.261331956665,0.265306505178,0.753321176042,0.385443293988,0.9711,0.9222
MC_first_order,2550,0.0338257436778,0.328585572155,0.0563507809129,0.117139533409,0.9874,0.9389
MC_first_order,2551,0.403636236348,0.905395782158,0.337653332943,0.59638131595,0.9675,0.8556
MC_first_order,2552,0.485554391509,0.498220826226,0.829168091962,0.181972407342,0.9626,0.8667
MC_first_order,2553,0.138894982432,0.225458313166,0.35490451473,0.286233311283,0.9819,0.9611
MC_first_order,2554,0.223552991434,0.19871818752,0.60291227136,0.360638414103,0.9763,0.9444
MC_first_order,2555,0.629915167146,0.179983394399,0.341336015643,0.195989087054,0.9795,0.9556
MC_first_order,2556,0.827881186879,0.27217922038,0.301584074418,0.125819282022,0.9751,0.9556
MC_first_order,2557,0.56459881908,0.273241028825,0.680988667049,0.393006026859,0.9678,0.9
MC_first_order,2558,0.600282820598,0.525659308644,0.924976531137,0.248019547689,0.9436,0.7944
MC_first_order,2559,0.852577151762,0.187972753736,0.553759645275,0.683200066826,0.9719,0.95
MC_first_order,2560,0.0209780364609,0.307334005011,0.408338206792,0.155538183776,0.988,0.95
MC_first_order,2561,0.751334493251,0.111911100855,0.421636764809,0.191108993148,0.9757,0.9722
MC_first_order,2562,0.708386402571,0.694776713361,0.790878035406,0.52626588635,0.936,0.7611
MC_first_order,2563,0.605717554499,0.905038273715,0.415760625496,0.94760528964,0.9553,0.8056
MC_first_order,2564,0.290322097286,0.414027122738,0.884302984353,0.0912317449398,0.9626,0.8833
MC_first_order,2565,0.44503751682,0.720437244643,0.586936477521,0.0261366156389,0.9667,0.8722
MC_first_order,2566,0.376741547847,0.826322307401,0.438415919156,0.327481964918,0.9696,0.8722
MC_first_order,2567,0.249224544949,0.748735445764,0.0455464086848,0.759053665998,0.9725,0.8944
MC_first_order,2568,0.283111871137,0.482402519513,0.831142356528,0.801365465678,0.9596,0.8611
MC_first_order,2569,0.769183778266,0.173256878539,0.140058362952,0.871988965713,0.9801,0.9833
MC_first_order,2570,0.56224649088,0.285561525313,0.402595353229,0.386487251084,0.9757,0.9278
MC_first_order,2571,0.840482351069,0.762267090389,0.436460558892,0.749693668436,0.9512,0.8111
MC_first_order,2572,0.803038205725,0.275453544756,0.192192616296,0.517254131448,0.9766,0.9611
MC_first_order,2573,0.0571415274833,0.726954638412,0.344682040993,0.41414817426,0.9705,0.85
MC_first_order,2574,0.88535047345,0.229204608571,0.120628409226,0.881348762097,0.9784,0.9722
MC_first_order,2575,0.0112694347785,0.91362379551,0.576785769918,0.051454928971,0.9705,0.85
MC_first_order,2576,0.778304655181,0.266852202659,0.352881033157,0.90787209483,0.9751,0.9556
MC_first_order,2577,0.0864953740168,0.342235258288,0.928141035192,0.484398479515,0.9591,0.8444
MC_first_order,2578,0.57616982121,0.0413197965923,0.993428727756,0.636478924334,0.9474,0.8389
MC_first_order,2579,0.862595262177,0.111293718887,0.144947634925,0.268238967245,0.9801,0.9833
MC_first_order,2580,0.779906658164,0.0554233453751,0.9322271097,0.886949541738,0.9497,0.8722
MC_first_order,2581,0.365654427738,0.393203966784,0.621938568679,0.57296182458,0.9667,0.8833
MC_first_order,2582,0.174088780382,0.428502064672,0.111751949382,0.988513644696,0.9807,0.95
MC_first_order,2583,0.208604073308,0.858946723597,0.515393914523,0.485024197993,0.9629,0.8556
MC_first_order,2584,0.376011713706,0.868055046271,0.42991478977,0.152133268588,0.9684,0.8611
MC_first_order,2585,0.392622492267,0.084114161429,0.307360374505,0.257800973157,0.986,0.9722
MC_first_order,2586,0.956448272927,0.460633325296,0.754924182673,0.0217534204513,0.9444,0.8167
MC_first_order,2587,0.318105610279,0.79538285804,0.618572060612,0.961991465372,0.9608,0.85
MC_first_order,2588,0.395055080558,0.872721114426,0.165808803459,0.543813839752,0.9713,0.8722
MC_first_order,2589,0.51422563565,0.450283151449,0.913852828374,0.944732731946,0.9523,0.8333
MC_first_order,2590,0.595894242766,0.940074185231,0.295713024913,0.342506469642,0.9582,0.8222
MC_first_order,2591,0.977986547003,0.315601571106,0.985649650007,0.067457592299,0.9412,0.8222
MC_first_order,2592,0.291796063607,0.630112616258,0.874517111322,0.0195802999738,0.9573,0.85
MC_first_order,2593,0.200241495707,0.0239629827667,0.182373035065,0.519368002135,0.986,0.9833
MC_first_order,2594,0.236162734281,0.116374012403,0.674164060376,0.140913815563,0.9734,0.9333
MC_first_order,2595,0.97071832512,0.859656744152,0.894065037613,0.92102894717,0.9243,0.7111
MC_first_order,2596,0.914238635576,0.876208846385,0.269082739004,0.00852098072282,0.9515,0.8056
MC_first_order,2597,0.0909533941146,0.00356054150027,0.354711894333,0.431603562919,0.9816,0.9389
MC_first_order,2598,0.711663974366,0.398562235647,0.0858721860344,0.405239029097,0.9751,0.9278
MC_first_order,2599,0.677431656256,0.602360471926,0.0256097372336,0.420657167625,0.9702,0.8778
MC_first_order,2600,0.719397479467,0.173797551611,0.354452868114,0.788535476343,0.9722,0.9556
MC_first_order,2601,0.843470851981,0.28478906033,0.0745019675737,0.231587790869,0.9766,0.9611
MC_first_order,2602,0.769339408351,0.748475693561,0.143538617899,0.334175977081,0.9556,0.8278
MC_first_order,2603,0.420644867707,0.489868484078,0.345784435323,0.043683355765,0.9772,0.9167
MC_first_order,2604,0.390327515172,0.544439651818,0.91684240625,0.00229015649584,0.9602,0.85
MC_first_order,2605,0.804159826607,0.411275293801,0.205477373591,0.800063140347,0.9678,0.9056
MC_first_order,2606,0.00634913743271,0.209445046612,0.453383331776,0.313222009694,0.9865,0.9444
MC_first_order,2607,0.750891727243,0.0304951208869,0.518312286464,0.0999940580184,0.9746,0.9722
MC_first_order,2608,0.0267507062649,0.213767346021,0.102545386178,0.122429766901,0.9939,0.9722
MC_first_order,2609,0.37376844878,0.99662773955,0.981479211806,0.253064186273,0.9497,0.7833
MC_first_order,2610,0.24101032395,0.393753309411,0.19161660749,0.744269212592,0.9816,0.9556
MC_first_order,2611,0.478573279484,0.618822536414,0.431413137486,0.216370929536,0.9743,0.9111
MC_first_order,2612,0.138561415371,0.160282188803,0.389056946004,0.483015163113,0.9822,0.9667
MC_first_order,2613,0.0336109982822,0.420817665299,0.232010576922,0.688600815829,0.9798,0.9056
MC_first_order,2614,0.938171718253,0.432071115477,0.0633112239279,0.572813653006,0.967,0.9
MC_first_order,2615,0.591251228173,0.415566335094,0.563341660773,0.835262055397,0.9637,0.8722
MC_first_order,2616,0.238046596488,0.363075791288,0.746549091236,0.0665132332079,0.9693,0.9111
MC_first_order,2617,0.686863425104,0.172779204809,0.283354411693,0.806042234473,0.983,0.9667
MC_first_order,2618,0.771902758373,0.41465703578,0.740886962104,0.175780226442,0.9477,0.8333
MC_first_order,2619,0.606301219558,0.561984615345,0.932393834355,0.861172159232,0.9412,0.7833
MC_first_order,2620,0.522319693815,0.2407311399,0.174722830828,0.95015175746,0.9798,0.9444
MC_first_order,2621,0.104048937752,0.27272552583,0.563421935896,0.0501664555306,0.9731,0.9
MC_first_order,2622,0.933983722367,0.691408902436,0.858104877601,0.452705607722,0.9278,0.7333
MC_first_order,2623,0.666518724685,0.00852755576083,0.825943398786,0.856259688732,0.9608,0.8889
MC_first_order,2624,0.494074131056,0.658787538141,0.218612374893,0.291129878776,0.9725,0.9167
MC_first_order,2625,0.398461808514,0.763346637933,0.961862046904,0.182218970444,0.9567,0.8278
MC_first_order,2626,0.94518290336,0.671505097704,0.140844656279,0.789225150415,0.9573,0.8389
MC_first_order,2627,0.292770195267,0.0339082989711,0.405843535826,0.105493551683,0.9816,0.9667
MC_first_order,2628,0.897415864803,0.191863685901,0.242148070376,0.0750573593718,0.9792,0.9778
MC_first_order,2629,0.482901243943,0.508334496068,0.230470761175,0.711793919548,0.9772,0.9222
MC_first_order,2630,0.927970123177,0.158167507552,0.261495024899,0.198626829631,0.9787,0.9778
MC_first_order,2631,0.418836131169,0.432077174696,0.351604539864,0.553898086883,0.9781,0.9222
MC_first_order,2632,0.907866370632,0.571121337494,0.123089189193,0.500978538321,0.9635,0.8778
MC_first_order,2633,0.53670766422,0.498787979369,0.255080883645,0.380741893789,0.9716,0.8944
MC_first_order,2634,0.326008941573,0.586321986725,0.989296093364,0.443584078971,0.9567,0.85
MC_first_order,2635,0.351733098235,0.0664186762386,0.139212066011,0.247233816707,0.9889,0.9889
MC_first_order,2636,0.55526252199,0.635595885983,0.387363918032,0.82225212618,0.967,0.8722
MC_first_order,2637,0.984745242121,0.357949178835,0.847582014902,0.51769953937,0.9415,0.8167
MC_first_order,2638,0.232849483677,0.138643730943,0.486814033222,0.676438867636,0.9778,0.95
MC_first_order,2639,0.381842668692,0.664181383516,0.719304716595,0.0440705764882,0.9632,0.8611
MC_first_order,2640,0.370230020922,0.638450338533,0.805444673088,0.127303347682,0.9602,0.85
MC_first_order,2641,0.652410029042,0.326565386078,0.952341853094,0.543952341699,0.9474,0.8222
MC_first_order,2642,0.972961735819,0.798297913536,0.534714679964,0.318763976823,0.9474,0.7944
MC_first_order,2643,0.266204182015,0.266042680066,0.103562093923,0.99059116804,0.9842,0.9722
MC_first_order,2644,0.828134026349,0.657014022286,0.138990302546,0.946845067681,0.9591,0.85
MC_first_order,2645,0.517624339181,0.62086643896,0.217029132036,0.913243750987,0.9711,0.8889
MC_first_order,2646,0.0370965814423,0.410366660042,0.42776503011,0.947757085082,0.9784,0.9
MC_first_order,2647,0.564141925663,0.550609126886,0.432788275339,0.665683974032,0.9673,0.8778
MC_first_order,2648,0.0234387915416,0.869876535239,0.908345264441,0.463509754475,0.9582,0.8056
MC_first_order,2649,0.451008957448,0.519751877982,0.570907691822,0.802772979313,0.9684,0.8833
MC_first_order,2650,0.77400509135,0.349161905096,0.214074897161,0.935354530492,0.9705,0.9222
MC_first_order,2651,0.160800480199,0.751825844023,0.529211540013,0.255539436514,0.9646,0.8667
MC_first_order,2652,0.248747747438,0.141830101878,0.584421549313,0.544009683623,0.9763,0.9444
MC_first_order,2653,0.0924675531861,0.548007008413,0.118982340667,0.950087227492,0.9819,0.9222
MC_first_order,2654,0.856091395104,0.237180360918,0.65279832607,0.427310892742,0.9667,0.9278
MC_first_order,2655,0.136107765509,0.625211166331,0.956334874679,0.705418006019,0.9529,0.8333
MC_first_order,2656,0.943743944409,0.611348764293,0.776519437903,0.119896741885,0.9404,0.7944
MC_first_order,2657,0.0714579018534,0.140260314064,0.759151450874,0.896154059171,0.9675,0.8833
MC_first_order,2658,0.17846266444,0.449709945963,0.861926926475,0.681103200961,0.9608,0.8722
MC_first_order,2659,0.404948444119,0.942600845981,0.776543794099,0.0534106682494,0.9535,0.8
MC_first_order,2660,0.59062866154,0.52041579216,0.589711154793,0.557569936263,0.9588,0.8444
MC_first_order,2661,0.79393455272,0.777773754455,0.102679897658,0.901209106582,0.9538,0.8167
MC_first_order,2662,0.478037705854,0.773521096249,0.215969797236,0.367017701449,0.9728,0.8944
MC_first_order,2663,0.436523966575,0.996201212231,0.945813970977,0.715163132989,0.9497,0.7833
MC_first_order,2664,0.310067011948,0.416921026611,0.217824321407,0.80588936569,0.9778,0.9333
MC_first_order,2665,0.62843791272,0.759622922502,0.407191704174,0.0196316215554,0.9579,0.8222
MC_first_order,2666,0.35160316025,0.27842978173,0.38337803932,0.317982687165,0.9754,0.9222
MC_first_order,2667,0.345121536497,0.864099658187,0.0386704626486,0.337858577754,0.9722,0.8833
MC_first_order,2668,0.558570008654,0.298720310234,0.657043972311,0.744714067203,0.9693,0.9056
MC_first_order,2669,0.357033025389,0.695038624161,0.300437932505,0.430622855431,0.9728,0.9
MC_first_order,2670,0.810815340882,0.105861027414,0.543477712489,0.499452553711,0.9728,0.9556
MC_first_order,2671,0.762818090507,0.226834509742,0.657978918818,0.54440944723,0.9658,0.9278
MC_first_order,2672,0.869829647183,0.877543489051,0.814170019283,0.541170752984,0.9272,0.7222
MC_first_order,2673,0.281319991077,0.821956892626,0.411704203992,0.317153489356,0.9652,0.8667
MC_first_order,2674,0.337463716685,0.890896531002,0.137903369322,0.863506517775,0.9675,0.8667
MC_first_order,2675,0.677963627109,0.767803941654,0.639230021262,0.843680910377,0.95,0.7944
MC_first_order,2676,0.0374616884553,0.513882415569,0.709904873322,0.292752395455,0.9708,0.8667
MC_first_order,2677,0.912915822008,0.119362348199,0.427174161388,0.161855478002,0.9757,0.9667
MC_first_order,2678,0.650545915038,0.798477722873,0.164380414171,0.881751728449,0.9635,0.8389
MC_first_order,2679,0.456551795494,0.869494060348,0.558597838111,0.737918821617,0.9564,0.8167
MC_first_order,2680,0.312109657637,0.407323059578,0.387822250205,0.923890317966,0.9728,0.9222
MC_first_order,2681,0.251983582129,0.753839000556,0.689408781998,0.934646231829,0.9602,0.85
MC_first_order,2682,0.849465801381,0.572280499279,0.0236117036107,0.956619357972,0.9635,0.8778
MC_first_order,2683,0.873677414902,0.663357514186,0.337111604466,0.0336777595721,0.9567,0.8389
MC_first_order,2684,0.601662222875,0.931386135246,0.203127824156,0.139410025263,0.9611,0.8278
MC_first_order,2685,0.288946840367,0.879868325748,0.851871463041,0.945033076003,0.952,0.8167
MC_first_order,2686,0.67099800484,0.585923457371,0.565238453263,0.529725442865,0.9594,0.8389
MC_first_order,2687,0.472599360319,0.871963892237,0.131336156349,0.822559770783,0.9737,0.8889
MC_first_order,2688,0.474702127416,0.783564668498,0.882493429564,0.196358274711,0.9582,0.8389
MC_first_order,2689,0.0588536258356,0.828716644614,0.0149052177484,0.574781863421,0.9757,0.8611
MC_first_order,2690,0.144071134211,0.402872209737,0.663799777386,0.862131490266,0.9705,0.9111
MC_first_order,2691,0.754014727822,0.396503970271,0.863477275613,0.639054453284,0.9398,0.8111
MC_first_order,2692,0.805523589003,0.617830055224,0.0194906542874,0.866157728463,0.9617,0.8667
MC_first_order,2693,0.500456480183,0.534582197441,0.756823645296,0.954814802046,0.9632,0.8833
MC_first_order,2694,0.454691929793,0.521148899877,0.562348364653,0.370778109941,0.9643,0.8667
MC_first_order,2695,0.112196151502,0.836592930499,0.197639686343,0.102698596287,0.9734,0.8722
MC_first_order,2696,0.0372203849841,0.746390595789,0.477286350623,0.702550618759,0.9705,0.85
MC_first_order,2697,0.588219255395,0.682451463229,0.810810101071,0.00188679558786,0.9421,0.7833
MC_first_order,2698,0.275343786343,0.262062725731,0.388610384754,0.0619035268839,0.9798,0.9556
MC_first_order,2699,0.902682765844,0.316133656124,0.628675092653,0.0847000554311,0.9623,0.9
MC_first_order,2700,0.596988935314,0.652859408955,0.0373295849114,0.0929996067356,0.9684,0.8722
MC_first_order,2701,0.42898390335,0.753518665112,0.146185055049,0.503149014325,0.9781,0.9111
MC_first_order,2702,0.016898917008,0.53197818145,0.94968849733,0.163456415051,0.9678,0.8667
MC_first_order,2703,0.513098011957,0.434327552117,0.0879570591893,0.118902994279,0.9743,0.9056
MC_first_order,2704,0.629351841885,0.3757125121,0.589771038445,0.256887820948,0.9643,0.8778
MC_first_order,2705,0.339852274586,0.177960498566,0.738852242001,0.913228940084,0.9734,0.9333
MC_first_order,2706,0.907179707361,0.305598771824,0.120331399428,0.972279409984,0.9749,0.95
MC_first_order,2707,0.965520813992,0.398614799908,0.73811720508,0.648637235879,0.9485,0.8389
MC_first_order,2708,0.949827371069,0.682761754341,0.0591006326079,0.434480623459,0.9564,0.8333
MC_first_order,2709,0.0164261242687,0.836855219738,0.753766951041,0.113888815195,0.9655,0.8333
MC_first_order,2710,0.459019740883,0.791305640699,0.350813004115,0.53895581193,0.9681,0.8722
MC_first_order,2711,0.0372288450469,0.53436871703,0.0270841527616,0.933793794985,0.9845,0.9167
MC_first_order,2712,0.884990160182,0.455537642061,0.984354032783,0.207843290626,0.936,0.7889
MC_first_order,2713,0.994821226305,0.652175597626,0.437955004981,0.945322282623,0.9556,0.8389
MC_first_order,2714,0.871418448581,0.746500658421,0.266471743576,0.0799966500584,0.9541,0.8222
MC_first_order,2715,0.862987280968,0.52617919504,0.58527890626,0.367092796612,0.9556,0.85
MC_first_order,2716,0.637849776072,0.25873700487,0.772081564069,0.615835333518,0.9588,0.8722
MC_first_order,2717,0.811546122728,0.417418896053,0.637081929435,0.305313516753,0.9561,0.8611
MC_first_order,2718,0.0340831986678,0.277273161939,0.406415765499,0.20050426653,0.9819,0.9222
MC_first_order,2719,0.465781314253,0.434322686309,0.0509758366282,0.0156009643495,0.9822,0.9389
MC_first_order,2720,0.457158150184,0.605170910018,0.0978605709474,0.201670328223,0.9789,0.9222
MC_first_order,2721,0.320692190852,0.473577425416,0.0935722182459,0.907921283043,0.9789,0.9389
MC_first_order,2722,0.22428789501,0.766587187463,0.6824994577,0.832733185692,0.9602,0.85
MC_first_order,2723,0.602544108761,0.454825359169,0.532515591636,0.192005105722,0.9623,0.8611
MC_first_order,2724,0.874576972411,0.0873984594172,0.547082289951,0.446507409486,0.9728,0.9556
MC_first_order,2725,0.820708762571,0.445584509533,0.547099162987,0.692755570892,0.9596,0.8722
MC_first_order,2726,0.267628968154,0.995917709677,0.816326728865,0.188695030973,0.9526,0.8167
MC_first_order,2727,0.669764904107,0.227352678937,0.198718090569,0.927236596826,0.9836,0.9667
MC_first_order,2728,0.85475467711,0.222387215123,0.238280009901,0.970359903458,0.9784,0.9722
MC_first_order,2729,0.596383171439,0.460530811029,0.610684332927,0.199422666549,0.9585,0.85
MC_first_order,2730,0.565262280004,0.964316624707,0.311773350501,0.291289807278,0.9623,0.8389
MC_first_order,2731,0.631993596313,0.6885656672,0.708847422606,0.612467592207,0.945,0.7889
MC_first_order,2732,0.497318055062,0.849067753157,0.852915292803,0.137869394909,0.9567,0.85
MC_first_order,2733,0.142582863025,0.193967283857,0.951958922671,0.277893782098,0.9608,0.8833
MC_first_order,2734,0.865387128179,0.246190253355,0.217823255991,0.311948306829,0.9775,0.9667
MC_first_order,2735,0.0387014796957,0.78770806584,0.632629312173,0.236319312052,0.9649,0.8222
MC_first_order,2736,0.407085727203,0.631889460576,0.912463128978,0.641412766848,0.9602,0.85
MC_first_order,2737,0.552539159965,0.112163820716,0.608405648649,0.845746833393,0.9743,0.9333
MC_first_order,2738,0.854450925206,0.297600540654,0.0917979253017,0.204470393494,0.9757,0.9556
MC_first_order,2739,0.92859331058,0.688525731323,0.953115777779,0.663079730858,0.9278,0.7333
MC_first_order,2740,0.248531678546,0.560294589102,0.682238047182,0.538844896619,0.9646,0.8778
MC_first_order,2741,0.931211981026,0.245891108349,0.391107601198,0.876795354428,0.9746,0.9556
MC_first_order,2742,0.3664623668,0.424181388273,0.732750971709,0.266870592231,0.9649,0.8722
MC_first_order,2743,0.760678181881,0.608476601432,0.883306340045,0.669562256801,0.9345,0.7778
MC_first_order,2744,0.247414449568,0.945320347176,0.502706003522,0.0322576242703,0.9614,0.85
MC_first_order,2745,0.364833376981,0.878796779107,0.124066967966,0.0476101182554,0.9722,0.8778
MC_first_order,2746,0.54203789793,0.685170041594,0.692119862669,0.102075110681,0.9561,0.8333
MC_first_order,2747,0.702255477247,0.929057513355,0.326258829385,0.944393382309,0.9579,0.8333
MC_first_order,2748,0.187863788006,0.335837252935,0.373779035108,0.792107135076,0.9795,0.95
MC_first_order,2749,0.59398787375,0.182581091151,0.885327789846,0.0211488358308,0.9506,0.8444
MC_first_order,2750,0.834713572976,0.535437748872,0.761684984112,0.500895123792,0.9421,0.8056
MC_first_order,2751,0.907178007534,0.980001075933,0.116000077868,0.810663303643,0.952,0.8056
MC_first_order,2752,0.591239912028,0.0429835067604,0.302862918817,0.117219999654,0.981,0.9667
MC_first_order,2753,0.108746537997,0.226236773025,0.0656397731645,0.286073665051,0.9901,0.9667
MC_first_order,2754,0.404756402526,0.443463992453,0.667880986171,0.522954908686,0.9678,0.8833
MC_first_order,2755,0.910205335928,0.0795630502782,0.453879048532,0.976848043645,0.9757,0.9667
MC_first_order,2756,0.252895371308,0.0922186469901,0.526966369075,0.584688567067,0.9772,0.95
MC_first_order,2757,0.518589014703,0.18846632976,0.887999818166,0.648666823912,0.9576,0.8667
MC_first_order,2758,0.62166354727,0.145268116591,0.782096007702,0.726994837266,0.9591,0.8778
MC_first_order,2759,0.878527833162,0.317675656803,0.113104358717,0.811401880018,0.974,0.9444
MC_first_order,2760,0.671828891285,0.226201688823,0.658668758953,0.30177860684,0.9661,0.9
MC_first_order,2761,0.177482496882,0.898535219514,0.590895919631,0.682101104413,0.9629,0.8556
MC_first_order,2762,0.168264178484,0.0293003824929,0.799808811876,0.590011234272,0.9713,0.9278
MC_first_order,2763,0.933577229135,0.304337626213,0.943622659374,0.184569319836,0.9436,0.8333
MC_first_order,2764,0.411306139382,0.755446314763,0.689067740675,0.180489976785,0.962,0.85
MC_first_order,2765,0.545819590426,0.650986049345,0.125227629307,0.761818510904,0.9719,0.8889
MC_first_order,2766,0.889765736044,0.327266984514,0.164345564061,0.0329502845721,0.9731,0.9389
MC_first_order,2767,0.586934636543,0.227473154376,0.783421308524,0.374354497771,0.9556,0.8611
MC_first_order,2768,0.710593285599,0.483488344182,0.605341982245,0.294256778734,0.9515,0.8333
MC_first_order,2769,0.157041662286,0.19609101927,0.47588719001,0.233383082196,0.9784,0.95
MC_first_order,2770,0.843443684996,0.966785059253,0.733209502284,0.670368847669,0.9336,0.7444
MC_first_order,2771,0.0587953766395,0.569646654099,0.0962237702055,0.153403496103,0.9822,0.9056
MC_first_order,2772,0.403163000363,0.872996118703,0.582149120843,0.0568416683482,0.9582,0.8222
MC_first_order,2773,0.493546499187,0.678536611699,0.61874877199,0.928229893001,0.9652,0.8889
MC_first_order,2774,0.982984963967,0.936938507467,0.0904607881363,0.972951927866,0.952,0.8056
MC_first_order,2775,0.840776715846,0.939134705527,0.00766901624115,0.74478825709,0.952,0.8056
MC_first_order,2776,0.294332702382,0.904392662478,0.12343796143,0.511857078519,0.9711,0.8889
MC_first_order,2777,0.544935428204,0.472681380764,0.978998929534,0.186432470991,0.9541,0.8389
MC_first_order,2778,0.48605904642,0.856137924552,0.716014504097,0.0496649753188,0.9596,0.8611
MC_first_order,2779,0.834831212943,0.168250284168,0.855823000798,0.905875970228,0.9494,0.8667
MC_first_order,2780,0.399367070292,0.349196296631,0.163378665961,0.826888841126,0.9819,0.9389
MC_first_order,2781,0.862532028576,0.707216503807,0.937234794223,0.3661532127,0.9278,0.7333
MC_first_order,2782,0.0969840992319,0.765640013336,0.549515458759,0.350024406693,0.9643,0.8444
MC_first_order,2783,0.772059353793,0.520261049276,0.539475357363,0.717089853642,0.957,0.8556
MC_first_order,2784,0.174059879398,0.714516294642,0.0625255839041,0.117802033143,0.9743,0.9056
MC_first_order,2785,0.298559183096,0.634037458062,0.441923862462,0.672359516455,0.9699,0.9
MC_first_order,2786,0.145769476252,0.786592323894,0.63708090617,0.55897901386,0.9623,0.8556
MC_first_order,2787,0.322809593883,0.319936013469,0.986203110208,0.0973639567221,0.9611,0.8778
MC_first_order,2788,0.993924019763,0.338796133411,0.267944498673,0.77214338438,0.9708,0.9278
MC_first_order,2789,0.39284635044,0.113067045673,0.405134203623,0.320493382754,0.9842,0.9611
MC_first_order,2790,0.362678826986,0.358795606339,0.525647161707,0.0287725638543,0.9675,0.8889
MC_first_order,2791,0.0444671430839,0.94515069601,0.940755414864,0.406405929032,0.9576,0.7944
MC_first_order,2792,0.313028109576,0.311466472506,0.0724175018754,0.36052398994,0.9795,0.95
MC_first_order,2793,0.826751369094,0.946475716623,0.238783500881,0.475643859415,0.952,0.8056
MC_first_order,2794,0.169109375404,0.587433538963,0.41871867938,0.445583018362,0.9719,0.9056
MC_first_order,2795,0.674743721449,0.789229196491,0.0616294874904,0.832055541575,0.9649,0.8444
MC_first_order,2796,0.935565583495,0.75621162025,0.731540045187,0.211776832546,0.9363,0.7611
MC_first_order,2797,0.934319359036,0.604783013271,0.591514033763,0.219560532878,0.9547,0.8444
MC_first_order,2798,0.644604604808,0.278750955747,0.91319037536,0.898595878014,0.952,0.8444
MC_first_order,2799,0.65706748457,0.72605958512,0.896229247142,0.654569992423,0.9398,0.7667
MC_first_order,2800,0.17318223813,0.727271216033,0.215866224798,0.83159556121,0.9719,0.8944
MC_first_order,2801,0.287466974506,0.962414286088,0.83693921506,0.756818096032,0.9526,0.8167
MC_first_order,2802,0.914499568387,0.228284464389,0.886550946644,0.851686334286,0.9462,0.85
MC_first_order,2803,0.840296673093,0.794980259023,0.800757291826,0.800122041536,0.9304,0.7389
MC_first_order,2804,0.472054580933,0.959760199002,0.379213305843,0.76329010876,0.9637,0.8444
MC_first_order,2805,0.773797234558,0.185061388272,0.168488068196,0.901214969661,0.9792,0.9778
MC_first_order,2806,0.660632600862,0.286710057908,0.756305675622,0.494799477244,0.9579,0.8667
MC_first_order,2807,0.691449597605,0.460863998743,0.899740361613,0.836795593046,0.945,0.8
MC_first_order,2808,0.106893313342,0.778938007194,0.545917133237,0.0551817818249,0.9635,0.8389
MC_first_order,2809,0.338717426351,0.821616582419,0.441643479703,0.168292432797,0.9629,0.8556
MC_first_order,2810,0.496468819471,0.105062732145,0.109008862351,0.258376953897,0.9842,0.9833
MC_first_order,2811,0.0043277980844,0.454453146992,0.805291558427,0.758006893803,0.974,0.8944
MC_first_order,2812,0.716294295131,0.834296252847,0.998437248646,0.328103018895,0.9249,0.7333
MC_first_order,2813,0.570970235419,0.655990144167,0.209424292062,0.674977674835,0.9711,0.8833
MC_first_order,2814,0.406521899006,0.195079868858,0.328088331293,0.973406446919,0.9816,0.9444
MC_first_order,2815,0.407669464923,0.644158943529,0.722474769114,0.283189422864,0.9632,0.8611
MC_first_order,2816,0.161683494527,0.936428969791,0.0104419053209,0.384972368629,0.9713,0.8833
MC_first_order,2817,0.913656708536,0.512417075678,0.696293158215,0.523188914393,0.948,0.8278
MC_first_order,2818,0.596050053822,0.138957216462,0.785633738277,0.264546227891,0.9564,0.8667
MC_first_order,2819,0.71815185841,0.973490838078,0.0823394895327,0.799085559663,0.957,0.8444
MC_first_order,2820,0.047711568454,0.132464997862,0.62488800772,0.809993717742,0.9825,0.9333
MC_first_order,2821,0.647663470541,0.195689687273,0.838475164673,0.232667596813,0.9582,0.8722
MC_first_order,2822,0.454618941432,0.957455120356,0.398046755451,0.23569367619,0.9626,0.8333
MC_first_order,2823,0.29079050098,0.226468681061,0.891905274025,0.305659808091,0.9652,0.9
MC_first_order,2824,0.0369039603677,0.0316804177116,0.752692841957,0.592922565727,0.9789,0.9222
MC_first_order,2825,0.505399599034,0.207582888755,0.7251443537,0.894610959645,0.9705,0.9278
MC_first_order,2826,0.997257246121,0.255075677327,0.700062256433,0.374378275375,0.9585,0.8944
MC_first_order,2827,0.500568637406,0.269374328543,0.113756240013,0.802921300826,0.9798,0.9556
MC_first_order,2828,0.244995313651,0.00374702102559,0.210452384815,0.271755327979,0.986,0.9833
MC_first_order,2829,0.107329942172,0.596777825895,0.257726656058,0.401100751695,0.9766,0.9
MC_first_order,2830,0.581862213338,0.92118288137,0.169104523071,0.335458528631,0.9626,0.8389
MC_first_order,2831,0.362292144755,0.532958405331,0.595607696608,0.0444959758459,0.9649,0.8722
MC_first_order,2832,0.719517345071,0.107860774958,0.935132455214,0.459954780204,0.9477,0.8667
MC_first_order,2833,0.372880905708,0.417601150263,0.507587718387,0.492565560606,0.9722,0.9
MC_first_order,2834,0.526779898434,0.298000056215,0.54502090904,0.737702678587,0.9719,0.9167
MC_first_order,2835,0.480002714269,0.769647981873,0.772344826067,0.407829487692,0.9626,0.8556
MC_first_order,2836,0.585900674257,0.76840524096,0.340607900087,0.769023185354,0.9599,0.8333
MC_first_order,2837,0.872293816198,0.418696623363,0.0563268145151,0.26988142504,0.9678,0.9056
MC_first_order,2838,0.647550068207,0.882114972065,0.668057185087,0.689454016701,0.9462,0.7778
MC_first_order,2839,0.603725476316,0.401632286738,0.775085796765,0.8302053447,0.952,0.8333
MC_first_order,2840,0.957341960285,0.863457176019,0.608759817165,0.601110034499,0.9427,0.7722
MC_first_order,2841,0.371646156807,0.682114445821,0.693006081474,0.971444387254,0.9646,0.8667
MC_first_order,2842,0.41376834724,0.376616661148,0.514809070191,0.511334678463,0.9687,0.8889
MC_first_order,2843,0.0884539734832,0.695323823027,0.412465724326,0.636067189433,0.9687,0.8611
MC_first_order,2844,0.737732532434,0.0783828995536,0.940532819182,0.892812492965,0.9477,0.8667
MC_first_order,2845,0.902698892382,0.279269540494,0.673253592325,0.741658204072,0.962,0.9056
MC_first_order,2846,0.0711415380534,0.120991314113,0.92230267375,0.833579495608,0.9617,0.8611
MC_first_order,2847,0.937083969863,0.61437858001,0.474112732851,0.594444119506,0.9573,0.85
MC_first_order,2848,0.944606591931,0.340179212178,0.152173156434,0.882850771878,0.9722,0.9333
MC_first_order,2849,0.0205280210869,0.702275489993,0.32587788544,0.829475743545,0.9801,0.9
MC_first_order,2850,0.841876703937,0.123670959094,0.437985764163,0.559205206022,0.9757,0.9667
MC_first_order,2851,0.0443323467104,0.834753628676,0.470728193431,0.373961383739,0.9678,0.8333
MC_first_order,2852,0.371059699954,0.155845153316,0.877712760142,0.952427066707,0.9664,0.8889
MC_first_order,2853,0.846074150783,0.110043829572,0.850720011515,0.101186038065,0.9494,0.8667
MC_first_order,2854,0.348905293886,0.759736376553,0.648014297252,0.143924309636,0.9614,0.8556
MC_first_order,2855,0.0967509832925,0.573257000987,0.901458934588,0.543366742897,0.9579,0.8333
MC_first_order,2856,0.320640897384,0.250059341667,0.661255249492,0.555678072032,0.9751,0.9333
MC_first_order,2857,0.592121699824,0.514040915174,0.566481005777,0.73143140357,0.9594,0.8444
MC_first_order,2858,0.340886173938,0.39332509564,0.533589268857,0.461117251755,0.9734,0.9222
MC_first_order,2859,0.668685895266,0.405520367427,0.517937117776,0.493973610718,0.9637,0.8667
MC_first_order,2860,0.992567918391,0.170174632944,0.398134256956,0.792401121576,0.9772,0.9722
MC_first_order,2861,0.787459837327,0.0108346144752,0.544973678177,0.699813471995,0.9746,0.9667
MC_first_order,2862,0.0218964296138,0.812141275744,0.259008809114,0.866339711212,0.9792,0.8833
MC_first_order,2863,0.957214391783,0.52652728696,0.628453910707,0.614501188595,0.9526,0.8389
MC_first_order,2864,0.707628017751,0.224361635034,0.846533335365,0.416892365928,0.9485,0.8444
MC_first_order,2865,0.855407094002,0.723217937287,0.405713922378,0.868084231645,0.952,0.8167
MC_first_order,2866,0.470723939735,0.411960266769,0.0321841882699,0.154401926163,0.9839,0.95
MC_first_order,2867,0.0804890455798,0.595749983275,0.754338039885,0.000684326689062,0.9614,0.8444
MC_first_order,2868,0.996535391702,0.5908911648,0.106087792203,0.485161978526,0.9635,0.8778
MC_first_order,2869,0.389753943296,0.283928878298,0.947757860001,0.990231611912,0.9637,0.8722
MC_first_order,2870,0.81425151032,0.917575386665,0.662203324513,0.133361468719,0.9401,0.7667
MC_first_order,2871,0.0446467154568,0.126394277097,0.619492070667,0.810664009654,0.9825,0.9333
MC_first_order,2872,0.723524635055,0.225023648398,0.434423164537,0.0378343234046,0.9632,0.9167
MC_first_order,2873,0.254155292429,0.624126584836,0.132389180361,0.0971705680372,0.9763,0.9222
MC_first_order,2874,0.336016279993,0.713214449095,0.0198372567384,0.470757593376,0.9737,0.9056
MC_first_order,2875,0.320382440103,0.094028705406,0.113338562175,0.666984647172,0.986,0.9833
MC_first_order,2876,0.35332194149,0.431743137519,0.746654286253,0.223967374204,0.9614,0.8667
MC_first_order,2877,0.314886956388,0.284989542329,0.969785637914,0.823173271641,0.9605,0.8778
MC_first_order,2878,0.473277859248,0.130619024212,0.700350715883,0.621861299782,0.9754,0.9333
MC_first_order,2879,0.891153316948,0.713019490316,0.483134751905,0.0575087109388,0.952,0.8167
MC_first_order,2880,0.29875934636,0.251834254444,0.640564731102,0.773991795766,0.974,0.9333
MC_first_order,2881,0.927313868973,0.0400800154381,0.413260688023,0.602924613505,0.9775,0.9778
MC_first_order,2882,0.771794517169,0.747645409202,0.184135959349,0.138859377523,0.9556,0.8278
MC_first_order,2883,0.868858052038,0.408061830271,0.589140278066,0.029479203883,0.9591,0.8722
MC_first_order,2884,0.839920317992,0.346333595252,0.699923082825,0.077196736301,0.9523,0.8556
MC_first_order,2885,0.72008018852,0.290372618294,0.191987124597,0.387399841328,0.9702,0.9389
MC_first_order,2886,0.985324105356,0.593786991665,0.00691056907765,0.0578894816349,0.9635,0.8778
MC_first_order,2887,0.800809831647,0.484835629265,0.390665502641,0.916143398118,0.9632,0.8833
MC_first_order,2888,0.955869458045,0.97248466944,0.0443696826603,0.353247611523,0.952,0.8056
MC_first_order,2889,0.890572272772,0.760951633334,0.23633268937,0.873941741609,0.9556,0.8278
MC_first_order,2890,0.926113585547,0.954140894975,0.772569146461,0.0488469493509,0.9307,0.7333
MC_first_order,2891,0.0632535496551,0.898045210088,0.407838949861,0.348886335513,0.9658,0.8444
MC_first_order,2892,0.735485651932,0.595553105332,0.330806339471,0.39575893923,0.9573,0.8611
MC_first_order,2893,0.399816650609,0.963218567655,0.13994915457,0.457001097071,0.9708,0.8611
MC_first_order,2894,0.45500299648,0.869644507887,0.66840379398,0.792566137788,0.9564,0.8167
MC_first_order,2895,0.445915221438,0.294863741625,0.251817502329,0.967016717403,0.9807,0.9389
MC_first_order,2896,0.142070886752,0.816827533212,0.0496754432745,0.240102094138,0.9708,0.8833
MC_first_order,2897,0.244062312191,0.961342730378,0.705766770546,0.515079824743,0.957,0.8333
MC_first_order,2898,0.979698946809,0.107945467791,0.756910469867,0.574142129229,0.9567,0.8944
MC_first_order,2899,0.529905286681,0.275653137497,0.394815879323,0.115796826468,0.974,0.9222
MC_first_order,2900,0.0395658624671,0.666308185831,0.887684421499,0.152420411727,0.9652,0.8389
MC_first_order,2901,0.463422561845,0.634897383083,0.752537096483,0.214298885748,0.9637,0.8667
MC_first_order,2902,0.37749081315,0.437959061247,0.973056132369,0.164010902921,0.962,0.8611
MC_first_order,2903,0.827012621998,0.780878768269,0.261495826267,0.604412189244,0.9532,0.8167
MC_first_order,2904,0.399876829776,0.0845315571025,0.349817993928,0.0852377610407,0.9851,0.9667
MC_first_order,2905,0.654326530504,0.791489231221,0.0768661268208,0.399526640633,0.9649,0.8444
MC_first_order,2906,0.876516216139,0.599120522307,0.895956277931,0.042720138212,0.9348,0.7778
MC_first_order,2907,0.592457837215,0.959373460745,0.2045288156,0.767333572219,0.9626,0.8389
MC_first_order,2908,0.297366933595,0.774686327814,0.41792294131,0.518208211757,0.967,0.8778
MC_first_order,2909,0.705450207285,0.519384487804,0.892567835207,0.448705769513,0.9406,0.7944
MC_first_order,2910,0.17174139113,0.38836951449,0.62679655302,0.379796717394,0.9743,0.9278
MC_first_order,2911,0.616288029569,0.0124772005648,0.0530482692445,0.83395992956,0.988,0.9944
MC_first_order,2912,0.467365071564,0.191518923895,0.585641672007,0.0278138260736,0.9737,0.9222
MC_first_order,2913,0.0818017595712,0.442418076818,0.312650306063,0.290664107005,0.9769,0.9056
MC_first_order,2914,0.080211855765,0.472050637779,0.308600679377,0.723795186571,0.9769,0.9056
MC_first_order,2915,0.918140669542,0.770238758357,0.112552980363,0.48759699814,0.9547,0.8222
MC_first_order,2916,0.149108697061,0.323876177268,0.633316006208,0.0519990911453,0.9737,0.9278
MC_first_order,2917,0.118775577547,0.999885323875,0.338625508298,0.965101269401,0.9675,0.85
MC_first_order,2918,0.0153022268261,0.250371133475,0.153910218674,0.743146310528,0.9939,0.9722
MC_first_order,2919,0.206371500765,0.115332896808,0.90903122278,0.754857092522,0.9661,0.9056
MC_first_order,2920,0.447913430561,0.689726024119,0.961647168167,0.716940698373,0.9602,0.85
MC_first_order,2921,0.8734397,0.174926089921,0.727862303603,0.00765849088592,0.9582,0.9
MC_first_order,2922,0.896842322281,0.975091265971,0.680516136139,0.653181167609,0.9401,0.7667
MC_first_order,2923,0.224834821272,0.889164362587,0.649988853997,0.997834174566,0.9608,0.85
MC_first_order,2924,0.969718522248,0.18088320557,0.428167266623,0.00576743359403,0.9749,0.9611
MC_first_order,2925,0.74628791482,0.0549645123008,0.469291124559,0.0850610320288,0.9775,0.9833
MC_first_order,2926,0.603500262349,0.216125785512,0.126451745381,0.365465808221,0.983,0.9667
MC_first_order,2927,0.134262147594,0.676311158682,0.222701498355,0.831164584652,0.9737,0.9056
MC_first_order,2928,0.0644346384704,0.151119434069,0.423051353807,0.942184199941,0.9792,0.9278
MC_first_order,2929,0.95347045773,0.102033091191,0.529989856935,0.726483817887,0.9728,0.9556
MC_first_order,2930,0.519730597071,0.398568699949,0.945843344938,0.0456880933891,0.955,0.85
MC_first_order,2931,0.631419526015,0.0252748268949,0.930068500175,0.927203271215,0.9558,0.8722
MC_first_order,2932,0.845419839737,0.434306743151,0.292826513908,0.501503542437,0.9655,0.8944
MC_first_order,2933,0.511279088322,0.403059938385,0.356947081315,0.815479787867,0.9711,0.9
MC_first_order,2934,0.180487175816,0.284577612715,0.262548941739,0.429431678636,0.981,0.9556
MC_first_order,2935,0.434942672011,0.62204722853,0.417074281253,0.956969337748,0.9763,0.9111
MC_first_order,2936,0.60573250845,0.252115840824,0.995539378913,0.595999827561,0.9465,0.8278
MC_first_order,2937,0.884495780253,0.252630023406,0.314642515771,0.437876291941,0.976,0.9611
MC_first_order,2938,0.611342387788,0.30437847505,0.91936937886,0.201135537592,0.9497,0.8333
MC_first_order,2939,0.521371187965,0.689826146094,0.933611575001,0.805132361299,0.9471,0.8
MC_first_order,2940,0.417484430752,0.782731347581,0.637376656818,0.249274906567,0.9617,0.8444
MC_first_order,2941,0.00981318063116,0.894375792968,0.422577133084,0.547010739038,0.9749,0.8667
MC_first_order,2942,0.273491689324,0.979027112864,0.888376186234,0.123038310669,0.9512,0.8111
MC_first_order,2943,0.535272773189,0.113834711612,0.372931301048,0.409505101408,0.9801,0.9556
MC_first_order,2944,0.879143864584,0.978460256314,0.25385494028,0.145685081815,0.952,0.8056
MC_first_order,2945,0.251122475013,0.412749449982,0.0179004207762,0.396350919745,0.9822,0.9556
MC_first_order,2946,0.338508622554,0.50481868484,0.621064258295,0.351397225642,0.9716,0.9111
MC_first_order,2947,0.385219148267,0.0441511257359,0.572804275549,0.171131148162,0.9757,0.9333
MC_first_order,2948,0.219500113351,0.478051182476,0.644682106209,0.478233761452,0.967,0.8889
MC_first_order,2949,0.531156691307,0.608638041447,0.203682086186,0.168835463846,0.9711,0.8889
MC_first_order,2950,0.697561527214,0.584550609149,0.395614487142,0.715938428997,0.9643,0.8556
MC_first_order,2951,0.137001192472,0.409970167138,0.011036269176,0.363932952109,0.9827,0.9556
MC_first_order,2952,0.680985863983,0.498399234828,0.777213240721,0.039896305711,0.95,0.8167
MC_first_order,2953,0.5808183465,0.563643438628,0.439907119241,0.629685266628,0.9614,0.85
MC_first_order,2954,0.235380931553,0.59914569739,0.798245722117,0.0325324153043,0.9617,0.8667
MC_first_order,2955,0.061001156985,0.276127362888,0.502633524934,0.892829646206,0.9804,0.9167
MC_first_order,2956,0.621976547774,0.847042796199,0.369751983209,0.712655348539,0.9567,0.8111
MC_first_order,2957,0.961715940687,0.794444900763,0.152960503134,0.378687562153,0.9538,0.8167
MC_first_order,2958,0.224226461403,0.84924478969,0.704581811195,0.157585598777,0.9579,0.8389
MC_first_order,2959,0.592755698784,0.729910255133,0.744004317696,0.857326126389,0.9424,0.7778
MC_first_order,2960,0.836670141406,0.870884458923,0.565630244411,0.672917556345,0.9456,0.7833
MC_first_order,2961,0.615916840505,0.179508031844,0.280322804139,0.797073082458,0.981,0.9611
MC_first_order,2962,0.341832204907,0.28753155279,0.341079065971,0.822749789176,0.9757,0.9333
MC_first_order,2963,0.365234686922,0.0403485321837,0.60209448168,0.67619880759,0.9737,0.9278
MC_first_order,2964,0.748247658749,0.623675241261,0.0747688934198,0.110461278771,0.9608,0.8667
MC_first_order,2965,0.490454813102,0.990313111214,0.874157287557,0.571403878512,0.9541,0.8333
MC_first_order,2966,0.216756337027,0.758607517516,0.655146403824,0.0113422661886,0.9617,0.8556
MC_first_order,2967,0.0347052341223,0.731068834554,0.905644238397,0.761888004121,0.9635,0.8278
MC_first_order,2968,0.294009709403,0.133575351307,0.163763552136,0.448329044402,0.9851,0.9778
MC_first_order,2969,0.947604331018,0.361451475546,0.625731948543,0.105751651639,0.9588,0.8778
MC_first_order,2970,0.135107696384,0.458621828356,0.411448303854,0.304326110475,0.9746,0.9222
MC_first_order,2971,0.670982548949,0.210059335649,0.234059557954,0.375997758454,0.9845,0.9722
MC_first_order,2972,0.690261747492,0.371449368118,0.14487607791,0.990270519396,0.9757,0.9167
MC_first_order,2973,0.570447786358,0.350762606368,0.355501717395,0.00178141859745,0.9737,0.9111
MC_first_order,2974,0.592721803432,0.0582652520446,0.787187661115,0.664066748432,0.9591,0.8833
MC_first_order,2975,0.322313330706,0.729805862006,0.296265689409,0.478243473851,0.9684,0.8833
MC_first_order,2976,0.665828836125,0.176751022436,0.450447600035,0.566295718086,0.9787,0.95
MC_first_order,2977,0.764649429541,0.985249127975,0.311524341748,0.705056522835,0.9515,0.8056
MC_first_order,2978,0.0955743815387,0.458756331863,0.445949122233,0.354059174948,0.974,0.8944
MC_first_order,2979,0.5178397736,0.298364335282,0.158729362034,0.615860790796,0.9798,0.9444
MC_first_order,2980,0.408056686693,0.856814432951,0.92817666929,0.868539530212,0.9532,0.8056
MC_first_order,2981,0.244434865109,0.366376368905,0.258830901917,0.330720702547,0.981,0.9556
MC_first_order,2982,0.231736962932,0.237727211163,0.0644661621649,0.992515465476,0.9848,0.9722
MC_first_order,2983,0.715257348123,0.249748174531,0.811138711107,0.450913872787,0.9485,0.8444
MC_first_order,2984,0.566387559573,0.66158335819,0.80887223555,0.0996351068974,0.9544,0.8333
MC_first_order,2985,0.779472321011,0.39109530763,0.0331149915556,0.435061370965,0.9687,0.9111
MC_first_order,2986,0.722214481094,0.344385094856,0.692572431704,0.0900828841101,0.9465,0.8444
MC_first_order,2987,0.723565690118,0.638774602684,0.0196175730854,0.190320224565,0.9637,0.8833
MC_first_order,2988,0.0872309633552,0.853260076138,0.580406322911,0.69953744485,0.9617,0.8278
MC_first_order,2989,0.0974593914347,0.153899712351,0.898844833068,0.0186008462434,0.9632,0.8667
MC_first_order,2990,0.17657166131,0.611490223098,0.504208250276,0.540742339832,0.969,0.8944
MC_first_order,2991,0.637761979607,0.800794441888,0.37509677835,0.569068401411,0.9591,0.8222
MC_first_order,2992,0.132027181646,0.894918154523,0.874734575988,0.0627068442776,0.9512,0.8111
MC_first_order,2993,0.269425274444,0.0979318683096,0.52839792714,0.112352277856,0.9763,0.9444
MC_first_order,2994,0.577399197358,0.375874555036,0.103377305503,0.0071243568927,0.9749,0.9167
MC_first_order,2995,0.191046048114,0.592350209577,0.113950448814,0.362589741921,0.9763,0.9222
MC_first_order,2996,0.353744450089,0.512036503329,0.975001284362,0.90567235244,0.9547,0.8389
MC_first_order,2997,0.613583619982,0.982924924969,0.0978444453074,0.63716241984,0.9602,0.8222
MC_first_order,2998,0.809077345874,0.0168639081265,0.947243853573,0.681035417508,0.9497,0.8722
MC_first_order,2999,0.946432304949,0.237036681314,0.161852239159,0.677615719844,0.9784,0.9722
MC_first_order,3000,0.159227693354,0.578376287269,0.318738775798,0.15520328404,0.9749,0.9167
MC_first_order,3001,0.195815291957,0.883049020134,0.155048848379,0.0950779518828,0.9702,0.8833
MC_first_order,3002,0.3988713842,0.219486588249,0.525783414914,0.736909403609,0.9705,0.9
MC_first_order,3003,0.932314256146,0.672452182515,0.308551437239,0.262369043419,0.9558,0.8333
MC_first_order,3004,0.435757276304,0.290120809108,0.556125994628,0.442012306443,0.9696,0.8944
MC_first_order,3005,0.871066632631,0.777509520504,0.612801643806,0.955451099251,0.9444,0.7833
MC_first_order,3006,0.895443903782,0.274332799737,0.861575879818,0.904178441944,0.9444,0.8389
MC_first_order,3007,0.772683066998,0.912669940667,0.0495677875234,0.937928095312,0.952,0.8056
MC_first_order,3008,0.656081624115,0.186888028715,0.746556503092,0.888418089929,0.9596,0.8778
MC_first_order,3009,0.588585674918,0.949036895691,0.68098954959,0.586253982035,0.9456,0.7833
MC_first_order,3010,0.838401283587,0.967975023334,0.826847552978,0.548515225913,0.9272,0.7222
MC_first_order,3011,0.689916829497,0.247290262928,0.188653012381,0.110601853581,0.9827,0.9611
MC_first_order,3012,0.372710338091,0.779771217982,0.662701969428,0.803639855709,0.9617,0.8444
MC_first_order,3013,0.285529743315,0.315764334034,0.877080647932,0.120826036468,0.9643,0.8944
MC_first_order,3014,0.896141968543,0.82192701114,0.324777416764,0.821932948963,0.9523,0.8111
MC_first_order,3015,0.943073985556,0.579010882486,0.773742083043,0.137337968311,0.9412,0.8
MC_first_order,3016,0.950630724835,0.0411439248669,0.638240862616,0.754751291085,0.9702,0.95
MC_first_order,3017,0.726377276983,0.243465868409,0.608276234791,0.204914509867,0.9544,0.8833
MC_first_order,3018,0.264254556053,0.753140867409,0.822219308986,0.213661645081,0.9544,0.8278
MC_first_order,3019,0.800613683941,0.576310749723,0.468543219786,0.375589303181,0.9591,0.8611
MC_first_order,3020,0.632104079252,0.588314574551,0.133299575618,0.92638543469,0.9681,0.8722
MC_first_order,3021,0.860223550863,0.648774974175,0.574621387919,0.848413405106,0.9526,0.8278
MC_first_order,3022,0.592966916938,0.691891059027,0.400209154494,0.147937028993,0.9602,0.8389
MC_first_order,3023,0.933182321023,0.944113139303,0.721948567149,0.728274849787,0.9336,0.7444
MC_first_order,3024,0.0896607318262,0.771375683181,0.811053546979,0.322002504457,0.955,0.8111
MC_first_order,3025,0.334831293073,0.0512389504928,0.499588601742,0.925346986645,0.9787,0.9556
MC_first_order,3026,0.825373529453,0.481084197828,0.930806237081,0.587672642363,0.9365,0.7889
MC_first_order,3027,0.16266613386,0.394676163732,0.826001342544,0.614077216218,0.9632,0.8833
MC_first_order,3028,0.173850815585,0.208104131457,0.679999355818,0.528280261538,0.9725,0.9278
MC_first_order,3029,0.23178061529,0.212463396383,0.124724649993,0.86563187482,0.9842,0.9722
MC_first_order,3030,0.787593591413,0.808656299662,0.723445713608,0.0690928028288,0.9354,0.7556
MC_first_order,3031,0.0761635525153,0.711678390243,0.631994297346,0.82865546593,0.9643,0.8444
MC_first_order,3032,0.771841211443,0.426322819663,0.621420886082,0.951333865041,0.9567,0.8611
MC_first_order,3033,0.0447165070034,0.620865177655,0.528619144003,0.499210565077,0.9716,0.8611
MC_first_order,3034,0.656193299879,0.406685449965,0.139921623353,0.737469338701,0.9731,0.9
MC_first_order,3035,0.942893741643,0.481586704741,0.863846971607,0.842722400486,0.9365,0.7889
MC_first_order,3036,0.557687892598,0.86810025581,0.342070166974,0.372603918348,0.9632,0.8444
MC_first_order,3037,0.490180197608,0.461278563191,0.144622068079,0.0993819798461,0.9757,0.9333
MC_first_order,3038,0.607213667302,0.211411916949,0.524187804454,0.341905275125,0.9737,0.9333
MC_first_order,3039,0.412141304798,0.358305014221,0.919195122832,0.0377230298724,0.9629,0.8667
MC_first_order,3040,0.119738166148,0.012443269575,0.149037045388,0.611249752675,0.9889,0.9667
MC_first_order,3041,0.407169713432,0.924485736207,0.187351233284,0.358020816502,0.9705,0.8667
MC_first_order,3042,0.939761205955,0.493947052904,0.36822635281,0.571681902486,0.9623,0.8778
MC_first_order,3043,0.954607262285,0.828546269801,0.421915563574,0.836330075537,0.9494,0.8
MC_first_order,3044,0.974206837739,0.342019791232,0.340218911441,0.900562295293,0.9708,0.9278
MC_first_order,3045,0.407331174928,0.0742636982609,0.314409959956,0.720349585331,0.986,0.9722
MC_first_order,3046,0.208953974939,0.56334938564,0.103288003626,0.436950968073,0.9763,0.9222
MC_first_order,3047,0.661939074669,0.0756908596845,0.577433626789,0.234508520401,0.9746,0.9389
MC_first_order,3048,0.437910707465,0.680614507626,0.0125510615982,0.444702914501,0.9836,0.9389
MC_first_order,3049,0.5463687484,0.983187683789,0.527643996022,0.88058331541,0.9602,0.8333
MC_first_order,3050,0.882361243023,0.869834044719,0.518041558965,0.147099901518,0.9456,0.7833
MC_first_order,3051,0.279262940844,0.0904636815355,0.0699795058728,0.439762672845,0.9874,0.9889
MC_first_order,3052,0.714014967208,0.705929828311,0.770799622278,0.19989878151,0.9374,0.7667
MC_first_order,3053,0.136952954723,0.0314455876695,0.501463303433,0.29317908513,0.9787,0.9556
MC_first_order,3054,0.744685982619,0.756325671779,0.326916481947,0.260832651336,0.9538,0.8389
MC_first_order,3055,0.503807980436,0.860286028988,0.888343720064,0.735226528297,0.9564,0.85
MC_first_order,3056,0.711036753851,0.667366179578,0.0261957653578,0.699909111433,0.967,0.8722
MC_first_order,3057,0.0131859689436,0.0188803238267,0.233244339471,0.297953155075,0.9965,0.9889
MC_first_order,3058,0.766015174759,0.700766478059,0.21942391522,0.974774843567,0.9564,0.8333
MC_first_order,3059,0.0220477598405,0.527110358685,0.824687336967,0.113277951833,0.9708,0.8778
MC_first_order,3060,0.638495185784,0.275415131359,0.550136407644,0.025594980775,0.9725,0.9222
MC_first_order,3061,0.742289561679,0.584118991193,0.431780084986,0.158844568142,0.9509,0.8389
MC_first_order,3062,0.127453311562,0.378959012052,0.379786857731,0.347814982653,0.976,0.9389
MC_first_order,3063,0.245592866352,0.460693472912,0.309633677612,0.673157346079,0.9751,0.9222
MC_first_order,3064,0.384161469529,0.0212631470241,0.145780672222,0.00743958019344,0.9904,0.9889
MC_first_order,3065,0.404826208809,0.465651361869,0.304815571989,0.559269208783,0.9772,0.9167
MC_first_order,3066,0.731217425128,0.461704859316,0.585113004032,0.912504909285,0.9456,0.8278
MC_first_order,3067,0.00297522625107,0.259403633579,0.104019935251,0.553663589935,0.9939,0.9722
MC_first_order,3068,0.824315271362,0.60200898443,0.768771015789,0.401765278974,0.9412,0.8
MC_first_order,3069,0.940544161038,0.68617920022,0.846144050909,0.145699232527,0.9292,0.7389
MC_first_order,3070,0.211558297232,0.705581717981,0.217942466765,0.717052716499,0.9737,0.9056
MC_first_order,3071,0.550698147412,0.974436370146,0.472196298876,0.524330028291,0.9602,0.8333
MC_first_order,3072,0.34261406132,0.88634174489,0.192606050089,0.100749286687,0.9675,0.8667
MC_first_order,3073,0.95037877649,0.962605842949,0.322981545987,0.164856019728,0.9515,0.8056
MC_first_order,3074,0.396579862571,0.230506868118,0.457682614378,0.645838199072,0.9792,0.9333
MC_first_order,3075,0.440039175567,0.564028610829,0.368836455999,0.700631573085,0.9763,0.9111
MC_first_order,3076,0.404165022679,0.278447330515,0.425393490388,0.507800804092,0.9798,0.9333
MC_first_order,3077,0.659084015656,0.999456332553,0.359611587463,0.553383727485,0.957,0.8056
MC_first_order,3078,0.173779984037,0.7744860611,0.776140883219,0.49079744496,0.9579,0.8389
MC_first_order,3079,0.240108018333,0.126688288672,0.405494245929,0.239683325296,0.9807,0.9611
MC_first_order,3080,0.860632710106,0.428388761268,0.920331768631,0.83796467847,0.9374,0.7944
MC_first_order,3081,0.537726896377,0.0940413684749,0.726911247236,0.357429143868,0.9693,0.9167
MC_first_order,3082,0.99959958214,0.635459556973,0.672981396517,0.450535950955,0.9488,0.8222
MC_first_order,3083,0.0650284281808,0.120473839265,0.42724787983,0.209785762167,0.9792,0.9278
MC_first_order,3084,0.000889541278508,0.840345346753,0.440207372044,0.68749821553,0.9743,0.8667
MC_first_order,3085,0.986237225166,0.721071765329,0.392782700913,0.335630423944,0.9535,0.8222
MC_first_order,3086,0.297564126089,0.373811298621,0.0851966521367,0.0957247545274,0.9833,0.9667
MC_first_order,3087,0.322569865135,0.340150896157,0.804140536508,0.155710440565,0.967,0.9
MC_first_order,3088,0.852336160598,0.218013752702,0.0152408188633,0.575147663751,0.9784,0.9722
MC_first_order,3089,0.270134604246,0.221466029246,0.592403554777,0.229114953132,0.9754,0.9389
MC_first_order,3090,0.173263395104,0.775772906107,0.802656483998,0.871354239751,0.955,0.8278
MC_first_order,3091,0.262291003363,0.389684982496,0.459978068839,0.283448560979,0.9751,0.9333
MC_first_order,3092,0.285372883168,0.49983268931,0.117305940085,0.516246264037,0.9772,0.9278
MC_first_order,3093,0.392795166278,0.986466105248,0.374496481245,0.0206838543006,0.9658,0.8444
MC_first_order,3094,0.57651312513,0.623072424009,0.88947076987,0.64280896092,0.9409,0.7833
MC_first_order,3095,0.21403577236,0.31754093452,0.277404806791,0.719993249816,0.981,0.9556
MC_first_order,3096,0.550126962443,0.421900083983,0.800159666548,0.752770748296,0.9596,0.8667
MC_first_order,3097,0.404209703208,0.165210725001,0.186917811696,0.372957248517,0.9854,0.9611
MC_first_order,3098,0.330712593521,0.214671455924,0.0392847548484,0.569261472756,0.9825,0.9611
MC_first_order,3099,0.454662346247,0.552313464237,0.958244014931,0.941670286484,0.9599,0.85
MC_first_order,3100,0.384334269773,0.346256601289,0.713598088668,0.304745033195,0.9658,0.8778
MC_first_order,3101,0.226698752414,0.602236705377,0.211825183749,0.516592000965,0.9763,0.9222
MC_first_order,3102,0.747366885913,0.272411037866,0.00225383001285,0.414928265607,0.9757,0.9611
MC_first_order,3103,0.105626348838,0.678686929045,0.0632335196321,0.0927083755203,0.9804,0.9056
MC_first_order,3104,0.730643933909,0.950683634514,0.651493126243,0.0673498776671,0.9368,0.7722
MC_first_order,3105,0.31245911196,0.306615991873,0.688973394414,0.347178380003,0.9708,0.9167
MC_first_order,3106,0.847486682073,0.569967226173,0.0595989587425,0.370254195422,0.9643,0.8833
MC_first_order,3107,0.168922121141,0.791524700363,0.0626106060766,0.695929868586,0.9716,0.8889
MC_first_order,3108,0.250757342122,0.889173268723,0.125841923432,0.048655683175,0.9711,0.8889
MC_first_order,3109,0.666632288677,0.158634473096,0.131332645232,0.823521170478,0.9845,0.9722
MC_first_order,3110,0.855972836661,0.806745243539,0.825102597621,0.743237969078,0.9289,0.7333
MC_first_order,3111,0.377416869882,0.889970091935,0.229243606047,0.867285252507,0.969,0.8611
MC_first_order,3112,0.884518254286,0.920172813065,0.370240851056,0.94368927158,0.95,0.8
MC_first_order,3113,0.545810598579,0.363180002683,0.182262141989,0.591284561792,0.9789,0.9333
MC_first_order,3114,0.835731387917,0.651311476544,0.126659982156,0.00523822247131,0.9599,0.8556
MC_first_order,3115,0.945170907434,0.691911661993,0.121274366074,0.786075889758,0.9564,0.8333
MC_first_order,3116,0.751883295188,0.0292869447173,0.147427362902,0.908741362766,0.9819,1
MC_first_order,3117,0.66076613522,0.9009625835,0.267225074979,0.16755104052,0.9602,0.8222
MC_first_order,3118,0.717525084259,0.717535086292,0.379348277859,0.400456466382,0.9547,0.8444
MC_first_order,3119,0.372318112173,0.669450915744,0.937343622966,0.0396570087388,0.9602,0.85
MC_first_order,3120,0.623115189137,0.982609842689,0.24539759504,0.0951976826753,0.9588,0.8167
MC_first_order,3121,0.179561679861,0.772856404461,0.809814463053,0.00627879723434,0.9535,0.8222
MC_first_order,3122,0.202951592151,0.680609386482,0.279094364674,0.667393125942,0.9722,0.9
MC_first_order,3123,0.80407908434,0.996611764752,0.200336502303,0.838947418316,0.952,0.8056
MC_first_order,3124,0.238860983393,0.570455742297,0.232161454271,0.110956203198,0.9763,0.9222
MC_first_order,3125,0.401404614353,0.0297759905709,0.60902120936,0.80188378587,0.9757,0.9333
MC_first_order,3126,0.358812228276,0.674057764519,0.051732903053,0.46626296107,0.981,0.9333
MC_first_order,3127,0.851272850962,0.579509236921,0.355247140003,0.275277328262,0.962,0.8722
MC_first_order,3128,0.664817726678,0.862592328243,0.398533938971,0.961251856679,0.9573,0.8111
MC_first_order,3129,0.363592115433,0.00400055782615,0.216611023264,0.690500323647,0.9854,0.9722
MC_first_order,3130,0.59792780487,0.73121041754,0.281147872103,0.910064133216,0.9608,0.8333
MC_first_order,3131,0.622511292496,0.854443387283,0.744136324942,0.158207259637,0.9406,0.7611
MC_first_order,3132,0.0287077916882,0.508839506113,0.256607666451,0.68888004812,0.9912,0.9556
MC_first_order,3133,0.605155526133,0.93604907335,0.853879620178,0.815164124177,0.9371,0.75
MC_first_order,3134,0.611970615221,0.190123763115,0.0253155892518,0.836584439054,0.9854,0.9778
MC_first_order,3135,0.194441399266,0.454114622292,0.360388332022,0.63801697367,0.9769,0.9333
MC_first_order,3136,0.776467398939,0.944720900848,0.633539359553,0.710817780892,0.9412,0.7667
MC_first_order,3137,0.0931176178518,0.282620487169,0.0782852110264,0.710620089548,0.9883,0.9556
MC_first_order,3138,0.631673392979,0.951399095171,0.496446765606,0.388212631999,0.9509,0.7889
MC_first_order,3139,0.597189640196,0.928321412343,0.767683720031,0.52074774877,0.9406,0.7667
MC_first_order,3140,0.219435241976,0.00572973437407,0.44124517929,0.820623740364,0.9787,0.9556
MC_first_order,3141,0.965704561903,0.409744211062,0.0930303481453,0.0407180693316,0.9678,0.9056
MC_first_order,3142,0.790009430502,0.804826640358,0.73967621051,0.340969867605,0.9354,0.7556
MC_first_order,3143,0.691174546668,0.708022349948,0.705152646538,0.594405209509,0.9447,0.7833
MC_first_order,3144,0.928425910638,0.76910166288,0.404957567616,0.548186647979,0.9512,0.8111
MC_first_order,3145,0.952902343199,0.551472727752,0.979697826709,0.103259610015,0.9357,0.7833
MC_first_order,3146,0.41395238752,0.0388912263742,0.0495509598866,0.243296687759,0.9933,1
MC_first_order,3147,0.751456534157,0.0886468129178,0.125002802691,0.808780905329,0.9801,0.9889
MC_first_order,3148,0.474330439241,0.359205567574,0.970700869061,0.33736677843,0.9643,0.8778
MC_first_order,3149,0.2464946254,0.810297159388,0.79048733867,0.507958539691,0.9564,0.8333
MC_first_order,3150,0.665028358341,0.372392886674,0.389773466531,0.0439205187058,0.9713,0.9
MC_first_order,3151,0.863352418501,0.0804682836406,0.587960501093,0.723477253611,0.9713,0.95
MC_first_order,3152,0.997009904847,0.208842084584,0.688380337376,0.0215645717081,0.9602,0.9056
MC_first_order,3153,0.986765317422,0.7560517531,0.881355554098,0.186736651233,0.9269,0.7278
MC_first_order,3154,0.852718333082,0.551786162579,0.149690644498,0.240322336705,0.9643,0.8833
MC_first_order,3155,0.618470193054,0.0850505792919,0.209620538931,0.928297237323,0.9857,0.9833
MC_first_order,3156,0.991790158454,0.661381478395,0.900105202411,0.844806624222,0.9295,0.7444
MC_first_order,3157,0.223513144292,0.563455548414,0.322567191731,0.174742580288,0.9734,0.9111
MC_first_order,3158,0.956667577282,0.43506294274,0.811795739805,0.959436502814,0.9404,0.8056
MC_first_order,3159,0.286121924143,0.0586767649598,0.651549602174,0.520093784118,0.9757,0.9444
MC_first_order,3160,0.416794639295,0.0302711995999,0.225460611152,0.00177401845391,0.9874,0.9778
MC_first_order,3161,0.52112491978,0.992637033185,0.102875146784,0.211286822663,0.9649,0.85
MC_first_order,3162,0.13883990015,0.576764116032,0.992089480992,0.885750640998,0.95,0.8222
MC_first_order,3163,0.0272598727184,0.999595707248,0.750035328619,0.519926422178,0.9643,0.8222
MC_first_order,3164,0.253983599487,0.526199979607,0.0451011898621,0.837351033128,0.9778,0.9278
MC_first_order,3165,0.375956228443,0.442018967985,0.645136581424,0.776671930551,0.9678,0.8833
MC_first_order,3166,0.944597752414,0.793642983347,0.924374313084,0.759384798936,0.926,0.7222
MC_first_order,3167,0.789425663972,0.491019051454,0.158747010468,0.792040685725,0.9652,0.8889
MC_first_order,3168,0.77632913808,0.0600290526692,0.646467347981,0.801545052441,0.9702,0.95
MC_first_order,3169,0.937255862417,0.634990542285,0.391978468682,0.580041439446,0.9588,0.8556
MC_first_order,3170,0.340956621062,0.0697188453248,0.444245894963,0.510400796587,0.9787,0.9556
MC_first_order,3171,0.487853941701,0.773167913653,0.265139631062,0.19308332996,0.9693,0.9
MC_first_order,3172,0.485738865844,0.433547161405,0.0432430461535,0.999756359182,0.9839,0.95
MC_first_order,3173,0.607346931867,0.931168028054,0.950692360123,0.528571176161,0.9342,0.7389
MC_first_order,3174,0.295263975006,0.0632121698435,0.25549307307,0.241462733986,0.9845,0.9778
MC_first_order,3175,0.409253047876,0.535625543593,0.90077693262,0.812762388845,0.9602,0.85
MC_first_order,3176,0.612038480706,0.4985586345,0.889772897393,0.937173318692,0.9444,0.8
MC_first_order,3177,0.708672814404,0.620377853174,0.193947036956,0.239642870313,0.9652,0.8722
MC_first_order,3178,0.887757783855,0.684174901264,0.341947890913,0.741620501881,0.955,0.8278
MC_first_order,3179,0.128728790262,0.047284278308,0.528565074271,0.890676899017,0.9737,0.9389
MC_first_order,3180,0.505216314406,0.977970112682,0.168926838709,0.178399185112,0.9699,0.8944
MC_first_order,3181,0.265674563555,0.403453046245,0.980887742329,0.519618695081,0.9582,0.8667
MC_first_order,3182,0.178186804098,0.770161067586,0.90085884769,0.96330112606,0.952,0.8167
MC_first_order,3183,0.167293265091,0.736280246043,0.866278005471,0.623925443615,0.9529,0.8222
MC_first_order,3184,0.00837785152564,0.0454502393955,0.971824112102,0.0154787959155,0.9716,0.8944
MC_first_order,3185,0.521282964149,0.540448702619,0.193163432323,0.318510467286,0.9711,0.8889
MC_first_order,3186,0.0173326347309,0.5005692669,0.83306812725,0.229959783088,0.9708,0.8778
MC_first_order,3187,0.2796646743,0.00208825293246,0.392752874023,0.769262632374,0.9816,0.9667
MC_first_order,3188,0.319217137458,0.865603887332,0.00353239743466,0.663641029233,0.9699,0.8778
MC_first_order,3189,0.0389085765921,0.121668541242,0.769079991048,0.863093495647,0.9781,0.9167
MC_first_order,3190,0.732842966578,0.503382641666,0.991434523665,0.194856854748,0.9325,0.7778
MC_first_order,3191,0.417505958907,0.460289118867,0.994432278497,0.529975797797,0.9591,0.85
MC_first_order,3192,0.43289445219,0.741903434929,0.0672760481439,0.591690476133,0.9795,0.9167
MC_first_order,3193,0.949751493434,0.947049364656,0.430245910955,0.479104095663,0.9485,0.7944
MC_first_order,3194,0.454377637656,0.454318271626,0.253151717704,0.28212301351,0.974,0.9056
MC_first_order,3195,0.011720995008,0.162313686007,0.624368296332,0.403614408539,0.9816,0.9278
MC_first_order,3196,0.0582548202716,0.235523666422,0.653991752961,0.00391642944132,0.9784,0.9111
MC_first_order,3197,0.336076615299,0.475561152084,0.331928751069,0.418252611678,0.9731,0.9167
MC_first_order,3198,0.015825987887,0.734072864204,0.319691522639,0.0834533428783,0.9775,0.8833
MC_first_order,3199,0.644465231652,0.813343541724,0.0340939052842,0.641825251666,0.964,0.8389
MC_first_order,3200,0.256904044564,0.580652105037,0.798282200094,0.646049312189,0.9617,0.8667
MC_first_order,3201,0.725015678909,0.105786379623,0.907869326035,0.526481372633,0.9491,0.8722
MC_first_order,3202,0.265897194524,0.318607536146,0.558404454049,0.206789186496,0.9746,0.9333
MC_first_order,3203,0.0604795172235,0.471228333175,0.944003111601,0.155341385335,0.969,0.8667
MC_first_order,3204,0.484290588553,0.511354766,0.873429267882,0.81767553528,0.9626,0.8667
MC_first_order,3205,0.265948738127,0.154400764037,0.0482256692543,0.041679820428,0.9857,0.9778
MC_first_order,3206,0.179421026462,0.739160694525,0.599247849304,0.291936396171,0.9646,0.8667
MC_first_order,3207,0.882525641509,0.540382540063,0.29511892504,0.941953386125,0.9629,0.8778
MC_first_order,3208,0.877549912376,0.750035326535,0.224625197326,0.291071437928,0.9556,0.8278
MC_first_order,3209,0.0911531812662,0.71083926393,0.594501907415,0.406866603209,0.9643,0.8444
MC_first_order,3210,0.0146563599299,0.396013147913,0.400170687204,0.357482583254,0.9871,0.9444
MC_first_order,3211,0.812979469224,0.393557847135,0.437326462539,0.1865591623,0.9643,0.8944
MC_first_order,3212,0.0407126113731,0.295376125953,0.697340449548,0.891959676833,0.9769,0.9056
MC_first_order,3213,0.661522390364,0.687784691245,0.735063474974,0.431130206898,0.9456,0.7889
MC_first_order,3214,0.790348770813,0.655005971546,0.218712480458,0.617978816828,0.9599,0.8556
MC_first_order,3215,0.72174081971,0.405846083208,0.229700856329,0.857015967227,0.9658,0.9111
MC_first_order,3216,0.69861966599,0.568993788464,0.998310833433,0.551846727551,0.9368,0.7778
MC_first_order,3217,0.57255715895,0.713709217772,0.860732630219,0.794000431439,0.9453,0.7944
MC_first_order,3218,0.34009592324,0.667118880885,0.694234495088,0.635672292918,0.9675,0.8889
MC_first_order,3219,0.263617367803,0.458174891008,0.408747756168,0.875633206956,0.9746,0.9222
MC_first_order,3220,0.168126753825,0.12170204097,0.975780598487,0.196772713864,0.9617,0.8889
MC_first_order,3221,0.503977692614,0.843517177274,0.203092085269,0.922761841334,0.9719,0.9111
MC_first_order,3222,0.675019339747,0.53698100908,0.850948610674,0.655248065154,0.9462,0.8
MC_first_order,3223,0.674327243898,0.272944329876,0.580226521691,0.261336750908,0.9711,0.9167
MC_first_order,3224,0.737667495456,0.726716042575,0.40283635946,0.392624596742,0.9488,0.8222
MC_first_order,3225,0.744287931685,0.408850130204,0.350227888526,0.375397143725,0.9643,0.9056
MC_first_order,3226,0.778242970095,0.935495058426,0.11354137458,0.587122731605,0.952,0.8056
MC_first_order,3227,0.356258042694,0.195548763777,0.221523510736,0.951644591284,0.981,0.9444
MC_first_order,3228,0.730703090673,0.989764734889,0.093297328103,0.0169820986975,0.9561,0.8389
MC_first_order,3229,0.511223397696,0.976436087749,0.0548508701673,0.221206541666,0.9664,0.8556
MC_first_order,3230,0.687718265032,0.171574865908,0.340979652597,0.25867027752,0.9816,0.9611
MC_first_order,3231,0.00310393351188,0.416842262514,0.534233894054,0.251985249521,0.9827,0.9278
MC_first_order,3232,0.515138441449,0.481781024041,0.96511691708,0.383316230124,0.9515,0.8278
MC_first_order,3233,0.814997613769,0.857804060978,0.0261393991959,0.943308521738,0.952,0.8056
MC_first_order,3234,0.53349914315,0.26628570476,0.499519835163,0.526156680199,0.9751,0.9278
MC_first_order,3235,0.338428522252,0.741414072965,0.0848635350837,0.355100237496,0.9719,0.8944
MC_first_order,3236,0.670967341171,0.391202712376,0.336650811069,0.718616557644,0.9719,0.9
MC_first_order,3237,0.476924996417,0.583905480655,0.4927995632,0.0842452779954,0.9728,0.9056
MC_first_order,3238,0.157779405286,0.386648948055,0.0324457008486,0.291843702224,0.9822,0.9556
MC_first_order,3239,0.640157669595,0.515174513258,0.400954690047,0.200213978225,0.9652,0.8611
MC_first_order,3240,0.044687188094,0.326272615867,0.0141337908151,0.332420461266,0.9889,0.9444
MC_first_order,3241,0.621942288064,0.52210927563,0.0451406522272,0.63064985456,0.9705,0.8833
MC_first_order,3242,0.855938805481,0.0556706652508,0.0802685509716,0.12516151508,0.9819,0.9944
MC_first_order,3243,0.496040230068,0.134785156758,0.638101906449,0.297915849422,0.974,0.9444
MC_first_order,3244,0.766868864373,0.42515740573,0.927079304211,0.286641420388,0.9374,0.7944
MC_first_order,3245,0.867852957277,0.612638594076,0.319482437149,0.88846169441,0.9602,0.8611
MC_first_order,3246,0.0306195015238,0.67957322414,0.0560837080209,0.728378222117,0.9804,0.8889
MC_first_order,3247,0.101429730922,0.154939568732,0.0922927583887,0.828915423357,0.9909,0.9722
MC_first_order,3248,0.479329258561,0.5054161471,0.532521517742,0.774300248979,0.9684,0.8889
MC_first_order,3249,0.29668099924,0.255147110771,0.939878956219,0.360280952349,0.9623,0.8889
MC_first_order,3250,0.245251911339,0.510313939867,0.766718530087,0.13543822419,0.964,0.8778
MC_first_order,3251,0.272994485565,0.67223988318,0.175029494987,0.0298676967267,0.9728,0.9
MC_first_order,3252,0.245026603334,0.121466087813,0.257738583954,0.523638738051,0.9836,0.9722
MC_first_order,3253,0.0355428576218,0.659797340585,0.39217755004,0.852407260024,0.9722,0.8611
MC_first_order,3254,0.0527575268475,0.0302693304294,0.453693916033,0.921118506563,0.9863,0.95
MC_first_order,3255,0.772375407376,0.990573243415,0.213504594684,0.973405000068,0.952,0.8056
MC_first_order,3256,0.0395838064717,0.736076964239,0.704213612326,0.181306335506,0.9655,0.8333
MC_first_order,3257,0.0649443965242,0.800455501909,0.679990866545,0.637643840757,0.9596,0.8222
MC_first_order,3258,0.917893111702,0.238346577921,0.0741304409567,0.915598958061,0.9784,0.9722
MC_first_order,3259,0.199804132469,0.196840750076,0.816892718141,0.400803882027,0.9667,0.9056
MC_first_order,3260,0.177512407088,0.556261181283,0.602400230072,0.180655182839,0.969,0.8944
MC_first_order,3261,0.940531905779,0.10371476452,0.094301528375,0.700502962196,0.9801,0.9833
MC_first_order,3262,0.0432169356839,0.473994528189,0.25725115054,0.624369938117,0.9775,0.8944
MC_first_order,3263,0.124420666744,0.242315660904,0.926451205075,0.720558593559,0.9658,0.8778
MC_first_order,3264,0.530161078505,0.704593992375,0.193447365002,0.45839156294,0.9675,0.8667
MC_first_order,3265,0.686154343233,0.0971043329185,0.518551228576,0.151128565634,0.9751,0.9389
MC_first_order,3266,0.295075025427,0.627108259961,0.994013815318,0.96529641371,0.9541,0.8444
MC_first_order,3267,0.808345669174,0.0405000878107,0.817799807545,0.249488705829,0.9526,0.8833
MC_first_order,3268,0.726587117039,0.181478970239,0.72600712316,0.177339806807,0.9503,0.8722
MC_first_order,3269,0.85139063504,0.578990992125,0.0183374908979,0.658032841091,0.9635,0.8778
MC_first_order,3270,0.634314761201,0.795255925708,0.677614977798,0.761691711041,0.9459,0.7833
MC_first_order,3271,0.251278107906,0.890420709476,0.276457749843,0.221767139355,0.9696,0.8833
MC_first_order,3272,0.891356011555,0.0354543650708,0.0409331780721,0.840393524933,0.9819,0.9944
MC_first_order,3273,0.488477933876,0.545230502019,0.523017490975,0.533587454404,0.9661,0.8944
MC_first_order,3274,0.227787254132,0.584367650297,0.803524070949,0.225692848371,0.9602,0.8611
MC_first_order,3275,0.175181792456,0.111192132415,0.525780906825,0.202097922686,0.9778,0.95
MC_first_order,3276,0.181291877493,0.980896224643,0.848515187528,0.312491162821,0.9494,0.8
MC_first_order,3277,0.901300035349,0.473666596768,0.534229444556,0.222232647367,0.9588,0.8667
MC_first_order,3278,0.319042364069,0.99968722486,0.0297494578915,0.0657458695895,0.9617,0.8333
MC_first_order,3279,0.837878456479,0.5963671771,0.468641604011,0.974003816493,0.9591,0.8611
MC_first_order,3280,0.986816927026,0.237936437713,0.426579714762,0.274695235718,0.974,0.9556
MC_first_order,3281,0.319658934463,0.602933712444,0.25756572594,0.248096831574,0.9722,0.9111
MC_first_order,3282,0.568538974693,0.84017821944,0.418300801375,0.302364371038,0.9602,0.8333
MC_first_order,3283,0.598516555161,0.469014013344,0.539863932843,0.574146664015,0.9614,0.8556
MC_first_order,3284,0.596523146304,0.871604696547,0.146499416942,0.309325188012,0.9626,0.8389
MC_first_order,3285,0.0967493464324,0.876949686137,0.0641260069394,0.668695605229,0.976,0.8778
MC_first_order,3286,0.640483878925,0.455370327987,0.143631947782,0.568904278434,0.9722,0.8944
MC_first_order,3287,0.364759655518,0.610441746322,0.202673902671,0.102904707354,0.9766,0.9167
MC_first_order,3288,0.682899904137,0.919663069901,0.535746132526,0.597928286756,0.9523,0.7944
MC_first_order,3289,0.950035191923,0.277632761378,0.879421672815,0.778922856564,0.9444,0.8389
MC_first_order,3290,0.0282176619453,0.767027245946,0.606466935481,0.219805838628,0.9711,0.8611
MC_first_order,3291,0.872212777365,0.615286670812,0.499352592788,0.523591904537,0.9573,0.85
MC_first_order,3292,0.952848195505,0.198255655427,0.284942903947,0.487324835923,0.9778,0.9722
MC_first_order,3293,0.265653900726,0.000140904673142,0.120951976042,0.94774882697,0.986,0.9833
MC_first_order,3294,0.631545455244,0.592512708979,0.42362041924,0.559711672795,0.9617,0.85
MC_first_order,3295,0.932862325992,0.203928419825,0.717901086547,0.240243475082,0.9573,0.8944
MC_first_order,3296,0.208079731316,0.398795685208,0.568490747846,0.677900373747,0.9734,0.9222
MC_first_order,3297,0.055704320526,0.294627009195,0.584337416162,0.041960971347,0.9789,0.9111
MC_first_order,3298,0.568423562644,0.985159872866,0.606970951608,0.0829126055009,0.9553,0.8167
MC_first_order,3299,0.552111497014,0.296952968342,0.744932124967,0.499609567237,0.9649,0.8889
MC_first_order,3300,0.34463048252,0.000169069397101,0.260591022246,0.0468364673133,0.9839,0.9778
MC_first_order,3301,0.194824349326,0.903287581134,0.384247976781,0.991580457749,0.9673,0.8722
MC_first_order,3302,0.223959000517,0.225492202097,0.36611532649,0.0857196005787,0.9798,0.9556
MC_first_order,3303,0.517620039747,0.0756467091807,0.0345967805559,0.893044246158,0.9874,0.9889
MC_first_order,3304,0.359759513754,0.702910809303,0.71812787247,0.446174628224,0.9596,0.85
MC_first_order,3305,0.413909663509,0.703850640564,0.244180214139,0.205860250654,0.9769,0.9111
MC_first_order,3306,0.613455941381,0.874838314556,0.296276905586,0.176810207935,0.9567,0.8111
MC_first_order,3307,0.302497436643,0.597546270535,0.728058976068,0.411212149565,0.9611,0.8611
MC_first_order,3308,0.139026338998,0.31191671411,0.0932959774027,0.129268480087,0.9825,0.9611
MC_first_order,3309,0.447507161553,0.68113925416,0.717194833849,0.696344002066,0.9661,0.8722
MC_first_order,3310,0.742340255384,0.00487714732011,0.383561603163,0.345939875668,0.9734,0.9667
MC_first_order,3311,0.655142281505,0.525746694854,0.0409769547613,0.603803247872,0.9711,0.8833
MC_first_order,3312,0.127728966043,0.704453881446,0.213882124752,0.637848977972,0.9725,0.9056
MC_first_order,3313,0.517565212704,0.856246648205,0.907139823257,0.927483178895,0.9453,0.7889
MC_first_order,3314,0.541896429903,0.83357339994,0.637341560806,0.312404111636,0.9561,0.8222
MC_first_order,3315,0.681880011885,0.181958027191,0.909844976838,0.0431074974408,0.9538,0.8556
MC_first_order,3316,0.946311382072,0.213041737627,0.399376915162,0.105445825385,0.9754,0.9611
MC_first_order,3317,0.538481168488,0.463913204021,0.877306029383,0.197258794505,0.9541,0.8389
MC_first_order,3318,0.951443706137,0.358189322198,0.286498023099,0.0394281587297,0.969,0.9167
MC_first_order,3319,0.0295642987962,0.0135947606383,0.499430884193,0.820350185642,0.9874,0.9556
MC_first_order,3320,0.899254652743,0.989290234423,0.622877736382,0.271696520567,0.9412,0.7667
MC_first_order,3321,0.815220509802,0.393812670635,0.642920370704,0.117476015083,0.957,0.8667
MC_first_order,3322,0.500144517014,0.67362812768,0.0169686664048,0.555860303986,0.9769,0.9333
MC_first_order,3323,0.685580738887,0.0267549446275,0.699667943382,0.735543641568,0.9623,0.8944
MC_first_order,3324,0.251529194209,0.211629810873,0.624412618337,0.970661983034,0.9763,0.9444
MC_first_order,3325,0.231197648924,0.765899353896,0.0396501235326,0.645225921654,0.9725,0.8944
MC_first_order,3326,0.331454951434,0.89618554371,0.750232087051,0.28144378236,0.9567,0.8278
MC_first_order,3327,0.360642682851,0.74788552091,0.256038069625,0.351377246036,0.9711,0.8889
MC_first_order,3328,0.433103402253,0.489513945001,0.352843771053,0.551550206361,0.9772,0.9167
MC_first_order,3329,0.41081296546,0.840768725192,0.552990402159,0.355014549203,0.9608,0.8389
MC_first_order,3330,0.359268074499,0.838115720395,0.476137735382,0.00317577660112,0.9646,0.8556
MC_first_order,3331,0.582792743606,0.307817627779,0.682670482202,0.0104726520582,0.9596,0.8722
MC_first_order,3332,0.361475726861,0.0666502437146,0.0870517913278,0.52589628132,0.9898,0.9889
MC_first_order,3333,0.0783368345846,0.0183961998676,0.382712992179,0.519185825095,0.9816,0.9389
MC_first_order,3334,0.569039693786,0.616378457587,0.84547244476,0.935274153512,0.9494,0.8167
MC_first_order,3335,0.468651595545,0.0587567384455,0.192457570678,0.403799940818,0.9874,0.9833
MC_first_order,3336,0.236780917704,0.991155787046,0.619819160031,0.381124756125,0.9614,0.85
MC_first_order,3337,0.428546985857,0.367708054978,0.054371613933,0.625617794776,0.9863,0.9556
MC_first_order,3338,0.282066105549,0.212263804516,0.173231938041,0.717077992313,0.9842,0.9722
MC_first_order,3339,0.482185280684,0.74262896917,0.035231028841,0.503928912903,0.9804,0.9278
MC_first_order,3340,0.41304730145,0.609947908066,0.416545333148,0.145526692985,0.9763,0.9111
MC_first_order,3341,0.970897951626,0.931829238032,0.341794371574,0.24758089176,0.9515,0.8056
MC_first_order,3342,0.412756280309,0.329256859036,0.430464004604,0.421579829477,0.9789,0.9278
MC_first_order,3343,0.376427922078,0.98306565053,0.0270772329631,0.450992187444,0.9722,0.8667
MC_first_order,3344,0.0305254158787,0.827179436796,0.755818419072,0.266347053648,0.9632,0.8167
MC_first_order,3345,0.813296604684,0.147737008417,0.707239487161,0.983668800636,0.9611,0.9111
MC_first_order,3346,0.156156449487,0.159761409756,0.834350526145,0.608360475611,0.9675,0.9111
MC_first_order,3347,0.748361419017,0.770521315258,0.915590280833,0.357364183196,0.9275,0.7333
MC_first_order,3348,0.626569993352,0.5427851895,0.386270531753,0.445171513507,0.9623,0.85
MC_first_order,3349,0.6428870381,0.675519223246,0.845513157439,0.851604686503,0.9436,0.7833
MC_first_order,3350,0.490328672553,0.0507509045091,0.313789842604,0.317486046299,0.9816,0.9778
MC_first_order,3351,0.432836281807,0.121065133576,0.270719882142,0.770739128942,0.9842,0.9611
MC_first_order,3352,0.197368119911,0.614319974168,0.851758761293,0.352030038302,0.9573,0.85
MC_first_order,3353,0.331068448411,0.0443186255004,0.718308144154,0.742834081185,0.9743,0.9389
MC_first_order,3354,0.77007348676,0.113800181021,0.883389757875,0.110979299012,0.948,0.8611
MC_first_order,3355,0.813712094112,0.476285841034,0.525986357791,0.465341492652,0.9588,0.8667
MC_first_order,3356,0.869641783346,0.356368796791,0.653984663818,0.513583119288,0.9588,0.8778
MC_first_order,3357,0.457670602429,0.966867789197,0.700338064462,0.789422385138,0.9538,0.8
MC_first_order,3358,0.0597110133033,0.088678518817,0.0509390337274,0.894598538905,0.9927,0.9722
MC_first_order,3359,0.0616618659151,0.436137784302,0.0230784470022,0.80919981499,0.9889,0.95
MC_first_order,3360,0.0528492754788,0.271530738331,0.685157945994,0.683874100887,0.9784,0.9111
MC_first_order,3361,0.0811712107741,0.622070993943,0.927415629747,0.830073869583,0.9547,0.8167
MC_first_order,3362,0.454536831445,0.971766688064,0.522392272646,0.948772232421,0.9538,0.8
MC_first_order,3363,0.600571376233,0.591351148265,0.564020294134,0.89528821618,0.9588,0.8389
MC_first_order,3364,0.500539179797,0.68870269961,0.466659719209,0.298852280899,0.9681,0.9
MC_first_order,3365,0.356521417694,0.984192139623,0.0389809079759,0.729401019854,0.9696,0.8611
MC_first_order,3366,0.184133295654,0.70273547682,0.494419450584,0.413755541316,0.9664,0.8778
MC_first_order,3367,0.854477974153,0.990029070972,0.0998773444321,0.229032411167,0.952,0.8056
MC_first_order,3368,0.330982312571,0.232445859285,0.859540659106,0.181078322601,0.962,0.8833
MC_first_order,3369,0.931081855555,0.146467859861,0.0722366989428,0.454899182527,0.9801,0.9833
MC_first_order,3370,0.301006656211,0.894037502305,0.368337096297,0.124660594961,0.9675,0.8778
MC_first_order,3371,0.284233675406,0.51930536951,0.626007289138,0.434466107893,0.9684,0.8944
MC_first_order,3372,0.801110661379,0.73467364125,0.2780827699,0.225353803037,0.955,0.8278
MC_first_order,3373,0.886118371652,0.920650550756,0.56792723021,0.750139104578,0.9456,0.7833
MC_first_order,3374,0.164266500379,0.397114969179,0.311814582729,0.601086876752,0.9792,0.9444
MC_first_order,3375,0.39723837267,0.279274365023,0.274287084263,0.803474002001,0.9798,0.9333
MC_first_order,3376,0.11192099511,0.814323256369,0.697160397393,0.752237978171,0.9591,0.8222
MC_first_order,3377,0.638624750468,0.199541261707,0.623063528273,0.400488586872,0.9684,0.9111
MC_first_order,3378,0.360417603048,0.191817714356,0.113299743602,0.737386619015,0.9863,0.9667
MC_first_order,3379,0.852848875545,0.966733491413,0.207863199859,0.96439863225,0.952,0.8056
MC_first_order,3380,0.106387032789,0.623503956982,0.985234846072,0.3668445676,0.9518,0.8056
MC_first_order,3381,0.67061864564,0.141774347766,0.568712151202,0.132609271005,0.9743,0.9333
MC_first_order,3382,0.313715772341,0.772379338609,0.156686750797,0.512541999446,0.9673,0.8722
MC_first_order,3383,0.0300766998877,0.794514784379,0.909175802513,0.52665709086,0.964,0.8222
MC_first_order,3384,0.170450177355,0.309958331767,0.407053438585,0.637265335978,0.9795,0.95
MC_first_order,3385,0.778786211226,0.101037785682,0.0198778941602,0.649092545151,0.9801,0.9833
MC_first_order,3386,0.254630348891,0.347655523436,0.689271061625,0.672620281534,0.9716,0.9222
MC_first_order,3387,0.143404257302,0.65259866945,0.412658355897,0.173828412042,0.9702,0.8944
MC_first_order,3388,0.215414105666,0.0564908677778,0.0287138013634,0.471203072891,0.9874,0.9889
MC_first_order,3389,0.138297268961,0.514208993498,0.339823151535,0.123384793174,0.9757,0.9222
MC_first_order,3390,0.534704891469,0.0598391891204,0.921331104357,0.69635940823,0.9629,0.8944
MC_first_order,3391,0.981323239956,0.284651595518,0.424452339328,0.113647230513,0.9722,0.9444
MC_first_order,3392,0.696429279523,0.740542271756,0.100543125683,0.625879620498,0.9643,0.8444
MC_first_order,3393,0.696427120612,0.557878757038,0.326613300654,0.877269276727,0.9658,0.8611
MC_first_order,3394,0.595702220437,0.457768483517,0.876539328656,0.983139364689,0.9436,0.8
MC_first_order,3395,0.609863452902,0.64877283977,0.708689457208,0.901881991237,0.9468,0.8
MC_first_order,3396,0.774437659768,0.568239048644,0.455691403643,0.625548084839,0.9599,0.8667
MC_first_order,3397,0.42450342533,0.417609130553,0.31766406057,0.828406432157,0.9781,0.9222
MC_first_order,3398,0.454889511477,0.5203500244,0.352936400608,0.814484341068,0.9731,0.9
MC_first_order,3399,0.523685842925,0.826503394796,0.825146562069,0.0755599281729,0.9482,0.8
MC_first_order,3400,0.702300589986,0.105613973714,0.404208772129,0.168635197555,0.9746,0.95
MC_first_order,3401,0.0429276941691,0.876266110317,0.864484992817,0.250326902624,0.9599,0.8056
MC_first_order,3402,0.474558833031,0.312342908888,0.307768678801,0.822089350015,0.9775,0.9278
MC_first_order,3403,0.247471935498,0.752246725359,0.27351946094,0.548500860287,0.9705,0.8889
MC_first_order,3404,0.356883789246,0.939778426758,0.462135850645,0.543280561048,0.9611,0.8333
MC_first_order,3405,0.579780077793,0.00963355959405,0.875308390043,0.521073194625,0.9532,0.8611
MC_first_order,3406,0.805327727715,0.727476403596,0.414946195327,0.757269113134,0.952,0.8167
MC_first_order,3407,0.904592329263,0.768741635683,0.931979888541,0.206646213558,0.9269,0.7278
MC_first_order,3408,0.0408111421477,0.783630723336,0.972955736653,0.843488326362,0.9579,0.8
MC_first_order,3409,0.957127647098,0.878462608668,0.0655921931043,0.861761723744,0.952,0.8056
MC_first_order,3410,0.392144830496,0.821251380708,0.206774776785,0.401503908594,0.9725,0.8833
MC_first_order,3411,0.559393616215,0.335444982009,0.350057836277,0.894174876788,0.9754,0.9222
MC_first_order,3412,0.751633415382,0.9370703493,0.0435801677304,0.33087507349,0.9512,0.8056
MC_first_order,3413,0.988181223247,0.979991315712,0.916000472309,0.19508716551,0.9243,0.7111
MC_first_order,3414,0.447174094263,0.995449702602,0.333347921885,0.369508946807,0.9696,0.8722
MC_first_order,3415,0.757932505443,0.923088815291,0.261686084573,0.387814375829,0.9506,0.8056
MC_first_order,3416,0.124583002042,0.679953424334,0.689086158193,0.564542338039,0.967,0.8556
MC_first_order,3417,0.816614366524,0.47023988403,0.986027308722,0.642620466948,0.9351,0.7833
MC_first_order,3418,0.0753304471824,0.362460553861,0.0783948392068,0.439842607051,0.9865,0.9444
MC_first_order,3419,0.0791033160268,0.153433052325,0.678895439198,0.789821597667,0.9719,0.9
MC_first_order,3420,0.395385338851,0.889436471406,0.399489169475,0.290548172433,0.9675,0.8556
MC_first_order,3421,0.526964451301,0.844853037739,0.116986802759,0.993175755565,0.9658,0.8556
MC_first_order,3422,0.0653449152264,0.292526324169,0.196183672937,0.939717390322,0.9839,0.9389
MC_first_order,3423,0.483831346775,0.497525404359,0.726460479844,0.98780761965,0.967,0.8833
MC_first_order,3424,0.225318580223,0.48948256825,0.675200610047,0.500740930362,0.9655,0.8833
MC_first_order,3425,0.945241667483,0.708480705225,0.681833360133,0.104676444107,0.9436,0.7889
MC_first_order,3426,0.350185413291,0.0565609704367,0.0759737648144,0.452415460494,0.9889,0.9889
MC_first_order,3427,0.929023842579,0.959885591137,0.946946695204,0.0645814876246,0.9243,0.7111
MC_first_order,3428,0.908817986232,0.987597594451,0.25204666139,0.433118435367,0.952,0.8056
MC_first_order,3429,0.474590254877,0.252341034287,0.191937505365,0.158101253807,0.9822,0.95
MC_first_order,3430,0.788797172544,0.47538291693,0.807739578257,0.964012501097,0.9395,0.8
MC_first_order,3431,0.613696277942,0.53739610769,0.323380151381,0.0350253667679,0.9637,0.8556
MC_first_order,3432,0.0670938578027,0.999658580794,0.249478634865,0.0683821091398,0.9687,0.85
MC_first_order,3433,0.0655715200277,0.753269605277,0.741111231269,0.853736969817,0.9594,0.8278
MC_first_order,3434,0.456579026562,0.914298322049,0.997035366179,0.527117185627,0.9497,0.7889
MC_first_order,3435,0.0232523712671,0.975963525785,0.42754624393,0.571142054278,0.9722,0.85
MC_first_order,3436,0.356304154276,0.775421115822,0.628982965642,0.110120917461,0.9596,0.8389
MC_first_order,3437,0.250708711787,0.722110337822,0.377064641417,0.868665113668,0.9675,0.8778
MC_first_order,3438,0.0817794247755,0.862672875059,0.24365404184,0.452220616153,0.9696,0.8556
MC_first_order,3439,0.659609954084,0.324771834714,0.865263287964,0.85270367738,0.9518,0.8389
MC_first_order,3440,0.87673252995,0.190703293181,0.465792227527,0.0494332820388,0.9749,0.9611
MC_first_order,3441,0.303357352888,0.677146368928,0.655269426692,0.571467021826,0.964,0.8722
MC_first_order,3442,0.486009485192,0.60725022488,0.0156701407249,0.0251059926597,0.9778,0.9389
MC_first_order,3443,0.778486653297,0.459051320607,0.184543958812,0.413921637586,0.9661,0.8944
MC_first_order,3444,0.522024708071,0.67940125628,0.76499247811,0.0376548844869,0.952,0.8167
MC_first_order,3445,0.600435915117,0.39311791347,0.336800846334,0.876172299709,0.969,0.8889
MC_first_order,3446,0.606423307701,0.736855932879,0.474794984759,0.710288092611,0.9558,0.8167
MC_first_order,3447,0.404312183147,0.527342080705,0.204809490585,0.102285658826,0.9778,0.9167
MC_first_order,3448,0.00808435481153,0.282457652508,0.442825078241,0.085463066874,0.9865,0.9444
MC_first_order,3449,0.891303060264,0.594518940843,0.271117091859,0.796904177929,0.962,0.8722
MC_first_order,3450,0.204272653682,0.64951035757,0.81521578406,0.821703321717,0.957,0.8444
MC_first_order,3451,0.704652668146,0.58488042143,0.96828782235,0.043218472795,0.9389,0.7833
MC_first_order,3452,0.0626157095866,0.30596415594,0.294459354281,0.568961139273,0.9784,0.9167
MC_first_order,3453,0.642989171665,0.904415938292,0.0758350644141,0.459805980233,0.9632,0.8333
MC_first_order,3454,0.857858113382,0.481958984406,0.125765977712,0.41945900552,0.9661,0.8944
MC_first_order,3455,0.140046616093,0.00675089839026,0.297080912821,0.138496713718,0.9845,0.9778
MC_first_order,3456,0.372686317064,0.874046410984,0.630779397707,0.615390612189,0.9582,0.8222
MC_first_order,3457,0.999004960416,0.575920738656,0.47600440849,0.741415930404,0.9591,0.8611
MC_first_order,3458,0.385892911597,0.232489030541,0.504249460772,0.530916606788,0.9749,0.9167
MC_first_order,3459,0.285931688628,0.805797608538,0.367008043565,0.687427295781,0.9667,0.8722
MC_first_order,3460,0.0675798328197,0.447200815485,0.317116399901,0.19619538579,0.9769,0.9056
MC_first_order,3461,0.348530520673,0.629293076885,0.387600535826,0.932487455128,0.9728,0.9056
MC_first_order,3462,0.649309545326,0.199651817742,0.223353639196,0.816362789187,0.9845,0.9722
MC_first_order,3463,0.253142604309,0.906278534472,0.279973117234,0.0999440545479,0.9696,0.8833
MC_first_order,3464,0.494500460505,0.611606533021,0.728570177222,0.146476262373,0.9632,0.8833
MC_first_order,3465,0.554878341682,0.672930656598,0.177757664908,0.317695477857,0.9711,0.8833
MC_first_order,3466,0.8675962884,0.979034890472,0.0783220193422,0.89684133489,0.952,0.8056
MC_first_order,3467,0.25176223184,0.619492200275,0.784098453915,0.744684066169,0.9632,0.8722
MC_first_order,3468,0.829101747481,0.711363892,0.83740107044,0.67068193848,0.9307,0.7444
MC_first_order,3469,0.414289368766,0.868926764761,0.64379480233,0.273058154081,0.9582,0.8222
MC_first_order,3470,0.00716494705277,0.834455855114,0.980620359776,0.75166421875,0.9553,0.7944
MC_first_order,3471,0.742712557948,0.880475738389,0.951797718266,0.618730176117,0.9292,0.75
MC_first_order,3472,0.912844564876,0.528335899035,0.470491145396,0.857585079813,0.9599,0.8667
MC_first_order,3473,0.82165425275,0.964336158874,0.368286811314,0.80519519653,0.95,0.8
MC_first_order,3474,0.967621256865,0.769374446396,0.18486917631,0.227403996977,0.9547,0.8222
MC_first_order,3475,0.810282981333,0.522533032071,0.160684165807,0.898339767062,0.9643,0.8833
MC_first_order,3476,0.134573433073,0.0332845232434,0.377529137897,0.30882144371,0.983,0.9722
MC_first_order,3477,0.897005331567,0.329951498314,0.610898823567,0.92133206379,0.9629,0.9
MC_first_order,3478,0.0564819524813,0.168885021694,0.723257731824,0.912399758612,0.9795,0.9222
MC_first_order,3479,0.364258252979,0.933874188817,0.623493069684,0.631892084071,0.9553,0.8111
MC_first_order,3480,0.144378963755,0.764650927749,0.439534423063,0.151383162862,0.9661,0.8722
MC_first_order,3481,0.134548557503,0.229418702619,0.483872841726,0.108107653928,0.9775,0.9444
MC_first_order,3482,0.193043359442,0.776786497716,0.788197756535,0.828414624751,0.9564,0.8333
MC_first_order,3483,0.620291268873,0.617295046677,0.175358606405,0.789668346313,0.9681,0.8722
MC_first_order,3484,0.813631768165,0.59141738074,0.536977718662,0.0632193119217,0.9561,0.85
MC_first_order,3485,0.0399078999015,0.352402312528,0.918695804923,0.342797925024,0.9716,0.8833
MC_first_order,3486,0.908865066802,0.940196642814,0.266220825535,0.465634905663,0.9515,0.8056
MC_first_order,3487,0.84945071732,0.644753647339,0.57781333845,0.256006500111,0.9535,0.8333
MC_first_order,3488,0.128425921357,0.559051347262,0.525573832919,0.717916000299,0.9649,0.8833
MC_first_order,3489,0.219857333661,0.459923214425,0.180541552502,0.677701139074,0.9781,0.9333
MC_first_order,3490,0.658716440957,0.2849982007,0.164927314041,0.0590843062425,0.9819,0.9556
MC_first_order,3491,0.00318136315571,0.954881411016,0.72700474714,0.444956781683,0.9652,0.8278
MC_first_order,3492,0.827403385624,0.127515871205,0.970628271838,0.200141040558,0.948,0.8611
MC_first_order,3493,0.633895055505,0.566033236691,0.509655276773,0.199781587118,0.9588,0.8389
MC_first_order,3494,0.54211516147,0.986836166378,0.736706083543,0.623696487507,0.9526,0.8111
MC_first_order,3495,0.920968070482,0.232554109397,0.0535758754113,0.222359523288,0.9784,0.9722
MC_first_order,3496,0.298657063834,0.608877115599,0.845101503841,0.701698042358,0.9605,0.8667
MC_first_order,3497,0.723401569628,0.637670721035,0.534145400934,0.195377893664,0.9412,0.8
MC_first_order,3498,0.563029193231,0.17022295449,0.183723385981,0.5389527655,0.9851,0.9722
MC_first_order,3499,0.165659031721,0.475445847864,0.588296987868,0.249373891195,0.9699,0.9
MC_first_order,3500,0.916749757391,0.486317808738,0.0356153591245,0.120858050794,0.9661,0.8944
MC_first_order,3501,0.176568306938,0.592779213365,0.789059323621,0.153086337458,0.9617,0.8667
MC_first_order,3502,0.315832485461,0.865743419589,0.848006139326,0.727675142757,0.9506,0.8111
MC_first_order,3503,0.662727316589,0.983804418838,0.754753093463,0.199469088243,0.9404,0.7556
MC_first_order,3504,0.48696510046,0.964717277631,0.248013843954,0.852946602456,0.9673,0.8833
MC_first_order,3505,0.759901252312,0.66479050399,0.11326753208,0.00379645072977,0.9573,0.8444
MC_first_order,3506,0.638773366094,0.80158837913,0.514122073521,0.201944810961,0.9541,0.8056
MC_first_order,3507,0.898144556692,0.578934522436,0.217072977535,0.782432032709,0.9635,0.8778
MC_first_order,3508,0.635606783327,0.682568447582,0.393188318829,0.296824682082,0.9596,0.8333
MC_first_order,3509,0.372469502445,0.667434792204,0.62726897898,0.37065450861,0.9661,0.8722
MC_first_order,3510,0.181555502289,0.35269970673,0.550352264482,0.108225457125,0.9751,0.9333
MC_first_order,3511,0.177704594232,0.868214654571,0.342492966698,0.410273733876,0.9687,0.8778
MC_first_order,3512,0.0881364757968,0.52639649154,0.158384318851,0.0453214524304,0.9819,0.9222
MC_first_order,3513,0.526041985055,0.480234557983,0.593629536565,0.394614797711,0.9635,0.8667
MC_first_order,3514,0.233873308802,0.872841521027,0.850439097385,0.12000158597,0.952,0.8167
MC_first_order,3515,0.891353235596,0.7127666538,0.883308963399,0.526529048942,0.9278,0.7333
MC_first_order,3516,0.223319465454,0.874141031385,0.722746552224,0.227829447526,0.9579,0.8389
MC_first_order,3517,0.295502756312,0.172527832633,0.381327815439,0.99073091967,0.9807,0.9611
MC_first_order,3518,0.438199562703,0.508284304254,0.852223142842,0.417698321609,0.9611,0.8556
MC_first_order,3519,0.291620081937,0.480576596977,0.342368500568,0.276599688847,0.9743,0.9167
MC_first_order,3520,0.617510913598,0.00425129194391,0.18358393934,0.0614431653436,0.9865,0.9889
MC_first_order,3521,0.290719124312,0.474338778282,0.192102439689,0.00841865380543,0.9772,0.9278
MC_first_order,3522,0.600039331748,0.983824438667,0.11652027152,0.421283076724,0.9602,0.8222
MC_first_order,3523,0.212021055353,0.54765969979,0.514782447557,0.831371545358,0.969,0.8944
MC_first_order,3524,0.138623101092,0.45472612942,0.0980864928355,0.592178877749,0.9798,0.9444
MC_first_order,3525,0.264310918974,0.635738226297,0.578530227502,0.27228502067,0.9667,0.8833
MC_first_order,3526,0.971378813155,0.785522143715,0.916934538962,0.734891011034,0.926,0.7222
MC_first_order,3527,0.253674741772,0.390213160388,0.510616528902,0.758140835932,0.9737,0.9278
MC_first_order,3528,0.551936394418,0.943536730579,0.528441761211,0.00954731313655,0.9611,0.8389
MC_first_order,3529,0.871745637402,0.639386680177,0.965769443117,0.774012311656,0.933,0.7667
MC_first_order,3530,0.452382085756,0.475769935546,0.143502918766,0.457090416827,0.9775,0.9167
MC_first_order,3531,0.84070977645,0.408618037756,0.384917968664,0.959462619164,0.9649,0.8944
MC_first_order,3532,0.184373476022,0.0855841598318,0.109948606895,0.662482685734,0.986,0.9833
MC_first_order,3533,0.653071873611,0.878570837563,0.609745553508,0.949801667997,0.9488,0.7833
MC_first_order,3534,0.0187308814646,0.167208119922,0.749171132459,0.350876125627,0.9792,0.9167
MC_first_order,3535,0.77867892446,0.0850627796296,0.271252475842,0.164272771807,0.9787,0.9778
MC_first_order,3536,0.245992677141,0.183659275869,0.275088394659,0.606777676691,0.9836,0.9722
MC_first_order,3537,0.977545762274,0.811457236405,0.856995440411,0.0184166749251,0.9251,0.7167
MC_first_order,3538,0.310375384183,0.535691954103,0.764049478108,0.955580336904,0.962,0.8667
MC_first_order,3539,0.0804642878654,0.633348551153,0.484117948258,0.678070192946,0.9705,0.8722
MC_first_order,3540,0.400317119297,0.082641058084,0.250152415757,0.970169139969,0.9874,0.9778
MC_first_order,3541,0.179052686051,0.94989670167,0.961681116175,0.482272744045,0.9459,0.7889
MC_first_order,3542,0.146667030341,0.905836406135,0.360045171663,0.21909429409,0.9673,0.8722
MC_first_order,3543,0.120986706721,0.373148467827,0.819506284349,0.879342408209,0.962,0.8556
MC_first_order,3544,0.127512014633,0.70171211011,0.274197103052,0.779128314742,0.9711,0.9
MC_first_order,3545,0.236210014813,0.895598750228,0.165874018537,0.211318978549,0.9711,0.8889
MC_first_order,3546,0.102663978644,0.335207464245,0.933649198202,0.685398333371,0.9591,0.8444
MC_first_order,3547,0.62662700897,0.406381293054,0.940733655298,0.42417494907,0.9447,0.8056
MC_first_order,3548,0.875549672694,0.157644241332,0.577013728387,0.382009350138,0.9728,0.9556
MC_first_order,3549,0.731419313438,0.142785846441,0.0722741046007,0.697788405995,0.9789,0.9833
MC_first_order,3550,0.04738182789,0.267125066366,0.748760378239,0.795593410622,0.9754,0.9
MC_first_order,3551,0.749328098796,0.240407760708,0.983302122359,0.278683564182,0.9459,0.85
MC_first_order,3552,0.770946723156,0.74415336479,0.0698693547057,0.29303535259,0.9556,0.8278
MC_first_order,3553,0.53122815756,0.943455800558,0.427549254643,0.298955905599,0.9594,0.8333
MC_first_order,3554,0.966594832993,0.974941328348,0.0855408612805,0.860839126958,0.952,0.8056
MC_first_order,3555,0.695921425664,0.523261258971,0.436322097307,0.315156852046,0.9646,0.8611
MC_first_order,3556,0.27836600482,0.232304540216,0.0119670089683,0.0608132907946,0.9863,0.9778
MC_first_order,3557,0.258177584044,0.13477565965,0.499360843172,0.160724525828,0.9763,0.9444
MC_first_order,3558,0.424239831585,0.300643990767,0.150282631122,0.467299342923,0.9833,0.9444
MC_first_order,3559,0.736069309233,0.267320383194,0.356554782254,0.29843418073,0.9687,0.9333
MC_first_order,3560,0.427833326144,0.193514162946,0.189417070405,0.366340373158,0.9845,0.9556
MC_first_order,3561,0.335858476747,0.761203679812,0.392751651771,0.822408222407,0.967,0.8778
MC_first_order,3562,0.202796636401,0.617237580181,0.352723558014,0.137489887964,0.9749,0.9167
MC_first_order,3563,0.57833424344,0.319362343688,0.47161981046,0.730322995581,0.9713,0.9167
MC_first_order,3564,0.300936567196,0.592492555944,0.920651470742,0.893675174359,0.9576,0.8556
MC_first_order,3565,0.0533769219672,0.675620922146,0.659608005549,0.847755337598,0.9678,0.8444
MC_first_order,3566,0.78036316896,0.0651366690791,0.934064963114,0.540432575762,0.9488,0.8667
MC_first_order,3567,0.887055376662,0.914568582606,0.206936392181,0.0807280478703,0.952,0.8056
MC_first_order,3568,0.0771530223379,0.852412596794,0.343112247767,0.251038424458,0.9675,0.85
MC_first_order,3569,0.12832080731,0.202680194973,0.630238552374,0.220802325909,0.9728,0.9333
MC_first_order,3570,0.62548801028,0.723287364537,0.177591660376,0.264743530464,0.9646,0.85
MC_first_order,3571,0.340604007939,0.451377463168,0.564822607454,0.556904459155,0.9725,0.9167
MC_first_order,3572,0.679125018889,0.486832405216,0.453244051738,0.480157168935,0.9664,0.8722
MC_first_order,3573,0.491652204803,0.0598808049802,0.739937810764,0.319185991472,0.9728,0.9444
MC_first_order,3574,0.968969574515,0.576147445546,0.153024419759,0.988657244857,0.9635,0.8778
MC_first_order,3575,0.942552643655,0.586048242626,0.000388306113994,0.999847762001,0.9649,0.8833
MC_first_order,3576,0.877075042345,0.440396217374,0.516121272266,0.877084774156,0.9596,0.8722
MC_first_order,3577,0.0272523112754,0.129118190637,0.0849094279137,0.751814739308,0.9947,0.9778
MC_first_order,3578,0.189911186293,0.93825161022,0.294111666247,0.255142879408,0.9678,0.8722
MC_first_order,3579,0.965783669615,0.448147656032,0.194702796906,0.657270451046,0.967,0.9
MC_first_order,3580,0.461710048345,0.661688089057,0.186547553716,0.471943000787,0.9754,0.9111
MC_first_order,3581,0.165699948301,0.174958233075,0.186664033034,0.835463607143,0.9851,0.9778
MC_first_order,3582,0.253797735495,0.0869054278065,0.302657119905,0.393738015431,0.9845,0.9778
MC_first_order,3583,0.69419709481,0.723822282299,0.558781212096,0.532645288435,0.9558,0.8167
MC_first_order,3584,0.552920159979,0.452098002382,0.207623058963,0.0280176814718,0.9754,0.9111
MC_first_order,3585,0.323275231545,0.673074611557,0.0467796281427,0.340158760866,0.9754,0.9167
MC_first_order,3586,0.991293520694,0.420475937185,0.218023300702,0.55449504582,0.9678,0.9056
MC_first_order,3587,0.0392288409351,0.160396829578,0.532612231373,0.660855685899,0.9839,0.9389
MC_first_order,3588,0.36785598675,0.406888590534,0.171122784411,0.0791332112676,0.981,0.9333
MC_first_order,3589,0.449341951583,0.743118254889,0.193369480458,0.72904789408,0.976,0.9056
MC_first_order,3590,0.828018254327,0.936629955089,0.135804323766,0.982889048081,0.952,0.8056
MC_first_order,3591,0.051109429009,0.535522635021,0.706736979015,0.448507086845,0.9708,0.8667
MC_first_order,3592,0.255119810758,0.634413306064,0.0668562528296,0.189204105924,0.976,0.9167
MC_first_order,3593,0.796732860106,0.343890129027,0.462587256237,0.847223809146,0.9678,0.9167
MC_first_order,3594,0.492180820543,0.479464327027,0.934016323111,0.532289699637,0.9602,0.8722
MC_first_order,3595,0.48098953981,0.416670590236,0.543877740565,0.133334587917,0.9693,0.8944
MC_first_order,3596,0.994733556263,0.0635176206958,0.17957107643,0.845423377892,0.981,0.9889
MC_first_order,3597,0.67483276288,0.992907813764,0.705214578164,0.83395131602,0.9395,0.75
MC_first_order,3598,0.363593138161,0.778783043222,0.484789066828,0.00804960531203,0.9655,0.8611
MC_first_order,3599,0.296025494554,0.441534737492,0.877827699374,0.918927332496,0.9635,0.8889
MC_first_order,3600,0.993897028608,0.48522543022,0.598308003928,0.852986442567,0.9573,0.8611
MC_first_order,3601,0.188893104583,0.0703032249264,0.371951163281,0.590019946779,0.983,0.9722
MC_first_order,3602,0.315393664377,0.125270351725,0.511301815834,0.530785483058,0.9757,0.9444
MC_first_order,3603,0.892364104864,0.944956863244,0.962968548156,0.0512681427671,0.9243,0.7111
MC_first_order,3604,0.116768159613,0.416304410401,0.0463760182617,0.438437846266,0.9871,0.9444
MC_first_order,3605,0.39701499107,0.915101201858,0.942470636522,0.933644046451,0.9515,0.7944
MC_first_order,3606,0.353101102903,0.207167541574,0.478849482353,0.63788248962,0.9743,0.9222
MC_first_order,3607,0.0293307424389,0.0641078456977,0.267950124402,0.395617542148,0.9927,0.9722
MC_first_order,3608,0.267935628562,0.636322044405,0.680261906488,0.246571141758,0.9637,0.8722
MC_first_order,3609,0.111585105953,0.556059329532,0.60545045813,0.804213024323,0.9687,0.8722
MC_first_order,3610,0.265610242535,0.318176972678,0.653508355993,0.0723329363851,0.9716,0.9222
MC_first_order,3611,0.267169701789,0.61767392341,0.535737200227,0.851390445641,0.9675,0.8889
MC_first_order,3612,0.412230200956,0.386522382623,0.10965134444,0.890490601958,0.9848,0.95
MC_first_order,3613,0.901096838112,0.0570961140998,0.970807572795,0.552672288583,0.9497,0.8722
MC_first_order,3614,0.366454569766,0.385804777246,0.141433579559,0.566115648246,0.9848,0.95
MC_first_order,3615,0.532211506841,0.690758963471,0.374755574493,0.0785994850675,0.9617,0.8444
MC_first_order,3616,0.775769018336,0.494756257335,0.605860496505,0.770303344329,0.955,0.85
MC_first_order,3617,0.359397202938,0.935939517646,0.760345568522,0.844572482235,0.9509,0.7944
MC_first_order,3618,0.473027280354,0.374564958397,0.164332850521,0.817546366521,0.9804,0.9389
MC_first_order,3619,0.866182493372,0.592700254343,0.829865946921,0.483489726542,0.9377,0.7889
MC_first_order,3620,0.9691633049,0.0844564484902,0.935111333015,0.75612927709,0.948,0.8611
MC_first_order,3621,0.092622798911,0.71916807063,0.634974920339,0.805683610819,0.9643,0.8444
MC_first_order,3622,0.162313438827,0.14863765991,0.444577078365,0.592929507503,0.9792,0.9556
MC_first_order,3623,0.387737765121,0.939019084677,0.422982938475,0.374694347151,0.9667,0.85
MC_first_order,3624,0.328204222017,0.331514945048,0.826595797696,0.789692163483,0.964,0.8889
MC_first_order,3625,0.0585396104624,0.139791010673,0.358769587813,0.424518912767,0.9854,0.9444
MC_first_order,3626,0.169753835249,0.497902588638,0.466595462276,0.848395836397,0.9713,0.9056
MC_first_order,3627,0.480344460783,0.0465992939602,0.0501327478361,0.856314471499,0.9918,1
MC_first_order,3628,0.929546402447,0.654494628959,0.692980202075,0.2789220257,0.9436,0.8
MC_first_order,3629,0.588612887015,0.0299768126081,0.923430884455,0.61248450667,0.9532,0.8611
MC_first_order,3630,0.942937819822,0.667388872844,0.968434955196,0.884065532449,0.9295,0.7444
MC_first_order,3631,0.413199053496,0.181280803107,0.745323444507,0.148766297604,0.9693,0.9
MC_first_order,3632,0.101558016219,0.51962482659,0.872408173162,0.780258077659,0.9588,0.8389
MC_first_order,3633,0.841267533746,0.91054102958,0.888477070807,0.129705610062,0.9243,0.7111
MC_first_order,3634,0.392515769173,0.295272873332,0.579703209123,0.419053504697,0.9687,0.8889
MC_first_order,3635,0.350837553816,0.622270006795,0.0134152489245,0.522522301352,0.9816,0.9389
MC_first_order,3636,0.816211075141,0.12554731353,0.103414231887,0.697924496225,0.9801,0.9833
MC_first_order,3637,0.672144529673,0.422226528716,0.899427160847,0.795290297614,0.9468,0.8111
MC_first_order,3638,0.162724898869,0.645867154763,0.452204741032,0.68422046582,0.9696,0.8944
MC_first_order,3639,0.15926657341,0.608528665703,0.939946320308,0.789125975982,0.9544,0.8389
MC_first_order,3640,0.115251131155,0.301860009003,0.0492210935861,0.704980851298,0.9898,0.9611
MC_first_order,3641,0.840156959399,0.566830308866,0.0429584843799,0.145786030057,0.9643,0.8833
MC_first_order,3642,0.820833215295,0.566120750991,0.432019704003,0.185060702657,0.9599,0.8667
MC_first_order,3643,0.324431766555,0.596884291575,0.974377757341,0.368095948748,0.9567,0.85
MC_first_order,3644,0.0553426392367,0.739732500813,0.099025656356,0.291373785311,0.9763,0.8722
MC_first_order,3645,0.949937446382,0.898947096931,0.0857842025806,0.634202197465,0.952,0.8056
MC_first_order,3646,0.360217931997,0.44221213268,0.747656123054,0.159732551545,0.9623,0.8667
MC_first_order,3647,0.333248544622,0.0562617834371,0.666524918868,0.293795153704,0.9787,0.9556
MC_first_order,3648,0.0702442174884,0.0208711729333,0.631972144368,0.401275206019,0.9757,0.9167
MC_first_order,3649,0.577206387079,0.436547951601,0.0751043625048,0.549659180823,0.9737,0.9056
MC_first_order,3650,0.478797453618,0.269300868319,0.289701652068,0.0972701741855,0.9784,0.9333
MC_first_order,3651,0.796503501315,0.792750401651,0.450309721073,0.513590984145,0.9503,0.8056
MC_first_order,3652,0.284202004141,0.351327575495,0.692307554342,0.867042102821,0.9716,0.9222
MC_first_order,3653,0.0943215737633,0.995389785692,0.283514021044,0.719969840048,0.9681,0.85
MC_first_order,3654,0.666924742699,0.307640569373,0.81527268441,0.925523783337,0.9547,0.85
MC_first_order,3655,0.640256958816,0.767219224107,0.905541854951,0.867186241206,0.9389,0.7611
MC_first_order,3656,0.114297978697,0.0372727194695,0.136940108559,0.148259013083,0.9889,0.9667
MC_first_order,3657,0.0603086500309,0.537339473471,0.417556965025,0.101144134741,0.9757,0.8833
MC_first_order,3658,0.152235658607,0.257439962803,0.984903617676,0.627163377098,0.9599,0.8778
MC_first_order,3659,0.716917836871,0.910127902553,0.971398435422,0.226020051177,0.9292,0.75
MC_first_order,3660,0.879708769591,0.610499917664,0.73608631485,0.181338003263,0.9433,0.8056
MC_first_order,3661,0.647337196808,0.624316029773,0.722402713798,0.159392696363,0.9482,0.8056
MC_first_order,3662,0.0843895521208,0.459630743716,0.939462946178,0.309474280109,0.9582,0.8389
MC_first_order,3663,0.979455368428,0.223811424127,0.591950255578,0.691277326112,0.9696,0.9389
MC_first_order,3664,0.253328895604,0.235231217052,0.337082088571,0.93519240799,0.9813,0.9611
MC_first_order,3665,0.763645710831,0.191133775995,0.852396795397,0.0963719205862,0.9491,0.8667
MC_first_order,3666,0.778965358291,0.698920782639,0.0962177646737,0.285550856639,0.9564,0.8333
MC_first_order,3667,0.99482309057,0.957576034555,0.199544671871,0.758808549688,0.952,0.8056
MC_first_order,3668,0.338991309454,0.494584623667,0.859674972596,0.183735412352,0.9585,0.8611
MC_first_order,3669,0.299793754242,0.963591747791,0.21436725328,0.311080732964,0.9711,0.8889
MC_first_order,3670,0.797314265806,0.866388279582,0.786590545152,0.0275506577348,0.9307,0.7333
MC_first_order,3671,0.0901813799238,0.833998650459,0.491126632492,0.458750579721,0.967,0.85
MC_first_order,3672,0.48256866395,0.933512711492,0.268163159422,0.544545191449,0.9661,0.8556
MC_first_order,3673,0.889684395759,0.68077645391,0.973521085734,0.135793128701,0.9278,0.7333
MC_first_order,3674,0.201849689203,0.00118588322739,0.256122694119,0.57137413234,0.9845,0.9778
MC_first_order,3675,0.25992912251,0.968362337659,0.532984494696,0.882903872868,0.9614,0.85
MC_first_order,3676,0.718560175628,0.215395069783,0.593222968787,0.97547345491,0.9544,0.8833
MC_first_order,3677,0.775078335639,0.327223883125,0.978269525391,0.926877045167,0.9418,0.8222
MC_first_order,3678,0.809087392719,0.448250298752,0.339579228649,0.853983658425,0.9655,0.8944
MC_first_order,3679,0.491624352364,0.438544035265,0.00204442853021,0.140940806643,0.9787,0.9444
MC_first_order,3680,0.143841073583,0.716151329434,0.259688758049,0.347123606426,0.9722,0.9
MC_first_order,3681,0.044422192999,0.639964178453,0.93671963063,0.854611360802,0.9646,0.8389
MC_first_order,3682,0.942936190349,0.822131283739,0.160948228822,0.302560188387,0.9529,0.8111
MC_first_order,3683,0.198037901872,0.996315198455,0.247359137377,0.557484891619,0.9684,0.8722
MC_first_order,3684,0.459217873502,0.829601226755,0.653839759589,0.981380304829,0.9599,0.8389
MC_first_order,3685,0.364797780547,0.66703067577,0.865095236041,0.00924899017428,0.9547,0.8333
MC_first_order,3686,0.717280572578,0.402037357193,0.464454810204,0.326325481273,0.9535,0.8667
MC_first_order,3687,0.450981192142,0.980197619652,0.603486379137,0.0219758330345,0.9623,0.8444
MC_first_order,3688,0.315812554575,0.603198887025,0.292905379462,0.500819015175,0.9708,0.9056
MC_first_order,3689,0.452946067914,0.523467073546,0.0816235541061,0.305848356296,0.9804,0.9278
MC_first_order,3690,0.728533967389,0.493086402865,0.882768070862,0.894484744558,0.9377,0.8
MC_first_order,3691,0.144134328296,0.979328294678,0.382404281556,0.459757726306,0.9655,0.8611
MC_first_order,3692,0.884991491436,0.836052610505,0.308519098014,0.835597043408,0.9523,0.8111
MC_first_order,3693,0.135806555923,0.80549131142,0.592476746478,0.0817366640969,0.9637,0.8611
MC_first_order,3694,0.699446801647,0.907691636085,0.247588046096,0.860843050224,0.9594,0.8389
MC_first_order,3695,0.193850655759,0.590225838349,0.721936316663,0.459030054254,0.9632,0.8722
MC_first_order,3696,0.697601214219,0.876201026759,0.689093839701,0.897604422611,0.9412,0.7611
MC_first_order,3697,0.236693887753,0.759567800118,0.418808976673,0.0796259660699,0.9661,0.8722
MC_first_order,3698,0.82296711981,0.00105937479939,0.344583071452,0.114238285664,0.9804,0.9889
MC_first_order,3699,0.482416098596,0.879951346863,0.470466973535,0.824161328274,0.9649,0.8556
MC_first_order,3700,0.460567596059,0.638872690314,0.202155560232,0.131044538191,0.974,0.9056
MC_first_order,3701,0.542700786767,0.22713972173,0.763493804613,0.157682788397,0.962,0.8778
MC_first_order,3702,0.36117972844,0.601377853074,0.389299445346,0.101696017873,0.9737,0.9056
MC_first_order,3703,0.6740919121,0.289983953769,0.946787967171,0.828997371089,0.9497,0.8333
MC_first_order,3704,0.143779716589,0.0519872060302,0.127337701422,0.325422038172,0.986,0.9833
MC_first_order,3705,0.457525935739,0.662937915599,0.517281910989,0.459184848049,0.9643,0.8667
MC_first_order,3706,0.808298399175,0.91091233037,0.10976092353,0.447701415234,0.952,0.8056
MC_first_order,3707,0.365050845171,0.855888249267,0.930404355377,0.548355761245,0.9477,0.7889
MC_first_order,3708,0.396959588178,0.584120745626,0.701510993685,0.902807737095,0.9646,0.8667
MC_first_order,3709,0.412148722805,0.244420016467,0.927226122217,0.652460361486,0.9646,0.8778
MC_first_order,3710,0.551890430664,0.0089494532059,0.649754085953,0.0165407272843,0.9746,0.9389
MC_first_order,3711,0.0667660107655,0.415790099471,0.852676042395,0.894188390023,0.9611,0.85
MC_first_order,3712,0.902132981057,0.637500970633,0.464581068216,0.36285408863,0.9573,0.85
MC_first_order,3713,0.174313538887,0.551856873138,0.444905813174,0.429283919395,0.9705,0.9
MC_first_order,3714,0.871178757092,0.766831615561,0.989117804342,0.827168118119,0.9254,0.7222
MC_first_order,3715,0.545679703818,0.845748385487,0.971455120352,0.326551197461,0.9471,0.7944
MC_first_order,3716,0.0973784642374,0.395611969547,0.729389724611,0.688845645996,0.9646,0.8611
MC_first_order,3717,0.801280522151,0.562251039662,0.110365983764,0.292451070068,0.9643,0.8833
MC_first_order,3718,0.245598439484,0.124680592434,0.851512844955,0.224756264058,0.9661,0.9056
MC_first_order,3719,0.640377971684,0.967139254815,0.252921088996,0.85595494597,0.9594,0.8167
MC_first_order,3720,0.635653699146,0.301975328757,0.483392510282,0.360385782283,0.9716,0.9167
MC_first_order,3721,0.366802766488,0.0061998006292,0.758640896296,0.910657935405,0.9728,0.9222
MC_first_order,3722,0.46698051894,0.92590110518,0.821259596446,0.3042593423,0.9538,0.8111
MC_first_order,3723,0.217610551269,0.257856306698,0.494544598167,0.739401661088,0.9754,0.9389
MC_first_order,3724,0.648671177419,0.130143402918,0.719193619561,0.952513630205,0.9596,0.8778
MC_first_order,3725,0.156190931436,0.120313573717,0.496973709443,0.237341752587,0.9778,0.95
MC_first_order,3726,0.597376594273,0.168699760599,0.89478405388,0.225014254517,0.9506,0.8444
MC_first_order,3727,0.0339956493782,0.965971810134,0.442467108024,0.638836637249,0.9652,0.8167
MC_first_order,3728,0.811530471045,0.956878071495,0.884443866931,0.421854352257,0.9243,0.7111
MC_first_order,3729,0.664870606184,0.0988766461566,0.537754423368,0.742360460452,0.9743,0.9333
MC_first_order,3730,0.716237796729,0.0229138129635,0.520504769366,0.552346612238,0.9588,0.9111
MC_first_order,3731,0.752630047875,0.439243701459,0.0318057827113,0.434632772963,0.9661,0.9
MC_first_order,3732,0.961347724502,0.422351433404,0.213283009849,0.660202669183,0.9678,0.9056
MC_first_order,3733,0.947596598258,0.13571037684,0.302515936603,0.295902173925,0.9787,0.9778
MC_first_order,3734,0.790105795674,0.193722438274,0.350676465744,0.341378716432,0.9778,0.9722
MC_first_order,3735,0.501319894447,0.285399396094,0.783931945864,0.868744485582,0.9667,0.9056
MC_first_order,3736,0.960865525974,0.46816402912,0.347017434977,0.452266896669,0.9646,0.8889
MC_first_order,3737,0.307522157524,0.00594578719549,0.129034055467,0.478327727845,0.9845,0.9722
MC_first_order,3738,0.177846116943,0.185784732966,0.593013965559,0.535350609164,0.9778,0.95
MC_first_order,3739,0.974531879818,0.388407470855,0.329141424867,0.651137117619,0.9673,0.9056
MC_first_order,3740,0.0570451091014,0.645964978493,0.248397103847,0.664504679951,0.9722,0.8611
MC_first_order,3741,0.702000776329,0.380433600524,0.818048048286,0.0718787478812,0.945,0.8222
MC_first_order,3742,0.834053768241,0.297093520242,0.996739565262,0.77037903157,0.9421,0.8278
MC_first_order,3743,0.139542035856,0.479840791355,0.979039320047,0.988018800822,0.9538,0.8389
MC_first_order,3744,0.323897700557,0.163159140198,0.0831904181226,0.301666759406,0.9851,0.9778
MC_first_order,3745,0.193881316877,0.642994378906,0.103354970605,0.754859809505,0.9763,0.9222
MC_first_order,3746,0.524826917091,0.924356915895,0.600547866523,0.389509522336,0.9573,0.8278
MC_first_order,3747,0.282476490362,0.888690907476,0.811300885664,0.551100953029,0.9535,0.8222
MC_first_order,3748,0.196708685393,0.372996329239,1.28980996446e-05,0.721094726115,0.9851,0.9667
MC_first_order,3749,0.71791958256,0.36134771364,0.725013794522,0.0218476257537,0.945,0.8389
MC_first_order,3750,0.595907261322,0.726610634659,0.0796240199888,0.93273002569,0.9667,0.8611
MC_first_order,3751,0.372580168239,0.888125667754,0.841998017035,0.806647635047,0.9515,0.7944
MC_first_order,3752,0.274804177649,0.0654099703385,0.538828970905,0.958027941287,0.9772,0.95
MC_first_order,3753,0.31519441062,0.471686493169,0.417892260745,0.166304328059,0.9711,0.9111
MC_first_order,3754,0.814450631662,0.584254203867,0.430132774684,0.69733797032,0.9591,0.8611
MC_first_order,3755,0.148391421996,0.483978828679,0.738970476612,0.263441067469,0.964,0.8778
MC_first_order,3756,0.369357564304,0.976529427264,0.494732826851,0.826029018337,0.9614,0.8278
MC_first_order,3757,0.763797606468,0.792901542305,0.286034171739,0.132586275216,0.9523,0.8167
MC_first_order,3758,0.846154909582,0.325669044771,0.561010928476,0.233446989539,0.9667,0.9167
MC_first_order,3759,0.986070579123,0.025686795289,0.553822177828,0.999332290522,0.9746,0.9667
MC_first_order,3760,0.58333063106,0.274586938937,0.819892803258,0.44559158629,0.9526,0.85
MC_first_order,3761,0.503535174163,0.831622095221,0.162641256898,0.280816012183,0.9734,0.9167
MC_first_order,3762,0.0755890406715,0.607646467998,0.239306112847,0.471283938298,0.9766,0.9
MC_first_order,3763,0.807422911781,0.881838161903,0.0195549573207,0.922172908117,0.952,0.8056
MC_first_order,3764,0.719283793863,0.124430231521,0.695981717719,0.52035784378,0.9535,0.8889
MC_first_order,3765,0.877464446561,0.259231434137,0.791093507392,0.708925761035,0.9512,0.8667
MC_first_order,3766,0.101049108166,0.525825105398,0.0787370991399,0.524271782227,0.9848,0.9333
MC_first_order,3767,0.0251260357063,0.286829275404,0.174040942259,0.494895425272,0.9939,0.9722
MC_first_order,3768,0.779137839883,0.578918045307,0.12965747369,0.0527284786126,0.9635,0.8778
MC_first_order,3769,0.0273073161346,0.906803970904,0.56723024568,0.572358746065,0.9705,0.85
MC_first_order,3770,0.255494079356,0.900287688752,0.946644396305,0.329478203124,0.9491,0.8056
MC_first_order,3771,0.343953070131,0.564195991784,0.196390180069,0.103372876791,0.9766,0.9278
MC_first_order,3772,0.474008242516,0.128072608425,0.113378610143,0.925494674608,0.9886,0.9833
MC_first_order,3773,0.832882266558,0.179938814868,0.72483614725,0.651466350644,0.9573,0.8944
MC_first_order,3774,0.822531605862,0.544864044663,0.876118904775,0.0946851034545,0.9357,0.7833
MC_first_order,3775,0.166210976724,0.572807232197,0.144723158086,0.233595110561,0.9763,0.9222
MC_first_order,3776,0.750924606564,0.735695650542,0.217961512618,0.520503274417,0.9556,0.8333
MC_first_order,3777,0.00599435702668,0.437044544985,0.900769610911,0.868025201652,0.9711,0.8833
MC_first_order,3778,0.0414217220227,0.560862433059,0.163323210566,0.140876742457,0.9787,0.8944
MC_first_order,3779,0.928114803948,0.87903574745,0.0523347184792,0.594835554569,0.952,0.8056
MC_first_order,3780,0.617926640716,0.00102764379981,0.514971173155,0.356749282453,0.9763,0.95
MC_first_order,3781,0.108320166979,0.438967736904,0.273571100403,0.576265844928,0.9769,0.9056
MC_first_order,3782,0.463576983714,0.0765964013379,0.924336650526,0.677075129456,0.9699,0.9167
MC_first_order,3783,0.214311343637,0.329561354082,0.0910391959623,0.730662283281,0.9825,0.9611
MC_first_order,3784,0.373686951248,0.8881176502,0.336432376839,0.493397145125,0.9675,0.8556
MC_first_order,3785,0.348747184866,0.106184544308,0.345619823181,0.935148699,0.9798,0.95
MC_first_order,3786,0.267129653497,0.81031047018,0.127641800702,0.426547428269,0.9711,0.8889
MC_first_order,3787,0.559555813073,0.771068135851,0.0433395180606,0.390846350644,0.9708,0.8778
MC_first_order,3788,0.236485458009,0.78486653474,0.853260389044,0.10904048519,0.952,0.8167
MC_first_order,3789,0.715093301765,0.307021891853,0.156726830867,0.139334492387,0.9754,0.9333
MC_first_order,3790,0.59475790911,0.0336674043364,0.27121970119,0.0348277938354,0.9825,0.9722
MC_first_order,3791,0.991748501298,0.313739591406,0.648615665291,0.33686004876,0.9623,0.9
MC_first_order,3792,0.667403021771,0.1222643373,0.834630835045,0.231880908124,0.9582,0.8722
MC_first_order,3793,0.280434268113,0.719854414148,0.68917810078,0.650832941396,0.9611,0.8556
MC_first_order,3794,0.543142380008,0.179845788214,0.255663767057,0.179003831663,0.9813,0.9556
MC_first_order,3795,0.105602128104,0.231131731613,0.359075011921,0.819559622032,0.9798,0.9278
MC_first_order,3796,0.581271683862,0.200719925998,0.251162305395,0.116587809655,0.9798,0.9556
MC_first_order,3797,0.756794109113,0.573338875098,0.882109031856,0.680298974864,0.9354,0.7833
MC_first_order,3798,0.507880475609,0.41130870183,0.154650669301,0.00361037000594,0.9778,0.9444
MC_first_order,3799,0.609068782282,0.35789251662,0.573530760367,0.281150074135,0.9652,0.8833
MC_first_order,3800,0.161847356667,0.317791076284,0.114333501382,0.60701063981,0.9825,0.9611
MC_first_order,3801,0.546237769101,0.932970868661,0.447709234045,0.440654235314,0.9611,0.8389
MC_first_order,3802,0.454693558169,0.495199506416,0.936317013946,0.673557245762,0.9599,0.85
MC_first_order,3803,0.256184322785,0.402755114792,0.577908919023,0.351551733682,0.9728,0.9222
MC_first_order,3804,0.948407837242,0.381183460538,0.860035591173,0.676933918903,0.9392,0.8056
MC_first_order,3805,0.107640354318,0.19157032783,0.558422009947,0.679204560834,0.974,0.9056
MC_first_order,3806,0.375258280059,0.26191353552,0.474764937994,0.145271096458,0.9778,0.9278
MC_first_order,3807,0.345282746192,0.900364654178,0.0628279515527,0.41912367087,0.9696,0.8667
MC_first_order,3808,0.422544638267,0.0774653352539,0.496178336493,0.692851190474,0.9816,0.9556
MC_first_order,3809,0.552035522937,0.94191732034,0.243333258251,0.796273426474,0.9675,0.8611
MC_first_order,3810,0.124146815907,0.62402237916,0.0105963488157,0.838988394508,0.981,0.9111
MC_first_order,3811,0.941768633335,0.316350076275,0.0321304433881,0.177831576234,0.974,0.9444
MC_first_order,3812,0.508660566942,0.932480952312,0.91635427743,0.858968145838,0.9547,0.8389
MC_first_order,3813,0.187445475878,0.732871003967,0.330974387764,0.0629340089659,0.9705,0.8889
MC_first_order,3814,0.667242112755,0.397356651602,0.988569336101,0.402176539647,0.9418,0.7944
MC_first_order,3815,0.327668026582,0.397810056463,0.129102833792,0.449769428406,0.9807,0.95
MC_first_order,3816,0.982166102978,0.92702218831,0.80329861235,0.163458658859,0.9287,0.7278
MC_first_order,3817,0.312555172104,0.346318822658,0.0539846829662,0.207263256549,0.9801,0.95
MC_first_order,3818,0.910834414079,0.475035269699,0.407035384071,0.153018133358,0.9617,0.8778
MC_first_order,3819,0.734207800063,0.982526681541,0.190479177893,0.385482167293,0.9526,0.8278
MC_first_order,3820,0.70597391568,0.796351685619,0.0310455937774,0.618834767554,0.9637,0.8556
MC_first_order,3821,0.135714508364,0.0694544206489,0.792233839958,0.231864798551,0.9713,0.9278
MC_first_order,3822,0.340861765802,0.163277582605,0.582966499518,0.223192535075,0.9778,0.95
MC_first_order,3823,0.971604539365,0.174515421668,0.749697027553,0.161102027807,0.9582,0.9
MC_first_order,3824,0.927666619159,0.585695391207,0.617878541844,0.881330243826,0.9532,0.8389
MC_first_order,3825,0.845185930979,0.0197603370842,0.164428229308,0.0586924927185,0.9819,0.9944
MC_first_order,3826,0.176816512801,0.783294661733,0.690639488844,0.125981035798,0.9594,0.8444
MC_first_order,3827,0.356082989268,0.698860355852,0.506427480408,0.971146735637,0.967,0.8778
MC_first_order,3828,0.885681996075,0.925694531094,0.471461824775,0.243772328,0.9485,0.7944
MC_first_order,3829,0.139031910421,0.534568434131,0.387364997522,0.154856954947,0.9734,0.9111
MC_first_order,3830,0.934072965136,0.0987117525845,0.846993957328,0.131113781293,0.9494,0.8667
MC_first_order,3831,0.276297555525,0.0172475891965,0.915546981185,0.375551979673,0.9655,0.9056
MC_first_order,3832,0.229675610395,0.0216957271238,0.418923449999,0.133087159734,0.9801,0.9611
MC_first_order,3833,0.329652277405,0.17877844175,0.282042384156,0.0869679334413,0.9822,0.9667
MC_first_order,3834,0.572296131713,0.110516632554,0.64017130657,0.902716002782,0.9713,0.9222
MC_first_order,3835,0.121624881512,0.917714395939,0.320024090127,0.286788607047,0.9681,0.85
MC_first_order,3836,0.468206762814,0.93824573569,0.716260953986,0.466916586364,0.9573,0.8222
MC_first_order,3837,0.14633515863,0.582126664774,0.400906366655,0.0822992309434,0.9734,0.9111
MC_first_order,3838,0.758404101677,0.555904872083,0.672337747558,0.904158878334,0.952,0.8444
MC_first_order,3839,0.580114228582,0.363041165036,0.640717323897,0.494478206468,0.9614,0.8722
MC_first_order,3840,0.142507480272,0.0139473835956,0.708698342583,0.0198093787422,0.9728,0.9333
MC_first_order,3841,0.682477626062,0.297318584851,0.988826113539,0.767759937167,0.9444,0.8111
MC_first_order,3842,0.194409406653,0.404227687459,0.534876425121,0.597286603046,0.9734,0.9222
MC_first_order,3843,0.941372710415,0.296775499183,0.135336172398,0.442595711235,0.9757,0.9556
MC_first_order,3844,0.239659661202,0.536111055137,0.992532597694,0.533094434125,0.9523,0.8333
MC_first_order,3845,0.118859581292,0.693124525624,0.729994709584,0.528325870323,0.9594,0.8278
MC_first_order,3846,0.190205577091,0.265078396216,0.63719040234,0.747889346397,0.9746,0.9333
MC_first_order,3847,0.162618693377,0.335425099515,0.0810564262924,0.00796842305696,0.9825,0.9611
MC_first_order,3848,0.597671139648,0.1819543384,0.867354674315,0.938940138383,0.9506,0.8444
MC_first_order,3849,0.382633246526,0.547160660706,0.00120749840947,0.213159719256,0.9836,0.9389
MC_first_order,3850,0.375149176909,0.101637959295,0.954039699054,0.0390297976252,0.9681,0.9
MC_first_order,3851,0.569151069703,0.34890831931,0.980967648278,0.992083151979,0.9494,0.8278
MC_first_order,3852,0.98873832152,0.982848216344,0.169015327414,0.17552812695,0.952,0.8056
MC_first_order,3853,0.439002757995,0.280611091535,0.852002704722,0.547880183635,0.9637,0.8722
MC_first_order,3854,0.668908705636,0.429347797066,0.936152792494,0.356936961486,0.9444,0.8
MC_first_order,3855,0.105340731461,0.488705298177,0.579260381277,0.254004995869,0.9687,0.8722
MC_first_order,3856,0.393531845949,0.896552870466,0.800740506144,0.244308904735,0.9529,0.8
MC_first_order,3857,0.137873856215,0.183189141884,0.8198686669,0.524600195921,0.9675,0.9111
MC_first_order,3858,0.0273459275006,0.254396423965,0.0609604128221,0.607599496795,0.9939,0.9722
MC_first_order,3859,0.537709465935,0.76022784648,0.464264718661,0.620975826668,0.9629,0.85
MC_first_order,3860,0.31871759831,0.0723718552687,0.878460647543,0.914146636737,0.9649,0.9056
MC_first_order,3861,0.186342419617,0.669623814034,0.731866298707,0.0417287561243,0.9605,0.8556
MC_first_order,3862,0.792043515673,0.413021106407,0.171663164367,0.562135788225,0.9678,0.9056
MC_first_order,3863,0.857779396306,0.475472863203,0.943135029183,0.193937940322,0.9365,0.7889
MC_first_order,3864,0.793109281378,0.162879624719,0.929052258514,0.912536096354,0.948,0.8611
MC_first_order,3865,0.265373448134,0.736737580267,0.210059302367,0.046870557733,0.9719,0.8944
MC_first_order,3866,0.0330602972154,0.698316717181,0.0335561674698,0.543037436525,0.9792,0.8833
MC_first_order,3867,0.4718442018,0.140916008907,0.557659751408,0.282077875353,0.9746,0.9278
MC_first_order,3868,0.845053002569,0.202924532885,0.514090248477,0.889665932749,0.9719,0.95
MC_first_order,3869,0.804005911082,0.225761539716,0.702150713284,0.185890847226,0.9594,0.9
MC_first_order,3870,0.933054631335,0.151043721212,0.0677555616507,0.473924728387,0.9801,0.9833
MC_first_order,3871,0.486057947382,0.439304609456,0.398402840598,0.0197703052648,0.9713,0.9167
MC_first_order,3872,0.746012265222,0.635163134412,0.292088578804,0.841129511112,0.9594,0.8611
MC_first_order,3873,0.311416807102,0.131106579275,0.123450043476,0.0334006087557,0.983,0.9722
MC_first_order,3874,0.679790167223,0.0270961668961,0.104058203191,0.762303251077,0.9871,0.9889
MC_first_order,3875,0.705822346148,0.0933934622617,0.358734983073,0.972786263635,0.9789,0.9667
MC_first_order,3876,0.878777858129,0.468068616793,0.659626919635,0.914597400654,0.9529,0.8444
MC_first_order,3877,0.464075017127,0.524394164474,0.734662259527,0.3475452988,0.9637,0.8667
MC_first_order,3878,0.973195024998,0.550469374674,0.508810454849,0.608899855287,0.957,0.8556
MC_first_order,3879,0.283331372776,0.990155442194,0.1476882405,0.842633471939,0.9702,0.8833
MC_first_order,3880,0.162965488749,0.497066691498,0.880328275641,0.703462582821,0.9582,0.8556
MC_first_order,3881,0.565881341972,0.245961614338,0.392272433548,0.216915166812,0.9757,0.9278
MC_first_order,3882,0.451975242556,0.629858420421,0.0403444572685,0.211851902192,0.9819,0.9333
MC_first_order,3883,0.949307020823,0.918645430922,0.256746795023,0.699510860313,0.952,0.8056
MC_first_order,3884,0.817804818405,0.809323399212,0.474744678159,0.0655717901246,0.9494,0.8
MC_first_order,3885,0.629145275725,0.456656417155,0.430107173096,0.726424711238,0.9652,0.8722
MC_first_order,3886,0.314696393799,0.427005355043,0.911047970816,0.724601571068,0.9588,0.8667
MC_first_order,3887,0.807064778675,0.232202592518,0.425070354275,0.442078358164,0.974,0.9556
MC_first_order,3888,0.906199125535,0.448861582131,0.238466598321,0.897122107923,0.967,0.9
MC_first_order,3889,0.225332432989,0.150977464678,0.214256509188,0.357289620894,0.9851,0.9778
MC_first_order,3890,0.412019320066,0.267652493956,0.761403306843,0.69874300862,0.9675,0.8889
MC_first_order,3891,0.170072607916,0.823451168707,0.905165040891,0.0507745543195,0.9512,0.8111
MC_first_order,3892,0.815500368073,0.528468404807,0.354867882441,0.904086088057,0.9629,0.8778
MC_first_order,3893,0.966283955619,0.104469962427,0.86338871143,0.0153158671499,0.948,0.8611
MC_first_order,3894,0.456028674075,0.150900249363,0.0651955397882,0.621282896675,0.9874,0.9722
MC_first_order,3895,0.0965583941278,0.132867684229,0.454740539813,0.423593048537,0.9792,0.9278
MC_first_order,3896,0.720807807907,0.0523581812737,0.654137017937,0.875594913842,0.9588,0.9111
MC_first_order,3897,0.852457211595,0.5427729638,0.232121025721,0.915953089018,0.9643,0.8833
MC_first_order,3898,0.796233860932,0.467968854421,0.398623915723,0.170148173901,0.9632,0.8833
MC_first_order,3899,0.801683462973,0.817026829718,0.0492639671898,0.025167275018,0.9529,0.8111
MC_first_order,3900,0.337848835424,0.320901780404,0.795338929991,0.163277038236,0.9684,0.9056
MC_first_order,3901,0.756261223735,0.801132206835,0.369562073214,0.630797492153,0.9509,0.8111
MC_first_order,3902,0.154298448852,0.813763189664,0.873668310443,0.726222360817,0.952,0.8167
MC_first_order,3903,0.0879118312489,0.752925148731,0.63840270131,0.923740210112,0.9629,0.8389
MC_first_order,3904,0.759131727851,0.876100011716,0.0348359199114,0.362760973468,0.9512,0.8056
MC_first_order,3905,0.311299613542,0.508846775514,0.343760962446,0.227754421006,0.9708,0.9
MC_first_order,3906,0.549830351916,0.907055714567,0.597078183735,0.882056515622,0.9591,0.8333
MC_first_order,3907,0.35205028485,0.104026846265,0.565497982958,0.700009418536,0.9711,0.9167
MC_first_order,3908,0.790971606791,0.413137899343,0.50617118608,0.883359059117,0.962,0.8833
MC_first_order,3909,0.23445898085,0.142142984327,0.192524771622,0.498363754287,0.9851,0.9778
MC_first_order,3910,0.776633249843,0.856480919006,0.194926309262,0.334825134079,0.952,0.8056
MC_first_order,3911,0.217493939452,0.60574334637,0.877826599366,0.100919123297,0.9573,0.85
MC_first_order,3912,0.639927608509,0.758648519262,0.163994980817,0.653162304333,0.9643,0.8444
MC_first_order,3913,0.811890148977,0.0941943807835,0.605467493497,0.0787622641115,0.9713,0.95
MC_first_order,3914,0.745667297802,0.244401306776,0.18607515612,0.0567113375495,0.9766,0.9667
MC_first_order,3915,0.0284246884772,0.881036761863,0.730719606287,0.0652804753292,0.967,0.8389
MC_first_order,3916,0.485995978571,0.337884356976,0.337779429665,0.640402518399,0.9746,0.9333
MC_first_order,3917,0.41247905666,0.501826592663,0.905123182497,0.854438501543,0.9611,0.8556
MC_first_order,3918,0.375326228868,0.802742074786,0.25454662814,0.893837326447,0.9719,0.8833
MC_first_order,3919,0.759084904899,0.424129203512,0.929193133725,0.6540842701,0.938,0.8
MC_first_order,3920,0.131075971454,0.65600491936,0.0197551048143,0.765820415764,0.9746,0.9111
MC_first_order,3921,0.716818298944,0.666347893593,0.429382390424,0.426579687208,0.9482,0.8222
MC_first_order,3922,0.863064585974,0.812435476352,0.590419692306,0.00244617749547,0.945,0.7833
MC_first_order,3923,0.7052550079,0.945743149573,0.41786931686,0.461698595543,0.9535,0.8167
MC_first_order,3924,0.0915666631364,0.204210842248,0.834527567802,0.600388029489,0.9637,0.8667
MC_first_order,3925,0.587467171182,0.852286983429,0.893070022909,0.893190103144,0.9357,0.75
MC_first_order,3926,0.719065778502,0.311596933247,0.848615324353,0.709971441357,0.943,0.8333
MC_first_order,3927,0.704143309008,0.711108696458,0.0289575857634,0.0825873784581,0.9655,0.8667
MC_first_order,3928,0.637335445813,0.0978271190044,0.70253164534,0.207564280781,0.9605,0.8833
MC_first_order,3929,0.0733627742208,0.949898990769,0.0298710454218,0.272515290168,0.9781,0.8833
MC_first_order,3930,0.40623010725,0.70698616528,0.0902926864555,0.137771584641,0.9813,0.9278
MC_first_order,3931,0.213028212161,0.584038141338,0.94458201232,0.927955037785,0.9544,0.8389
MC_first_order,3932,0.00237436029723,0.114410869857,0.61094932907,0.0346679724708,0.9816,0.9278
MC_first_order,3933,0.391675231437,0.332307792768,0.201966629209,0.920278394021,0.9804,0.9333
MC_first_order,3934,0.496817475784,0.784670079505,0.269320862958,0.988706632713,0.9693,0.9
MC_first_order,3935,0.886902570396,0.0210522212857,0.650331332119,0.718907691132,0.9702,0.95
MC_first_order,3936,0.605347354725,0.874881888122,0.169583540633,0.840532253154,0.9611,0.8278
MC_first_order,3937,0.510710972125,0.967701886224,0.351732942088,0.228486832483,0.967,0.8833
MC_first_order,3938,0.579739101093,0.902741700237,0.188891177937,0.519109675203,0.9626,0.8389
MC_first_order,3939,0.70449031666,0.896171236685,0.302025380073,0.332524966584,0.9579,0.8333
MC_first_order,3940,0.649595290209,0.229682750984,0.029992113824,0.0992062299519,0.9851,0.9722
MC_first_order,3941,0.392434751155,0.819752876149,0.842713821733,0.378013240819,0.955,0.8167
MC_first_order,3942,0.113544486332,0.781455487922,0.0848658081586,0.995518115986,0.9787,0.8944
MC_first_order,3943,0.773448710128,0.244121650612,0.152793122919,0.139982868501,0.9775,0.9667
MC_first_order,3944,0.867990235552,0.280935632667,0.604921839738,0.777869225137,0.9678,0.9278
MC_first_order,3945,0.202712835036,0.321830551603,0.274229814239,0.42980187074,0.981,0.9556
MC_first_order,3946,0.84753833382,0.162330482489,0.835684377909,0.156293646415,0.9509,0.8722
MC_first_order,3947,0.550685160621,0.327519893074,0.243102974294,0.187348441291,0.9807,0.9444
MC_first_order,3948,0.730343498704,0.954565941548,0.167975032518,0.209209399363,0.955,0.8389
MC_first_order,3949,0.532392905694,0.0862460313987,0.637764292756,0.826163763505,0.9743,0.9389
MC_first_order,3950,0.043065540437,0.386679263551,0.89583612584,0.287786764496,0.9713,0.8778
MC_first_order,3951,0.0333206466815,0.400820882058,0.544647649263,0.726358536667,0.9769,0.8944
MC_first_order,3952,0.46421113587,0.0520884252286,0.634811897689,0.605961975138,0.9757,0.9389
MC_first_order,3953,0.508078616094,0.429525088597,0.120255420387,0.41246155678,0.9769,0.9389
MC_first_order,3954,0.12769312364,0.868929690106,0.753113164755,0.272181638463,0.9506,0.8111
MC_first_order,3955,0.688545426174,0.314655864681,0.642436398811,0.355646804415,0.964,0.8833
MC_first_order,3956,0.738568405499,0.631493228074,0.298536065651,0.913286522064,0.9564,0.8556
MC_first_order,3957,0.408859440353,0.998609014495,0.462057851182,0.0585788545125,0.9629,0.8333
MC_first_order,3958,0.616932227934,0.109581502356,0.905517549838,0.27948528873,0.9532,0.8556
MC_first_order,3959,0.505912054826,0.209246102649,0.521845649657,0.146888830265,0.974,0.9389
MC_first_order,3960,0.103356657592,0.198954716599,0.762150256219,0.699996230974,0.9667,0.8778
MC_first_order,3961,0.191670554621,0.558643996265,0.385585190286,0.209856918037,0.9734,0.9111
MC_first_order,3962,0.160600233592,0.560513620384,0.0515755151867,0.277727115008,0.9769,0.9222
MC_first_order,3963,0.865284558404,0.517735101128,0.936158935705,0.282380061312,0.9357,0.7833
MC_first_order,3964,0.668530647606,0.801990876798,0.481709071007,0.486288222255,0.9556,0.8111
MC_first_order,3965,0.540017658222,0.82442472695,0.514796879322,0.223789781701,0.9611,0.8389
MC_first_order,3966,0.474008543137,0.516783473143,0.471564784304,0.331675666316,0.9728,0.9056
MC_first_order,3967,0.843026306778,0.585646957212,0.0536239485362,0.0928896999029,0.9635,0.8778
MC_first_order,3968,0.810243759563,0.991556233267,0.873899735093,0.35182891573,0.9243,0.7111
MC_first_order,3969,0.992143286736,0.224051707807,0.829412848228,0.098842340187,0.9491,0.8611
MC_first_order,3970,0.222676657966,0.924813230267,0.468796442165,0.210822975424,0.9637,0.8611
MC_first_order,3971,0.215090120389,0.800568291392,0.304588238014,0.189937689551,0.9696,0.8833
MC_first_order,3972,0.418176063515,0.615501903628,0.706116772834,0.727100141727,0.9646,0.8667
MC_first_order,3973,0.288692584261,0.134644289185,0.602392816325,0.44335530283,0.9763,0.9444
MC_first_order,3974,0.679168732249,0.200371478351,0.816744032709,0.421671239917,0.9582,0.8722
MC_first_order,3975,0.872431060076,0.33382406729,0.924182749741,0.954315813906,0.9409,0.8167
MC_first_order,3976,0.884882698038,0.532076587766,0.825064644028,0.0571351726233,0.9386,0.7944
MC_first_order,3977,0.697919803577,0.41138630232,0.193175669962,0.424685808734,0.9731,0.9
MC_first_order,3978,0.649286763036,0.821741927719,0.908332262763,0.85564906574,0.9371,0.75
MC_first_order,3979,0.451488282841,0.437180761429,0.23108232014,0.705985588422,0.9789,0.9278
MC_first_order,3980,0.240349415719,0.699360032522,0.0645347024778,0.139056643569,0.9734,0.9
MC_first_order,3981,0.435431210345,0.655097005854,0.43635166206,0.886975982908,0.9749,0.9056
MC_first_order,3982,0.0444861921043,0.864423107631,0.0431770740454,0.410095469524,0.9751,0.8611
MC_first_order,3983,0.464000200179,0.389818639851,0.421421111855,0.797979559905,0.9743,0.9111
MC_first_order,3984,0.553731964866,0.323679301083,0.332439525307,0.870298302801,0.9763,0.9278
MC_first_order,3985,0.25341330903,0.138735338265,0.447580209022,0.0616521645963,0.9778,0.95
MC_first_order,3986,0.65393105878,0.429590011616,0.318804650159,0.620153380692,0.9693,0.8833
MC_first_order,3987,0.494772165572,0.100359766956,0.0377610095408,0.859397664132,0.9857,0.9889
MC_first_order,3988,0.972590608104,0.372534076014,0.166814757396,0.485891249267,0.9705,0.9222
MC_first_order,3989,0.288879734088,0.530172085056,0.828469610086,0.953796387347,0.9588,0.8556
MC_first_order,3990,0.0638761045975,0.919242439668,0.153605416337,0.969745440466,0.9731,0.8667
MC_first_order,3991,0.0428358008155,0.364775284274,0.907627685273,0.627328685978,0.9722,0.8833
MC_first_order,3992,0.519386027534,0.72931902403,0.862270351413,0.357940372886,0.9462,0.7944
MC_first_order,3993,0.861630424697,0.735119802513,0.288959562579,0.8542141788,0.955,0.8278
MC_first_order,3994,0.310196710184,0.394617929624,0.552426976009,0.587495399995,0.969,0.9
MC_first_order,3995,0.857987730616,0.891274589979,0.715134118301,0.670786917195,0.9336,0.7444
MC_first_order,3996,0.751666905042,0.675478661387,0.615080371912,0.27077399005,0.9477,0.8056
MC_first_order,3997,0.481120462281,0.466144203914,0.974687195827,0.338893199205,0.9626,0.8667
MC_first_order,3998,0.308905892333,0.840816123931,0.953330135825,0.619768128961,0.9494,0.8056
MC_first_order,3999,0.767386816284,0.120435031885,0.600294824313,0.0692264971537,0.9713,0.95
A_saltelli,0,0.738137738463,0.816554153051,0.482563757835,0.694967547085,0.9421,0.7944
A_saltelli,1,0.413751273912,0.241809052484,0.389726512612,0.782269361021,0.9807,0.9389
A_saltelli,2,0.801549387908,0.229833118929,0.30365388238,0.208930205849,0.9769,0.9667
A_saltelli,3,0.468799288578,0.0910268266861,0.0134551572024,0.38595959767,0.9909,0.9944
A_saltelli,4,0.841900656405,0.422676180957,0.999526950995,0.0793489288384,0.9368,0.7944
A_saltelli,5,0.226081515692,0.973262851868,0.930896497211,0.0880237994969,0.9497,0.8056
A_saltelli,6,0.329419003351,0.611078304062,0.559224097999,0.593590614159,0.9699,0.9
A_saltelli,7,0.852563467921,0.776889099635,0.54723791439,0.417286847561,0.9474,0.7944
A_saltelli,8,0.128925711957,0.610683400731,0.830347804405,0.260288627432,0.9532,0.8389
A_saltelli,9,0.0910207762132,0.732668826192,0.0686203525461,0.828176299344,0.9795,0.9
A_saltelli,10,0.389121255417,0.234194356337,0.32141612627,0.893977182742,0.9807,0.9389
A_saltelli,11,0.736382394165,0.808464091541,0.400568919219,0.302434442261,0.9485,0.8167
A_saltelli,12,0.265480576706,0.278797344324,0.576813982824,0.209371408196,0.9746,0.9333
A_saltelli,13,0.927380741791,0.203104251163,0.790144252995,0.366424930341,0.9529,0.8778
A_saltelli,14,0.215701951787,0.60582027857,0.237623856748,0.951047540739,0.9763,0.9222
A_saltelli,15,0.629736788805,0.788706973173,0.754950498342,0.770522420663,0.9424,0.7722
A_saltelli,16,0.469361001071,0.185439106092,0.523186401724,0.33332206801,0.9737,0.9222
A_saltelli,17,0.413168958682,0.699385502884,0.776624172531,0.762106765154,0.9623,0.8556
A_saltelli,18,0.924151657772,0.475864154746,0.790665166841,0.876041391455,0.9415,0.8056
A_saltelli,19,0.395267918426,0.743776717671,0.100889486433,0.519978186605,0.9795,0.9167
A_saltelli,20,0.43976887014,0.356845033994,0.977413469472,0.860481107321,0.9629,0.8667
A_saltelli,21,0.910990929323,0.228055918828,0.324368708882,0.181897681682,0.9769,0.9667
A_saltelli,22,0.36979945601,0.613073568381,0.975305362194,0.419970893494,0.9602,0.85
A_saltelli,23,0.731021585234,0.682993722719,0.165320183296,0.239813395893,0.9576,0.8556
A_saltelli,24,0.714314131787,0.155457850031,0.61198689708,0.13213107487,0.962,0.9
A_saltelli,25,0.0164520091476,0.98490723359,0.386508944437,0.734064164159,0.9722,0.85
A_saltelli,26,0.734569280663,0.739397590591,0.933961711819,0.958534231997,0.931,0.7611
A_saltelli,27,0.394713190605,0.0866238048207,0.974302552121,0.636919176737,0.969,0.9056
A_saltelli,28,0.957306123957,0.727814221615,0.654593990706,0.224789664209,0.9447,0.7889
A_saltelli,29,0.575557960851,0.261839082302,0.964802179478,0.792289987613,0.9468,0.8278
A_saltelli,30,0.0868059646566,0.0954996231399,0.712837368944,0.0582133802934,0.9705,0.8944
A_saltelli,31,0.972133921002,0.0843323446836,0.540205279531,0.920899316158,0.9728,0.9556
A_saltelli,32,0.420187159924,0.923578609283,0.635602125251,0.139583444765,0.9573,0.8167
A_saltelli,33,0.888314068321,0.705162403071,0.630256569615,0.597210503774,0.9447,0.7889
A_saltelli,34,0.0570745006327,0.153117019176,0.295789248129,0.224621309939,0.9854,0.9444
A_saltelli,35,0.898004036946,0.858369176649,0.786189491857,0.233340498275,0.9307,0.7333
A_saltelli,36,0.335025487956,0.0462641131177,0.66013178206,0.931245009906,0.9787,0.9556
A_saltelli,37,0.942181250844,0.432654567776,0.871978346586,0.514021558463,0.9374,0.7944
A_saltelli,38,2.76197595416e-05,0.321917227089,0.940168815987,0.509768429119,0.9705,0.8833
A_saltelli,39,0.636276815925,0.7014701112,0.259545624911,0.150559010876,0.9626,0.8444
A_saltelli,40,0.42221099904,0.441054110221,0.820273154489,0.582052154227,0.962,0.8611
A_saltelli,41,0.44836349436,0.0889837741771,0.104831928907,0.251400971664,0.9889,0.9833
A_saltelli,42,0.58917697419,0.0944953712231,0.14215845917,0.458721369308,0.9836,0.9722
A_saltelli,43,0.247783140482,0.563085225333,0.85981170955,0.317028788282,0.9573,0.85
A_saltelli,44,0.0261783107196,0.331243808459,0.146013691649,0.545946991059,0.9939,0.9722
A_saltelli,45,0.112808180919,0.5774554277,0.0149592740653,0.785850384381,0.9883,0.9444
A_saltelli,46,0.623710035348,0.696649100514,0.610391890012,0.983268065429,0.9526,0.8111
A_saltelli,47,0.618009496323,0.183930668877,0.263029404353,0.442926744555,0.981,0.9611
A_saltelli,48,0.19236116764,0.663352580045,0.824800273812,0.239598659894,0.9561,0.8389
A_saltelli,49,0.140214976971,0.427094487291,0.512983536294,0.505241504154,0.9734,0.9222
A_saltelli,50,0.865838406939,0.197382760886,0.0441311983018,0.806823103437,0.9792,0.9778
A_saltelli,51,0.967668674581,0.345196330741,0.737914918375,0.813101877657,0.9494,0.8444
A_saltelli,52,0.3408919305,0.279031684355,0.557759491944,0.126163235629,0.9743,0.9278
A_saltelli,53,0.554206592133,0.893530954799,0.742941809323,0.00466285460262,0.9535,0.8167
A_saltelli,54,0.573775151804,0.227324443537,0.135594104925,0.513280447087,0.9819,0.9611
A_saltelli,55,0.170463187841,0.606422603164,0.397765073693,0.56276274965,0.9734,0.9111
A_saltelli,56,0.967801058346,0.107658857494,0.198862308231,0.241465497888,0.9801,0.9833
A_saltelli,57,0.316469173139,0.897272042016,0.243345962995,0.664034705662,0.964,0.8556
A_saltelli,58,0.492792027871,0.314006009309,0.727416292073,0.634870101666,0.9658,0.9
A_saltelli,59,0.835465365748,0.856685150249,0.979763864995,0.240244685923,0.9243,0.7111
A_saltelli,60,0.843535564644,0.355523030101,0.253475470435,0.115503368956,0.9705,0.9222
A_saltelli,61,0.471464599508,0.252383830714,0.795772970622,0.29113423572,0.969,0.9
A_saltelli,62,0.216381243997,0.182367183909,0.730972358169,0.608967416251,0.9719,0.9278
A_saltelli,63,0.630310116992,0.308611986738,0.789984920253,0.499263396959,0.9547,0.85
A_saltelli,64,0.846244171101,0.560421011967,0.801827088843,0.598684140126,0.9401,0.8
A_saltelli,65,0.291116288242,0.09082196187,0.275210576423,0.85086089861,0.9845,0.9778
A_saltelli,66,0.722491506894,0.760274406977,0.251494711485,0.627123348275,0.9538,0.8389
A_saltelli,67,0.45872505056,0.265561619239,0.203398249303,0.256023320911,0.9781,0.9278
A_saltelli,68,0.249390413415,0.451600527199,0.49493991991,0.428376848511,0.9711,0.9111
A_saltelli,69,0.53769648128,0.482807461028,0.548561314777,0.714909447119,0.9667,0.8778
A_saltelli,70,0.316046288826,0.841454733901,0.237470829205,0.902811366952,0.9658,0.8667
A_saltelli,71,0.262519852387,0.0632619601019,0.162723262192,0.503915820686,0.986,0.9833
A_saltelli,72,0.574138883394,0.288832850459,0.940805854927,0.582168320494,0.9482,0.8333
A_saltelli,73,0.751215609945,0.640049366178,0.549846608315,0.612264423032,0.9535,0.8389
A_saltelli,74,0.5211571884,0.123542975268,0.864136176238,0.814012868036,0.9594,0.8778
A_saltelli,75,0.728083598406,0.160535197097,0.328469031589,0.00249976758749,0.9731,0.9611
A_saltelli,76,0.597417285019,0.499993805259,0.389896548188,0.980828602649,0.9637,0.8611
A_saltelli,77,0.326424308735,0.760991753741,0.590979207419,0.590532144055,0.9655,0.8722
A_saltelli,78,0.414168123505,0.715367724095,0.393655040804,0.0229836336373,0.9746,0.9
A_saltelli,79,0.501399131822,0.961567442553,0.826746942804,0.145338333718,0.9541,0.8333
A_saltelli,80,0.919535902521,0.101978860131,0.0790739626835,0.642854645037,0.9801,0.9833
A_saltelli,81,0.565451733245,0.575748183453,0.803617835556,0.369409018509,0.9561,0.8444
A_saltelli,82,0.194632940837,0.19077123444,0.442037802488,0.133303571944,0.9792,0.9556
A_saltelli,83,0.340984439742,0.213391989828,0.505954514263,0.980538261368,0.9751,0.9333
A_saltelli,84,0.722902215863,0.157509515206,0.862896977402,0.878902202467,0.9482,0.8667
A_saltelli,85,0.78808837748,0.464647637884,0.532434117422,0.6548984245,0.9588,0.8667
A_saltelli,86,0.525834038954,0.794603338549,0.0436522858704,0.952290618411,0.9681,0.8667
A_saltelli,87,0.784533869516,0.710451108512,0.54425316418,0.921854310712,0.9491,0.8056
A_saltelli,88,0.462887642572,0.524817659137,0.562893518568,0.615778099906,0.9652,0.8722
A_saltelli,89,0.928862305238,0.952805957815,0.0929551332593,0.352209703871,0.952,0.8056
A_saltelli,90,0.918221795998,0.97818329701,0.573816935603,0.219751585731,0.9456,0.7833
A_saltelli,91,0.964613614486,0.10745714189,0.0413132785395,0.621411311667,0.9801,0.9833
A_saltelli,92,0.453131560726,0.420362949671,0.0240583411725,0.734225072034,0.9827,0.9389
A_saltelli,93,0.270384067859,0.416970944625,0.415411936178,0.260593931178,0.9757,0.9333
A_saltelli,94,0.0344960130025,0.59626353069,0.23342901356,0.446191654081,0.9754,0.8778
A_saltelli,95,0.0387340523141,0.764695722393,0.9670354096,0.943807817017,0.962,0.8222
A_saltelli,96,0.471971907771,0.621181909708,0.236766033669,0.301299680676,0.9772,0.9222
A_saltelli,97,0.0463624725633,0.926822305294,0.214223904385,0.345016422967,0.9675,0.8278
A_saltelli,98,0.512231430885,0.669846691049,0.262716034118,0.54505834944,0.964,0.8556
A_saltelli,99,0.0741728658158,0.27776290755,0.825085836994,0.226761217514,0.9629,0.8611
A_saltelli,100,0.526440464705,0.412577388827,0.263383277912,0.124964120431,0.9711,0.9
A_saltelli,101,0.966062158556,0.300179466409,0.76954498331,0.535755499159,0.9509,0.8611
A_saltelli,102,0.835080280081,0.919928669111,0.66000789566,0.119192620086,0.9406,0.7667
A_saltelli,103,0.343168718328,0.424688740646,0.225189938192,0.868369052099,0.9784,0.9389
A_saltelli,104,0.75518227387,0.565087020712,0.969252747837,0.61048133252,0.9363,0.7889
A_saltelli,105,0.196827893539,0.750785668042,0.0749257665232,0.81130613364,0.9719,0.8944
A_saltelli,106,0.378200588376,0.314693043244,0.79552936251,0.760112550173,0.9643,0.8722
A_saltelli,107,0.466701224259,0.225768248099,0.930562930693,0.386759579363,0.9661,0.8889
A_saltelli,108,0.742172397353,0.967840772565,0.909453361778,0.958093036192,0.9289,0.7444
A_saltelli,109,0.222707685725,0.774823493631,0.382750682084,0.726364086745,0.9667,0.8722
A_saltelli,110,0.554777289586,0.325782896435,0.517007598607,0.586353680884,0.9743,0.9222
A_saltelli,111,0.190470685011,0.103801018371,0.0118538738252,0.352410996796,0.988,0.9889
A_saltelli,112,0.531840861131,0.521818804221,0.614123041346,0.925027134488,0.9611,0.8556
A_saltelli,113,0.324399977771,0.256159771851,0.513806266782,0.210121720775,0.9751,0.9333
A_saltelli,114,0.942267374435,0.18644379093,0.354752903669,0.320724582934,0.9778,0.9722
A_saltelli,115,0.193354847756,0.241183730353,0.507170432531,0.412053864768,0.976,0.9389
A_saltelli,116,0.842427934935,0.296202835075,0.161484934707,0.405347688334,0.9757,0.9556
A_saltelli,117,0.408330454433,0.466733989624,0.230563835765,0.61298389068,0.9787,0.9222
A_saltelli,118,0.522292132131,0.761467393781,0.154083815695,0.597571826172,0.9667,0.8611
A_saltelli,119,0.0523912843441,0.0211241493911,0.289695045264,0.760439180435,0.9863,0.95
A_saltelli,120,0.14396997797,0.403794751945,0.841317559144,0.342600765386,0.9632,0.8833
A_saltelli,121,0.045714593374,0.718688960076,0.846443888273,0.53248623184,0.9643,0.8333
A_saltelli,122,0.0960410991083,0.703614942406,0.919307176068,0.631085826144,0.9529,0.8056
A_saltelli,123,0.524137986474,0.911083977316,0.77397626476,0.373784319812,0.9503,0.8056
A_saltelli,124,0.712066849175,0.693324849567,0.754097370296,0.193150602206,0.9374,0.7667
A_saltelli,125,0.442879019646,0.386915637972,0.36095706145,0.612792922143,0.9784,0.9278
A_saltelli,126,0.593525254717,0.112269852027,0.276144157419,0.80383355879,0.9798,0.9556
A_saltelli,127,0.147570981139,0.0935615711858,0.680115454594,0.106441139205,0.9734,0.9333
A_saltelli,128,0.501264718536,0.832570175273,0.0239200031952,0.668612480536,0.9751,0.9222
A_saltelli,129,0.139574625453,0.236374270417,0.807222272785,0.587768217667,0.9658,0.9
A_saltelli,130,0.97552094316,0.185277067206,0.183625272536,0.187467019669,0.9792,0.9778
A_saltelli,131,0.834845154428,0.137690490431,0.637086915388,0.682499881163,0.9684,0.9389
A_saltelli,132,0.0855919055324,0.949198569275,0.868598707959,0.968261674756,0.9518,0.7944
A_saltelli,133,0.54838288292,0.091975541416,0.376845147189,0.310514678933,0.9819,0.9667
A_saltelli,134,0.600756204769,0.583915381068,0.842336709406,0.639341368255,0.9456,0.8
A_saltelli,135,0.54800575015,0.355042687166,0.0242888963924,0.228309412237,0.9804,0.9389
A_saltelli,136,0.715293904873,0.0832001013601,0.275034515558,0.0875448002269,0.9789,0.9667
A_saltelli,137,0.891990517538,0.94000068788,0.768614971154,0.700317313909,0.9307,0.7333
A_saltelli,138,0.861713900261,0.970555573664,0.253320424589,0.252559729332,0.952,0.8056
A_saltelli,139,0.0180684255771,0.0852490567132,0.651901995608,0.0395247729258,0.9825,0.9333
A_saltelli,140,0.485709939488,0.689972459442,0.308159670734,0.744906671126,0.9757,0.9167
A_saltelli,141,0.183747077507,0.162976898458,0.257747880409,0.275463848172,0.9836,0.9722
A_saltelli,142,0.699221870243,0.294119256898,0.692550057438,0.106725891597,0.9503,0.8444
A_saltelli,143,0.185717407476,0.257807503177,0.831757754961,0.295046074749,0.9658,0.9
A_saltelli,144,0.0990282521232,0.0828906716913,0.588787055419,0.150213005201,0.9749,0.9111
A_saltelli,145,0.689748894025,0.124528473359,0.333135388795,0.804294413587,0.9816,0.9611
A_saltelli,146,0.615887694336,0.0479282779681,0.618443466747,0.816517215445,0.9719,0.9333
A_saltelli,147,0.387659801434,0.622081171489,0.272194320208,0.477196801051,0.9763,0.9111
A_saltelli,148,0.588612425647,0.172674466121,0.286445642095,0.842482826446,0.9798,0.9556
A_saltelli,149,0.377380765651,0.277868809555,0.350046721709,0.841790804932,0.9798,0.9333
A_saltelli,150,0.283446391638,0.0481191905299,0.889574939746,0.715927594966,0.967,0.9111
A_saltelli,151,0.232375415547,0.543394683733,0.996568395506,0.167617636946,0.9523,0.8333
A_saltelli,152,0.320285796847,0.749412667584,0.850267887115,0.721701671341,0.9547,0.8333
A_saltelli,153,0.159094086286,0.0852546039736,0.176792784956,0.443491039797,0.986,0.9833
A_saltelli,154,0.811623234737,0.597622769521,0.688000065206,0.554535390253,0.9471,0.8222
A_saltelli,155,0.701669833895,0.761383423108,0.81583504174,0.649143099297,0.9345,0.7556
A_saltelli,156,0.461209731291,0.56089195393,0.112694443657,0.209848067699,0.9784,0.9222
A_saltelli,157,0.761060220515,0.698710034206,0.0820810481772,0.509292846475,0.9556,0.8333
A_saltelli,158,0.923937856739,0.529886964499,0.694835862564,0.389605918136,0.948,0.8278
A_saltelli,159,0.88367515897,0.618468864213,0.206560592322,0.664184524518,0.9617,0.8667
A_saltelli,160,0.465294504335,0.955125451535,0.24853604742,0.32049191368,0.9635,0.8389
A_saltelli,161,0.43842849334,0.065671859461,0.603698320848,0.69161790734,0.9757,0.9333
A_saltelli,162,0.0312488278906,0.987116621872,0.630488490962,0.201495941325,0.9588,0.7889
A_saltelli,163,0.0177754372226,0.224686027243,0.672183942581,0.426607341899,0.9807,0.9222
A_saltelli,164,0.269990042654,0.802591811849,0.865196368979,0.723888874327,0.952,0.8167
A_saltelli,165,0.837381577466,0.876490022753,0.6101386652,0.683370828368,0.9427,0.7722
A_saltelli,166,0.208693423448,0.198614161716,0.505834450058,0.807992256696,0.9769,0.9444
A_saltelli,167,0.246985389406,0.20753891252,0.48397639582,0.332642017455,0.9778,0.95
A_saltelli,168,0.086054570816,0.539007303459,0.608919758001,0.0623876984889,0.9687,0.8722
A_saltelli,169,0.907639277792,0.925175467343,0.4107130523,0.144496040613,0.9485,0.7944
A_saltelli,170,0.0666685137876,0.498559178528,0.119643750117,0.14801970945,0.9819,0.9222
A_saltelli,171,0.395037894812,0.516123011553,0.602197256286,0.773545687368,0.967,0.8778
A_saltelli,172,0.451649882035,0.200633676104,0.589012211007,0.886043741266,0.9705,0.9056
A_saltelli,173,0.510145795779,0.3568752014,0.647468286014,0.841051143566,0.9699,0.9167
A_saltelli,174,0.060046098943,0.547486963077,0.693867822377,0.148029687401,0.9708,0.8667
A_saltelli,175,0.960751636979,0.275217746029,0.567552779949,0.612640529817,0.9693,0.9333
A_saltelli,176,0.182387465585,0.238536861705,0.0308735345037,0.561034223915,0.9839,0.9667
A_saltelli,177,0.926185621947,0.850501081902,0.317913785154,0.753129430374,0.9515,0.8056
A_saltelli,178,0.280663541415,0.557738252974,0.441679402428,0.932264304595,0.969,0.8944
A_saltelli,179,0.219873096173,0.900252771812,0.90421712087,0.785701445925,0.952,0.8167
A_saltelli,180,0.652257310892,0.646531461325,0.0607149483981,0.962460151252,0.9693,0.8722
A_saltelli,181,0.231360190751,0.565819475979,0.829194817068,0.914232193118,0.9588,0.8556
A_saltelli,182,0.858091350155,0.696419835384,0.0233659777782,0.439152991412,0.9564,0.8333
A_saltelli,183,0.686499130604,0.23315837942,0.228999661271,0.468062343081,0.9836,0.9667
A_saltelli,184,0.853023986314,0.108126078977,0.984595077476,0.658437606754,0.9465,0.8556
A_saltelli,185,0.706210574035,0.686454767695,0.604989280622,0.453110266995,0.9444,0.7889
A_saltelli,186,0.345740152815,0.803122781626,0.315716597865,0.897722114434,0.9667,0.8667
A_saltelli,187,0.227061008149,0.680413229095,0.800901601776,0.613100410511,0.9582,0.8444
A_saltelli,188,0.788824611894,0.497943648612,0.329986921714,0.909710945652,0.9637,0.8833
A_saltelli,189,0.156612366235,0.957491001893,0.742397405295,0.181716427342,0.9553,0.8222
A_saltelli,190,0.641592606234,0.0256855003124,0.103054556748,0.747066747468,0.9871,0.9889
A_saltelli,191,0.159860596732,0.0575137162858,0.561189966519,0.989972385464,0.9787,0.9556
A_saltelli,192,0.441259902626,0.759776484907,0.13762645996,0.153947135932,0.9775,0.9111
A_saltelli,193,0.0018014912479,0.0467386498898,0.0782531037974,0.121616313445,0.9965,0.9889
A_saltelli,194,0.92368244934,0.1960862127,0.0180797151804,0.00917401445341,0.9792,0.9778
A_saltelli,195,0.471413616836,0.788269939995,0.579070455385,0.719903215663,0.964,0.8611
A_saltelli,196,0.243489836565,0.681584714041,0.425701284407,0.165600276385,0.967,0.8778
A_saltelli,197,0.989188327353,0.48690450038,0.937475198396,0.906008845756,0.9365,0.7889
A_saltelli,198,0.909145761175,0.143162200713,0.133257020386,0.78727000898,0.9801,0.9833
A_saltelli,199,0.957841632712,0.0718099514381,0.895622174772,0.250432090139,0.9488,0.8667
A_saltelli,200,0.556294855145,0.819110903364,0.555843807282,0.406624179773,0.9596,0.8333
A_saltelli,201,0.0267349953967,0.782724761835,0.576117806652,0.259048944319,0.9731,0.8667
A_saltelli,202,0.0186644732714,0.448935776133,0.107243437662,0.970854703064,0.993,0.9667
A_saltelli,203,0.0403184820006,0.0502294529152,0.716196426785,0.942034634058,0.9804,0.9278
A_saltelli,204,0.409016158062,0.140151983864,0.293782359395,0.721809438379,0.9833,0.9556
A_saltelli,205,0.288261323901,0.240510951956,0.919286701816,0.2538133573,0.9637,0.8944
A_saltelli,206,0.465669006704,0.178095472476,0.200567018223,0.126468347168,0.981,0.95
A_saltelli,207,0.557442200093,0.801132870369,0.0201487386181,0.801154059486,0.9713,0.8778
A_saltelli,208,0.575726462255,0.945382180387,0.910141750044,0.221849912344,0.9357,0.75
A_saltelli,209,0.136973955951,0.400551642608,0.593076483015,0.932989870811,0.9734,0.9222
A_saltelli,210,0.792892452371,0.614542199217,0.864998581794,0.118045131404,0.933,0.7667
A_saltelli,211,0.805423686332,0.391061487706,0.454696646547,0.954900460414,0.9643,0.8944
A_saltelli,212,0.319378000501,7.72085658314e-05,0.249228190688,0.11888979278,0.9819,0.9722
A_saltelli,213,0.548895699966,0.453489752009,0.486588605524,0.291879383868,0.969,0.8889
A_saltelli,214,0.801838409366,0.880257608368,0.0455742903219,0.612043388517,0.952,0.8056
A_saltelli,215,0.0258900813001,0.16525358398,0.569025097877,0.379806577142,0.9836,0.9333
A_saltelli,216,0.470024038858,0.496919109812,0.928715438323,0.880443919625,0.9626,0.8667
A_saltelli,217,0.464110013244,0.0529505277221,0.311965894153,0.0695296637793,0.983,0.9667
A_saltelli,218,0.140970232997,0.800199883365,0.77060445163,0.339973386299,0.9579,0.8389
A_saltelli,219,0.794214825014,0.381016846866,0.0157561691158,0.801595428968,0.9696,0.9167
A_saltelli,220,0.612508220588,0.909104767343,0.298339516275,0.0378258591907,0.9567,0.8111
A_saltelli,221,0.855932517602,0.430559589482,0.625527944116,0.7646734385,0.9553,0.8556
A_saltelli,222,0.956693844834,0.249436571127,0.181233937601,0.518936445556,0.9775,0.9667
A_saltelli,223,0.328033709871,0.808459665228,0.843314852295,0.493762886413,0.9535,0.8222
A_saltelli,224,0.812152472033,0.413913084293,0.850150272993,0.267798803512,0.9398,0.8056
A_saltelli,225,0.987497884499,0.952634329498,0.397811351927,0.803708629942,0.95,0.8
A_saltelli,226,0.121022156789,0.944071664304,0.760298547579,0.75466039973,0.9553,0.8056
A_saltelli,227,0.441198840147,0.306113122272,0.97359517684,0.221154039398,0.9646,0.8778
A_saltelli,228,0.800107103149,0.615686690543,0.85718143795,0.462229642355,0.933,0.7667
A_saltelli,229,0.157474339961,0.487214953274,0.239932977975,0.970215323015,0.9772,0.9278
A_saltelli,230,0.796148711916,0.295358331072,0.409650590575,0.174463095647,0.9713,0.9389
A_saltelli,231,0.0522050065195,0.493482517997,0.568962456164,0.117778418367,0.9737,0.8778
A_saltelli,232,0.295376364307,0.340196392402,0.713344054787,0.127972440662,0.9702,0.9167
A_saltelli,233,0.816161056443,0.834501457138,0.471985769394,0.438233637108,0.9494,0.8
A_saltelli,234,0.268445084931,0.216096966883,0.280382831979,0.856183953441,0.9827,0.9667
A_saltelli,235,0.739615134024,0.797999137529,0.784468615642,0.656620541983,0.9313,0.7556
A_saltelli,236,0.3788958271,0.13457038703,0.696013471221,0.740879653907,0.9725,0.9167
A_saltelli,237,0.133910914537,0.567142871683,0.699317560782,0.00339324870794,0.9646,0.8778
A_saltelli,238,0.778908191361,0.415271319708,0.0984328466081,0.090718979139,0.9678,0.9056
A_saltelli,239,0.996176484544,0.688766078208,0.928910279986,0.943354061201,0.9278,0.7333
A_saltelli,240,0.87838772457,0.0999532888946,0.522207945062,0.905908169601,0.9728,0.9556
A_saltelli,241,0.759476344661,0.720245784957,0.21493761381,0.0468642646845,0.9556,0.8333
A_saltelli,242,0.729888883097,0.0145116681248,0.567964954151,0.546616991669,0.9588,0.9111
A_saltelli,243,0.557330863789,0.636225214953,0.921302157961,0.510920038427,0.9523,0.8278
A_saltelli,244,0.908806361572,0.755688654466,0.579731696217,0.46670439316,0.9468,0.7944
A_saltelli,245,0.139104953887,0.77238864865,0.0499913537853,0.0248920673344,0.9716,0.8889
A_saltelli,246,0.835025581658,0.0893101723064,0.252653050581,0.861595985857,0.9801,0.9833
A_saltelli,247,0.748647780013,0.418459822329,0.585497074654,0.495513967713,0.9596,0.8778
A_saltelli,248,0.857569861603,0.648289869695,0.0383783051464,0.645755055326,0.9599,0.8556
A_saltelli,249,0.682137828607,0.139703844881,0.382492662789,0.237902669989,0.9801,0.9556
A_saltelli,250,0.297315936146,0.280565832169,0.226834818259,0.70530650696,0.9833,0.9667
A_saltelli,251,0.761131451505,0.223643235647,0.189085069114,0.165325535342,0.9775,0.9722
A_saltelli,252,0.20261879311,0.855946018963,0.968559024291,0.602328449809,0.9468,0.7944
A_saltelli,253,0.676468647858,0.791033963821,0.663697465903,0.942949193476,0.948,0.7889
A_saltelli,254,0.132854945095,0.111105418968,0.435728571828,0.791270365395,0.9792,0.9556
A_saltelli,255,0.584018564077,0.525653638555,0.297217555937,0.41816426683,0.9643,0.8611
A_saltelli,256,0.715658430502,0.539973469738,0.939240824081,0.420262736491,0.9345,0.7833
A_saltelli,257,0.358105335959,0.982951057605,0.822912818285,0.935250776479,0.9456,0.7722
A_saltelli,258,0.462101210275,0.782512121189,0.463166318434,0.109292171615,0.9652,0.8611
A_saltelli,259,0.404135672035,0.10516358496,0.581889469426,0.859364090629,0.974,0.9222
A_saltelli,260,0.636773640523,0.431444930827,0.580243278188,0.606184722491,0.9623,0.8611
A_saltelli,261,0.358186319272,0.756567562298,0.0843438544842,0.297810055289,0.9784,0.9167
A_saltelli,262,0.523646067665,0.952857168491,0.50472958406,0.525883546059,0.9585,0.8278
A_saltelli,263,0.739401123374,0.221012726546,0.414147396533,0.384580765803,0.9646,0.9222
A_saltelli,264,0.0892127416087,0.856090117159,0.516553339553,0.440333910188,0.9646,0.8389
A_saltelli,265,0.415885965409,0.662153838914,0.53906083792,0.71856136997,0.9661,0.8722
A_saltelli,266,0.489042381556,0.529616869278,0.416921365642,0.453048426042,0.9705,0.9111
A_saltelli,267,0.917329654757,0.95513836094,0.860198144269,0.587406292642,0.9243,0.7111
A_saltelli,268,0.770752679281,0.700727056213,0.787028050902,0.73920867029,0.9342,0.7556
A_saltelli,269,0.164504283066,0.99267786617,0.48232162514,0.611731587469,0.9626,0.85
A_saltelli,270,0.615634389076,0.610339401671,0.572929226209,0.496967956279,0.9582,0.8389
A_saltelli,271,0.309856071665,0.885053602199,0.229332702234,0.164324771623,0.9673,0.8667
A_saltelli,272,0.79835904812,0.675875739852,0.583024015773,0.342756666855,0.9485,0.8056
A_saltelli,273,0.927399632626,0.769676295014,0.710669951909,0.598611871352,0.9377,0.7667
A_saltelli,274,0.182714000963,0.226569544074,0.56857337509,0.673434525676,0.976,0.9389
A_saltelli,275,0.209130808232,0.52117214329,0.62048067856,0.636527107024,0.9699,0.9
A_saltelli,276,0.17504201281,0.459566842091,0.839068648477,0.467598405992,0.9614,0.8722
A_saltelli,277,0.330072097346,0.371023048542,0.950154246584,0.544397439971,0.9611,0.8778
A_saltelli,278,0.945073605822,0.599208317779,0.731153156406,0.111666794799,0.9442,0.8111
A_saltelli,279,0.625451928282,0.939765881337,0.759267086928,0.122911380879,0.9406,0.7611
A_saltelli,280,0.564390016839,0.0865958644454,0.16006307065,0.722111535085,0.9877,0.9889
A_saltelli,281,0.596422927874,0.432707340545,0.786060089936,0.810577191577,0.9494,0.8222
A_saltelli,282,0.272290824481,0.749138264448,0.63692184714,0.00473847435027,0.9617,0.8556
A_saltelli,283,0.434023105053,0.708461081504,0.873734508523,0.706342939393,0.9594,0.8444
A_saltelli,284,0.84182800997,0.403905060557,0.368847594799,0.905613536428,0.9658,0.9
A_saltelli,285,0.840632871188,0.477467081619,0.562201183749,0.787649556493,0.9588,0.8667
A_saltelli,286,0.547004441351,0.757843453859,0.713023822364,0.32396339457,0.9553,0.8278
A_saltelli,287,0.951912989562,0.864469851056,0.184899367727,0.653877058291,0.952,0.8056
A_saltelli,288,0.834824299808,0.308482143849,0.892287542662,0.271513768643,0.9427,0.8278
A_saltelli,289,0.408743985631,0.566968520842,0.215414091983,0.972059864529,0.9778,0.9167
A_saltelli,290,0.185326176577,0.465344297163,0.415847157397,0.449593752777,0.9728,0.9111
A_saltelli,291,0.202997965314,0.445943406684,0.820367525189,0.879708778585,0.9632,0.8833
A_saltelli,292,0.479007169742,0.711025749077,0.40543340979,0.500495354309,0.9725,0.9
A_saltelli,293,0.928089059922,0.208735786746,0.322758199957,0.213518475029,0.9778,0.9722
A_saltelli,294,0.765687134811,0.904338995889,0.00712672402633,0.892785266696,0.952,0.8056
A_saltelli,295,0.702426641259,0.405592301065,0.0949113997369,0.0340503223349,0.9743,0.9222
A_saltelli,296,0.977366841599,0.476754308436,0.0466657142948,0.0904269604129,0.9661,0.8944
A_saltelli,297,0.154678343441,0.0965189496865,0.169216544377,0.633591981254,0.9851,0.9778
A_saltelli,298,0.082942957017,0.895872685969,0.478417706544,0.928838859391,0.9661,0.8444
A_saltelli,299,0.150191800191,0.689140230568,0.594810734348,0.593235194995,0.9664,0.8778
A_saltelli,300,0.489746389805,0.451175416313,0.0136455599671,0.701302887953,0.9787,0.9444
A_saltelli,301,0.201472233136,0.402567937443,0.490248817838,0.239009942394,0.9749,0.9278
A_saltelli,302,0.58572921608,0.25566357766,0.958835393689,0.303897566682,0.9468,0.8278
A_saltelli,303,0.813896542399,0.0502731689261,0.515520276671,0.0567941218465,0.9746,0.9667
A_saltelli,304,0.753647998514,0.735127398278,0.783611911206,0.511290875416,0.9348,0.7611
A_saltelli,305,0.0311919965616,0.554687395682,0.839795765361,0.961275938552,0.9711,0.8667
A_saltelli,306,0.682593898719,0.441799531317,0.115546449015,0.364803655606,0.9722,0.8944
A_saltelli,307,0.239868659996,0.307839832187,0.059729011219,0.434672607814,0.9839,0.9667
A_saltelli,308,0.392754267458,0.203634843855,0.792547529712,0.782992917453,0.967,0.8889
A_saltelli,309,0.985118876498,0.659139965213,0.683804686193,0.0790764016702,0.9462,0.8056
A_saltelli,310,0.649231574236,0.781508604199,0.866090577272,0.616226896746,0.9404,0.7667
A_saltelli,311,0.136290074903,0.0121778704825,0.781104043341,0.928264999282,0.9728,0.9333
A_saltelli,312,0.0440584262276,0.248303981396,0.831661391493,0.351148978302,0.974,0.8944
A_saltelli,313,0.542215302928,0.311216642146,0.439179374625,0.824302501177,0.9743,0.9222
A_saltelli,314,0.0121827507594,0.224813734038,0.47746860916,0.73060717095,0.9865,0.9444
A_saltelli,315,0.555584410297,0.0830091469588,0.362379793009,0.19240987272,0.9819,0.9667
A_saltelli,316,0.614214215059,0.23093838942,0.217508238374,0.938335382957,0.983,0.9667
A_saltelli,317,0.210064063134,0.939051170921,0.196990520958,0.0473475199152,0.9693,0.8778
A_saltelli,318,0.373275544269,0.0308094211399,0.962394582051,0.217777111904,0.9699,0.9111
A_saltelli,319,0.461267427269,0.448972337083,0.923089495403,0.91661700446,0.9602,0.8556
A_saltelli,320,0.381480860861,0.824150668578,0.843451817594,0.764047670117,0.955,0.8167
A_saltelli,321,0.381564938213,0.82985424182,0.132343189485,0.472658682534,0.9769,0.9
A_saltelli,322,0.371545227937,0.393792529454,0.768865284442,0.905594858671,0.9649,0.8722
A_saltelli,323,0.18847726896,0.899251174091,0.120670146249,0.155502676026,0.9702,0.8833
A_saltelli,324,0.309835185251,0.938498455527,0.893233852646,0.830772813756,0.9477,0.7944
A_saltelli,325,0.0435853512956,0.1807409267,0.10166702163,0.965973267287,0.9912,0.9667
A_saltelli,326,0.301615480642,0.16884298342,0.500954204892,0.0566604707659,0.974,0.9278
A_saltelli,327,0.537072552653,0.904809511923,0.735347715165,0.291204881376,0.9535,0.8167
A_saltelli,328,0.54188372266,0.601922425909,0.744762392076,0.276642928159,0.9596,0.8556
A_saltelli,329,0.887965741473,0.00143289203279,0.6291743451,0.26060456714,0.9702,0.95
A_saltelli,330,0.114016937401,0.422924298204,0.361036056221,0.0594010134456,0.9754,0.9
A_saltelli,331,0.681685195836,0.743984390867,0.890960027019,0.76513034543,0.9389,0.7611
A_saltelli,332,0.218166447117,0.850572331713,0.142401345362,0.432071466803,0.9711,0.8889
A_saltelli,333,0.828698101263,0.117576047892,0.194786747458,0.255748002799,0.9801,0.9833
A_saltelli,334,0.344023986281,0.543733727515,0.563360198447,0.883508861703,0.9708,0.9056
A_saltelli,335,0.0884918642759,0.277509032396,0.92660861788,0.0512298794912,0.9599,0.85
A_saltelli,336,0.481264022892,0.420008528918,0.36929246974,0.450850614221,0.9751,0.9167
A_saltelli,337,0.375584248329,0.339496546831,0.0144602038807,0.982479926458,0.9863,0.9556
A_saltelli,338,0.804099592762,0.845636743678,0.678178932272,0.495365827928,0.9409,0.7722
A_saltelli,339,0.566895196617,0.796065858787,0.37963678238,0.840060235326,0.9635,0.85
A_saltelli,340,0.402191787035,0.414367465401,0.322803513606,0.274851826349,0.9781,0.9222
A_saltelli,341,0.125938651085,0.377871102598,0.381533955898,0.631800949781,0.976,0.9389
A_saltelli,342,0.184895325522,0.929275776139,0.991602723028,0.888825581479,0.9453,0.7889
A_saltelli,343,0.474224182146,0.332709750005,0.503427587863,0.413165424851,0.9746,0.9167
A_saltelli,344,0.794265704663,0.599059765612,0.870766602411,0.488171493886,0.9348,0.7778
A_saltelli,345,0.0658324354078,0.503356937825,0.794962602179,0.810422125099,0.9608,0.8444
A_saltelli,346,0.811471485442,0.175149425202,0.61008944072,0.562031822904,0.969,0.9389
A_saltelli,347,0.742537525308,0.0590090760978,0.175716378467,0.491468551235,0.9763,0.9778
A_saltelli,348,0.307891277547,0.905624678289,0.739541214526,0.789136073845,0.9558,0.8278
A_saltelli,349,0.364135292097,0.636261669103,0.665988034453,0.310570860954,0.9649,0.8722
A_saltelli,350,0.330975855936,0.324405596601,0.794220102824,0.642999975188,0.9684,0.9056
A_saltelli,351,0.612774917557,0.275801391636,0.31116944707,0.718355942894,0.9769,0.9389
A_saltelli,352,0.241691350549,0.112288513915,0.580045490496,0.928744107642,0.9763,0.9444
A_saltelli,353,0.961156005559,0.209725436203,0.179374148826,0.0341494385417,0.9792,0.9778
A_saltelli,354,0.378904416469,0.444757120511,0.988799365099,0.155330292707,0.9605,0.8556
A_saltelli,355,0.831447116461,0.837226154766,0.83571864085,0.973347900546,0.9281,0.7278
A_saltelli,356,0.358650425902,0.738027716854,0.988562751364,0.32662691646,0.9506,0.8111
A_saltelli,357,0.989532286761,0.715254976304,0.357208160543,0.383696539243,0.955,0.8278
A_saltelli,358,0.459384670544,0.404723382186,0.660997251846,0.446562136463,0.9661,0.8778
A_saltelli,359,0.116826272853,0.377654472466,0.100901798399,0.365714251879,0.9851,0.9389
A_saltelli,360,0.544519405549,0.00431107768727,0.72790557238,0.943070613278,0.9702,0.9222
A_saltelli,361,0.180800423767,0.573669982179,0.0226846309604,0.133040669233,0.9769,0.9222
A_saltelli,362,0.313951495939,0.0127365721453,0.00543313684818,0.342516713395,0.9877,0.9944
A_saltelli,363,0.392483552285,0.689199302121,0.683344048096,0.399874872204,0.9661,0.8722
A_saltelli,364,0.478808038779,0.405489927153,0.147040239119,0.314292792505,0.981,0.9389
A_saltelli,365,0.368286195251,0.905552229253,0.97607999045,0.790419725486,0.9515,0.7944
A_saltelli,366,0.453749693882,0.926494300227,0.0222211307219,0.107038929899,0.9722,0.8722
A_saltelli,367,0.275347378429,0.318279514393,0.796724092311,0.987730466157,0.9687,0.9111
A_saltelli,368,0.409717639753,0.851546459117,0.339218839963,0.812055378284,0.9693,0.8667
A_saltelli,369,0.473353714641,0.463728347521,0.566824905036,0.130664090718,0.9684,0.8889
A_saltelli,370,0.593416961108,0.849984769993,0.627487714083,0.291642452108,0.9482,0.7889
A_saltelli,371,0.360335043525,0.0879022484038,0.0517421959853,0.715706469663,0.9889,0.9833
A_saltelli,372,0.745306667593,0.0905439705046,0.301933079359,0.787690074299,0.9787,0.9833
A_saltelli,373,0.723422413456,0.652864116651,0.655610107229,0.370829736396,0.9404,0.7944
A_saltelli,374,0.225379440123,0.418288126329,0.913933997889,0.224263107945,0.9611,0.8778
A_saltelli,375,0.41027671805,0.272826896065,0.585113562223,0.666099222441,0.9696,0.8944
A_saltelli,376,0.958915588118,0.639449297091,0.476797433597,0.0639906051849,0.9573,0.85
A_saltelli,377,0.599462127149,0.878793437388,0.846726208893,0.939406370981,0.9386,0.7556
A_saltelli,378,0.0388891476725,0.157327971204,0.766580264181,0.845011332192,0.9781,0.9167
A_saltelli,379,0.667284617303,0.242885130354,0.771153188818,0.299798602905,0.9588,0.8722
A_saltelli,380,0.928654509431,0.694214211277,0.408939509983,0.774170421941,0.952,0.8167
A_saltelli,381,0.157901218647,0.18462614601,9.65380318463e-05,0.138102740188,0.9886,0.9889
A_saltelli,382,0.0894452429491,0.931667940127,0.45079638223,0.42097816238,0.9661,0.8444
A_saltelli,383,0.0370189357796,0.129906604847,0.286517337712,0.509988840251,0.9854,0.9444
A_saltelli,384,0.771555336994,0.425728399929,0.990049728835,0.00724203206416,0.936,0.7889
A_saltelli,385,0.305803406822,0.1554732555,0.667952126867,0.582279039048,0.9705,0.9167
A_saltelli,386,0.185254649996,0.805026295763,0.547667393661,0.0316920883351,0.9637,0.8611
A_saltelli,387,0.386369813078,0.137565313359,0.844512746729,0.597665744081,0.9681,0.9
A_saltelli,388,0.706710817227,0.139696336585,0.158474497638,0.0567853044826,0.9825,0.9778
A_saltelli,389,0.553588458836,0.67130680116,0.667192174962,0.528494582628,0.9591,0.8444
A_saltelli,390,0.417643512802,0.0785186697151,0.891967241757,0.619775467385,0.9699,0.9111
A_saltelli,391,0.712026549103,0.263535166722,0.614283311872,0.97721498658,0.9602,0.8889
A_saltelli,392,0.575571201872,0.758172234943,0.506196196284,0.0106415114428,0.955,0.8167
A_saltelli,393,0.0479268835844,0.402838389618,0.762414099885,0.734750030885,0.9719,0.8778
A_saltelli,394,0.144305355645,0.780603418217,0.111955797426,0.795065805671,0.9711,0.8889
A_saltelli,395,0.623754031793,0.381638404633,0.165575834708,0.248099242867,0.9743,0.9111
A_saltelli,396,0.84081297064,0.0684540301893,0.809292133215,0.608148660179,0.9518,0.8778
A_saltelli,397,0.760517678113,0.433769570323,0.664788736637,0.101369986405,0.9538,0.8556
A_saltelli,398,0.560276703703,0.132072266772,0.0271880326465,0.984369773213,0.9874,0.9833
A_saltelli,399,0.619917018695,0.396936051062,0.0216335191988,0.5700418039,0.9749,0.9111
A_saltelli,400,0.133309276934,0.381000678516,0.90708751655,0.75145178864,0.9626,0.8833
A_saltelli,401,0.623361893438,0.701424500022,0.702651091728,0.00133714451413,0.945,0.7889
A_saltelli,402,0.636975434079,0.715635246193,0.464444331483,0.0397481252043,0.9573,0.8222
A_saltelli,403,0.95114461322,0.364420170508,0.256090856123,0.15801883931,0.9705,0.9222
A_saltelli,404,0.362494149504,0.244136649139,0.459463641883,0.371712321977,0.9757,0.9222
A_saltelli,405,0.196881884879,0.722279414274,0.839592813886,0.0693824360221,0.9544,0.8278
A_saltelli,406,0.951242306957,0.407438355194,0.180583817355,0.563759175057,0.9678,0.9056
A_saltelli,407,0.698019032671,0.184661891436,0.258459227464,0.614939275681,0.983,0.9667
A_saltelli,408,0.180381071395,0.299703444358,0.800262068517,0.0629832752693,0.9678,0.9056
A_saltelli,409,0.812395032297,0.992623415155,0.241692181196,0.651778566887,0.952,0.8056
A_saltelli,410,0.458421466821,0.557935944303,0.428087697617,0.990455642925,0.9731,0.9
A_saltelli,411,0.8029439864,0.281354433934,0.895801298248,0.599119338644,0.9444,0.8389
A_saltelli,412,0.677800710327,0.277046465394,0.809543714436,0.297255201385,0.9564,0.8611
A_saltelli,413,0.0433221771205,0.460533576384,0.781647056639,0.788696145632,0.9711,0.8722
A_saltelli,414,0.215712294243,0.509598231767,0.601184603975,0.043298841031,0.9699,0.9
A_saltelli,415,0.192630665971,0.22606342884,0.983150680542,0.753659373284,0.9599,0.8778
A_saltelli,416,0.496234007741,0.128461427833,0.474605854645,0.826428635004,0.9769,0.9556
A_saltelli,417,0.70743159069,0.991633852122,0.424219138853,0.547934262396,0.952,0.8111
A_saltelli,418,0.406534768368,0.610236482361,0.451812465302,0.721097926001,0.9749,0.9056
A_saltelli,419,0.980203170388,0.655159126586,0.0566646754341,0.0301535303634,0.9599,0.8556
A_saltelli,420,0.451390566722,0.981193935877,0.57333254275,0.72778168509,0.9623,0.8444
A_saltelli,421,0.942686345777,0.537440219488,0.602312809182,0.601979519681,0.9556,0.85
A_saltelli,422,0.0578210495157,0.373948427216,0.493224373493,0.868295636061,0.9792,0.9056
A_saltelli,423,0.034609877125,0.334281338749,0.55673764577,0.464804146,0.9787,0.9056
A_saltelli,424,0.52790834502,0.392244280653,0.21426353275,0.604775845943,0.9763,0.9222
A_saltelli,425,0.553446656591,0.0599647841916,0.490767682207,0.674474486849,0.9804,0.9611
A_saltelli,426,0.897946545187,0.888990913016,0.711526300841,0.759487777375,0.9351,0.75
A_saltelli,427,0.504308800823,0.641481957695,0.706103330764,0.785524274701,0.9649,0.8889
A_saltelli,428,0.889895242049,0.0506999362321,0.917533278356,0.142236453109,0.9497,0.8722
A_saltelli,429,0.592349361846,0.154856151342,0.456985614363,0.195592459026,0.9754,0.9389
A_saltelli,430,0.982937281038,0.092154332985,0.824241840518,0.952498799959,0.9509,0.8722
A_saltelli,431,0.518080388398,0.487229640711,0.194985324211,0.77854044478,0.9719,0.8944
A_saltelli,432,0.724953327173,0.866547597896,0.223016805515,0.904701252115,0.9544,0.8389
A_saltelli,433,0.289605736825,0.526375901965,0.834151891448,0.624046325814,0.9596,0.8611
A_saltelli,434,0.929758331532,0.958193561649,0.784861979834,0.156319680764,0.9307,0.7333
A_saltelli,435,0.409487781947,0.171102665521,0.602011213978,0.00748285578565,0.9722,0.9111
A_saltelli,436,0.621133392655,0.216668655829,0.571214908873,0.256575628199,0.9713,0.9222
A_saltelli,437,0.447758744829,0.765639536197,0.248276814627,0.0318681880679,0.9737,0.8944
A_saltelli,438,0.918737689691,0.944724324911,0.796138662602,0.152223771289,0.9292,0.7278
A_saltelli,439,0.749380833252,0.85625893538,0.0294536718067,0.807092734196,0.9512,0.8056
A_saltelli,440,0.282381027111,0.385461299921,0.251275524422,0.29047752386,0.981,0.9556
A_saltelli,441,0.886710395391,0.950717269873,0.690310235707,0.507619668406,0.9365,0.7556
A_saltelli,442,0.0660218700688,0.0706210819721,0.176862600081,0.609219273108,0.988,0.9611
A_saltelli,443,0.620370513913,0.325991301676,0.111986832831,0.676641256126,0.9787,0.9389
A_saltelli,444,0.479005476327,0.368890858581,0.463330201058,0.507302816912,0.9746,0.9167
A_saltelli,445,0.221524024026,0.293575701551,0.647631356072,0.18828482591,0.9731,0.9278
A_saltelli,446,0.362485865392,0.979922066717,0.884598147309,0.71095644697,0.9442,0.7667
A_saltelli,447,0.662443697559,0.221873031232,0.441422692773,0.593777080815,0.9778,0.9444
A_saltelli,448,0.805657471976,0.599943729466,0.0883782243355,0.898527602894,0.9635,0.8778
A_saltelli,449,0.44646898247,0.0925439036235,0.601841994555,0.676503129786,0.9772,0.9389
A_saltelli,450,0.942794762152,0.294741140664,0.373219785589,0.685452881598,0.9728,0.9444
A_saltelli,451,0.569336919433,0.273688547556,0.912239678104,0.589565005517,0.955,0.8556
A_saltelli,452,0.976350641058,0.0916697110723,0.332389161819,0.151566589011,0.9787,0.9778
A_saltelli,453,0.9595843115,0.978797468167,0.39600096237,0.972296875523,0.95,0.8
A_saltelli,454,0.750554692534,0.909004097,0.815796598343,0.0162590273509,0.9278,0.7278
A_saltelli,455,0.218225499583,0.512021418594,0.451282781192,0.935245014251,0.9699,0.9
A_saltelli,456,0.960158647462,0.429932557064,0.581889586483,0.335433583545,0.9582,0.8667
A_saltelli,457,0.870221262527,0.265456418423,0.396681943061,0.965346773133,0.9737,0.95
A_saltelli,458,0.276240484125,0.148716057242,0.546543625918,0.712172750198,0.9763,0.9444
A_saltelli,459,0.838835928037,0.294338888447,0.311175416011,0.333890585122,0.9743,0.95
A_saltelli,460,0.956631696501,0.830233285986,0.486092836403,0.946065316402,0.9494,0.8
A_saltelli,461,0.278855176935,0.520953744041,0.763786096509,0.404121456282,0.964,0.8778
A_saltelli,462,0.961939436871,0.0645822975001,0.196333444191,0.130644558029,0.981,0.9889
A_saltelli,463,0.618709497964,0.0801110550362,0.0806938286289,0.0815617599777,0.9871,0.9889
A_saltelli,464,0.828681225518,0.940049833937,0.919543972628,0.590339438364,0.9243,0.7111
A_saltelli,465,0.282910788748,0.846283703561,0.772901239665,0.276233249124,0.9579,0.8389
A_saltelli,466,0.340035033849,0.123905427329,0.569663232439,0.779834921201,0.9778,0.95
A_saltelli,467,0.298112327066,0.289423012961,0.339997685289,0.467072126715,0.9804,0.9556
A_saltelli,468,0.996068385622,0.754224115796,0.115004297631,0.107959918906,0.9556,0.8278
A_saltelli,469,0.497813837021,0.295474813024,0.122459133027,0.212630413553,0.9789,0.95
A_saltelli,470,0.398723827142,0.630719839088,0.559000199839,0.600226352333,0.9661,0.8722
A_saltelli,471,0.51801428281,0.702409051992,0.0996972128603,0.0528594680028,0.9675,0.8667
A_saltelli,472,0.011629170906,0.0259262190115,0.107171950328,0.309441872964,0.9965,0.9889
A_saltelli,473,0.981633992645,0.340174139101,0.796133677438,0.268348189899,0.9459,0.8333
A_saltelli,474,0.140268323921,0.993226012205,0.888701506069,0.583872021053,0.9494,0.8
A_saltelli,475,0.484535053248,0.847219665717,0.431822194113,0.944866033933,0.9681,0.8722
A_saltelli,476,0.211416206039,0.681689358064,0.0411846812482,0.930697931223,0.9743,0.9056
A_saltelli,477,0.446185166032,0.889520752722,0.161130196147,0.500451651974,0.9734,0.8889
A_saltelli,478,0.42200737312,0.571859511056,0.548554937127,0.696417459856,0.9661,0.8722
A_saltelli,479,0.785697060979,0.71122370695,0.296663335209,0.189609030691,0.955,0.8278
A_saltelli,480,0.458140133288,0.0389422276405,0.754203077501,0.00705162094274,0.9734,0.9278
A_saltelli,481,0.634035894515,0.189450253873,0.65687959188,0.474647456409,0.9664,0.9056
A_saltelli,482,0.119748461068,0.636172609872,0.333334326703,0.360581084338,0.9719,0.8778
A_saltelli,483,0.914890446597,0.430295927799,0.363173518838,0.842110162059,0.9655,0.8944
A_saltelli,484,0.437777601138,0.520493277078,0.644742176505,0.0148221008138,0.967,0.8778
A_saltelli,485,0.418827581331,0.5767032841,0.185931709279,0.830081813974,0.9792,0.9222
A_saltelli,486,0.44186058487,0.448538483689,0.850823358804,0.669920721516,0.9649,0.8722
A_saltelli,487,0.534548100907,0.977286801173,0.192381845147,0.636028930965,0.9667,0.8556
A_saltelli,488,0.50503754155,0.488960959958,0.697753526073,0.98913133422,0.9658,0.8944
A_saltelli,489,0.423131946273,0.0820215211279,0.137600705529,0.648828126292,0.9918,0.9944
A_saltelli,490,0.705586562503,0.583658330434,0.332639322486,0.911753746931,0.9632,0.8667
A_saltelli,491,0.992490011913,0.216878752924,0.832385484447,0.114955326033,0.9491,0.8611
A_saltelli,492,0.398095919321,0.950227627675,0.928442293025,0.595669023048,0.9506,0.7889
A_saltelli,493,0.0410822306195,0.145830589513,0.556257501506,0.0246332778166,0.9839,0.9389
A_saltelli,494,0.700203275567,0.678985165509,0.625999411569,0.882364362236,0.9444,0.7889
A_saltelli,495,0.205474452571,0.135463246396,0.664264887532,0.10220408554,0.9749,0.9389
A_saltelli,496,0.228752790756,0.305543552574,0.350489467835,0.957123077274,0.9804,0.9556
A_saltelli,497,0.486856266664,0.687555364332,0.819183274756,0.163408064887,0.9594,0.8667
A_saltelli,498,0.768454438455,0.141745608482,0.949718913243,0.91802627175,0.948,0.8611
A_saltelli,499,0.26463205202,0.204482688364,0.85405536163,0.165407042393,0.9661,0.9056
A_saltelli,500,0.0209849593614,0.165260968807,0.108147741747,0.426964078676,0.9939,0.9722
A_saltelli,501,0.765965410055,0.152674347861,0.644866121065,0.930534689104,0.9684,0.9389
A_saltelli,502,0.350043416943,0.153891909427,0.263525863007,0.851482873445,0.9781,0.9389
A_saltelli,503,0.349533542338,0.570051356298,0.577111424483,0.462641942499,0.964,0.8722
A_saltelli,504,0.939652926094,0.224669722035,0.824645017263,0.266743154409,0.9491,0.8611
A_saltelli,505,0.31522428778,0.30838234998,0.571351314288,0.10729149553,0.9722,0.9222
A_saltelli,506,0.27762140353,0.433927734934,0.524115018358,0.220861927594,0.9728,0.9222
A_saltelli,507,0.887245051943,0.270789995371,0.555893415936,0.199660464624,0.9693,0.9333
A_saltelli,508,0.125389216407,0.720362468725,0.217579037483,0.606174963615,0.9725,0.9056
A_saltelli,509,0.227330383041,0.243410617142,0.728892215009,0.425461222546,0.9711,0.9222
A_saltelli,510,0.827001390184,0.697167785136,0.779899841736,0.450875657446,0.9342,0.7556
A_saltelli,511,0.315434885749,0.631616883433,0.401185031902,0.249119171178,0.9693,0.9
A_saltelli,512,0.0157736978035,0.211297894936,0.432760834288,0.324512186206,0.988,0.95
A_saltelli,513,0.739964769762,0.580517548204,0.0585255867145,0.135348484241,0.9632,0.8833
A_saltelli,514,0.0270164681941,0.294589538782,0.788715760553,0.692260878305,0.9763,0.9056
A_saltelli,515,0.679158178912,0.467148057033,0.165665170734,0.901161526559,0.9713,0.8889
A_saltelli,516,0.858186463569,0.323820496915,0.566554632911,0.0964168242605,0.9667,0.9167
A_saltelli,517,0.428006735155,0.0497113415333,0.112783380645,0.101060273026,0.9918,0.9944
A_saltelli,518,0.565415083841,0.614711435259,0.424347037581,0.960396088945,0.9673,0.8778
A_saltelli,519,0.0872573683693,0.898208570555,0.873310388519,0.350907595707,0.9518,0.7944
A_saltelli,520,0.929428379497,0.144936426504,0.0670231691162,0.151032029055,0.9801,0.9833
A_saltelli,521,0.646930934896,0.39272002686,0.843332074072,0.526890828597,0.9506,0.8278
A_saltelli,522,0.944853540947,0.421561788484,0.228192462607,0.434930720241,0.9678,0.9056
A_saltelli,523,0.289965749451,0.418209774627,0.801868010194,0.877428503131,0.9655,0.8944
A_saltelli,524,0.897483120802,0.885359879505,0.704391644284,0.0706145245792,0.9365,0.7556
A_saltelli,525,0.20969156888,0.241531230788,0.853022746225,0.320998328698,0.9643,0.8944
A_saltelli,526,0.605482271213,0.937135198823,0.273615086579,0.767869623005,0.9582,0.8167
A_saltelli,527,0.533392016755,0.281718745013,0.381583599799,0.886414032536,0.9757,0.9278
A_saltelli,528,0.359567376181,0.537673109183,0.0135116099673,0.316904337665,0.9825,0.9389
A_saltelli,529,0.553382594848,0.165505434967,0.747429773936,0.143077526099,0.9675,0.9056
A_saltelli,530,0.301140413332,0.998799678838,0.819893680715,0.402204935348,0.9535,0.8222
A_saltelli,531,0.964648812584,0.888288656009,0.0413100214397,0.0142166563353,0.952,0.8056
A_saltelli,532,0.0329921437703,0.876027786865,0.0316952334515,0.00826766082848,0.9749,0.8556
A_saltelli,533,0.572843305823,0.749151335709,0.819520588092,0.989451698002,0.9404,0.7722
A_saltelli,534,0.494620984131,0.462454854214,0.311611403999,0.828270190097,0.9728,0.9222
A_saltelli,535,0.0823053327575,0.11449787911,0.169715350699,0.733793685987,0.988,0.9611
A_saltelli,536,0.794851030659,0.402602957783,0.248327421492,0.480102410077,0.9687,0.9111
A_saltelli,537,0.0587184858407,0.234558326695,0.138485250583,0.947747899124,0.9871,0.9444
A_saltelli,538,0.422160377666,0.956288092151,0.166006140558,0.376373455084,0.9687,0.8556
A_saltelli,539,0.511857978048,0.986047511655,0.15115930401,0.988547278202,0.9649,0.85
A_saltelli,540,0.867593114798,0.929339083481,0.28140328542,0.581455904076,0.9515,0.8056
A_saltelli,541,0.837894970392,0.734495608365,0.647157065939,0.417723200737,0.9447,0.7889
A_saltelli,542,0.267642192083,0.688495257972,0.46067293281,0.125210206977,0.9655,0.8722
A_saltelli,543,0.888397556641,0.0823835137212,0.450725158984,0.715670890057,0.9757,0.9667
A_saltelli,544,0.993610208675,0.666781362345,0.139449605264,0.878014336314,0.9582,0.8444
A_saltelli,545,0.390631525535,0.736815372004,0.920180760716,0.637598301003,0.9576,0.8333
A_saltelli,546,0.228166944872,0.122461678245,0.0464903021589,0.491241321128,0.9865,0.9833
A_saltelli,547,0.222028396204,0.845643285713,0.845673898565,0.0749325233553,0.9535,0.8222
A_saltelli,548,0.574868313303,0.0454376447273,0.180303578018,0.537472881825,0.9854,0.9833
A_saltelli,549,0.369787783861,0.249556804258,0.322625209233,0.302620135173,0.9807,0.9389
A_saltelli,550,0.361042512883,0.4927195677,0.995470080007,0.860166159569,0.9526,0.8278
A_saltelli,551,0.875463509272,0.0518309261254,0.829940429035,0.847188980778,0.9526,0.8833
A_saltelli,552,0.951385646222,0.899400903103,0.232444046528,0.01590746137,0.952,0.8056
A_saltelli,553,0.89451676,0.0833858525491,0.658024861759,0.228688120555,0.967,0.9333
A_saltelli,554,0.802755452583,0.429396892103,0.189222602122,0.231620088198,0.967,0.9
A_saltelli,555,0.161346896252,0.404987897614,0.175433759247,0.0195932805188,0.9807,0.95
A_saltelli,556,0.939527312856,0.492176979398,0.736612675731,0.327430695855,0.9459,0.8222
A_saltelli,557,0.161069969677,0.863751974335,0.432177953027,0.71846715693,0.9658,0.8667
A_saltelli,558,0.189988369168,0.378103809167,0.136315893386,0.333938493501,0.9816,0.9556
A_saltelli,559,0.870489720343,0.994187166057,0.303719801147,0.689944730008,0.9515,0.8056
A_saltelli,560,0.202612988444,0.370489679073,0.181950436376,0.670496759201,0.9816,0.9556
A_saltelli,561,0.30116636947,0.556882318002,0.236623450032,0.740136672077,0.9743,0.9111
A_saltelli,562,0.2360080585,0.305382978131,0.331207996853,0.686459946803,0.9804,0.9556
A_saltelli,563,0.317324460067,0.88196063986,0.110562664078,0.953510230629,0.9664,0.8667
A_saltelli,564,0.752266764615,0.876464408778,0.496706001411,0.902736181067,0.9477,0.7944
A_saltelli,565,0.905929848355,0.894146183427,0.862143957508,0.369861898824,0.9243,0.7111
A_saltelli,566,0.662436534986,0.753787040788,0.530419004315,0.100201983268,0.955,0.8111
A_saltelli,567,0.685744158439,0.98926979843,0.484732799983,0.195679685185,0.952,0.7889
A_saltelli,568,0.396788259544,0.322252051586,0.599312225046,0.418771807549,0.9687,0.8889
A_saltelli,569,0.403930037647,0.763154361064,0.687235039099,0.0989577027541,0.9611,0.8444
A_saltelli,570,0.181357548157,0.926680392913,0.622397880622,0.117783716729,0.9629,0.8556
A_saltelli,571,0.909550611583,0.813231482108,0.577487877473,0.480501812792,0.9465,0.7889
A_saltelli,572,0.347583051278,0.616193635482,0.482968111869,0.962364301698,0.9699,0.8944
A_saltelli,573,0.847182313624,0.385149474538,0.21656827734,0.343759661322,0.9687,0.9111
A_saltelli,574,0.717893015255,0.597328598783,0.213366391695,0.43909209402,0.9588,0.8667
A_saltelli,575,0.544995777138,0.402591635271,0.102546098636,0.2632085267,0.9772,0.9222
A_saltelli,576,0.430098649347,0.90589486077,0.685585250246,0.454269622757,0.9558,0.8111
A_saltelli,577,0.922059941974,0.778477449642,0.41634025497,0.115732823571,0.9503,0.8056
A_saltelli,578,0.120919953956,0.709749523818,0.368154243589,0.527587303894,0.9702,0.8667
A_saltelli,579,0.343966248019,0.824100118536,0.659205547098,0.945462142457,0.9629,0.8556
A_saltelli,580,0.773020695802,0.671377077948,0.968200741043,0.823814589313,0.9287,0.7389
A_saltelli,581,0.902973583613,0.94357133391,0.972960244872,0.39968002306,0.9243,0.7111
A_saltelli,582,0.779071277077,0.380252746148,0.092775329202,0.105182989732,0.9696,0.9167
A_saltelli,583,0.00169642536085,0.986001788452,0.917126561146,0.203802069999,0.9556,0.7889
A_saltelli,584,0.950712721891,0.462354800017,0.979988030687,0.0175253486545,0.9365,0.7889
A_saltelli,585,0.199935640563,0.0650465990043,0.751306257654,0.560354015061,0.9728,0.9333
A_saltelli,586,0.930166965991,0.399480245374,0.619800467961,0.585190660327,0.9585,0.8722
A_saltelli,587,0.188738921288,0.0310796374865,0.922550496458,0.450373772688,0.9655,0.9056
A_saltelli,588,0.381501953758,0.383163211039,0.125431817997,0.739172796499,0.9848,0.95
A_saltelli,589,0.454133124416,0.913932718054,0.954354936929,0.00469596297649,0.9512,0.7944
A_saltelli,590,0.265851483752,0.865500824942,0.202756915914,0.427461752305,0.9711,0.8889
A_saltelli,591,0.536232946954,0.654265068262,0.153860677435,0.556208126996,0.9719,0.8889
A_saltelli,592,0.00404825894828,0.487196040952,0.971038845974,0.756597456289,0.9664,0.8611
A_saltelli,593,0.545622688669,0.227675453008,0.969894180868,0.695961868906,0.9576,0.8611
A_saltelli,594,0.477012648272,0.585922852374,0.336158218983,0.624558185197,0.9757,0.9167
A_saltelli,595,0.195839417207,0.0630899008021,0.778263273204,0.783119932551,0.9728,0.9333
A_saltelli,596,0.514701266481,0.557296745725,0.40587517837,0.449050468294,0.9652,0.8667
A_saltelli,597,0.866699002025,0.0812268298636,0.0248213958416,0.0463647523706,0.9801,0.9833
A_saltelli,598,0.475144340944,0.739359972707,0.898208520786,0.435955174058,0.9599,0.85
A_saltelli,599,0.524976933734,0.223911275545,0.0616776976523,0.268893203645,0.9822,0.9556
A_saltelli,600,0.505356797843,0.220350167367,0.694631320808,0.701957954213,0.9702,0.9222
A_saltelli,601,0.552990982539,0.785549917052,0.12453752291,0.800571194568,0.9693,0.8722
A_saltelli,602,0.318242274923,0.955500000645,0.66922196411,0.600459139742,0.9556,0.8167
A_saltelli,603,0.606123207131,0.934912430285,0.0427185311233,0.442443456428,0.9626,0.8333
A_saltelli,604,0.769716421902,0.440457678439,0.871181518068,0.577979893208,0.9374,0.7944
A_saltelli,605,0.520313820866,0.926839489339,0.235434190885,0.592906800457,0.9658,0.8556
A_saltelli,606,0.336726708117,0.877840968343,0.960926634897,0.853167122474,0.9497,0.8056
A_saltelli,607,0.825126174005,0.495715664921,0.763755118691,0.219064625878,0.943,0.8111
A_saltelli,608,0.491221134997,0.982103960006,0.127052446789,0.249671075364,0.9702,0.8944
A_saltelli,609,0.0841345848573,0.77840219455,0.459600142196,0.830532285696,0.9678,0.8556
A_saltelli,610,0.976485090686,0.0075208995412,0.792492918184,0.304580543844,0.9556,0.8944
A_saltelli,611,0.685632791461,0.59956520816,0.83800650116,0.654351747456,0.9477,0.8056
A_saltelli,612,0.179264644664,0.240265765676,0.327348992558,0.298150819242,0.9819,0.9611
A_saltelli,613,0.28368689652,0.345796824837,0.197850091095,0.469044235734,0.9833,0.9667
A_saltelli,614,0.243353998268,0.0106122377505,0.401819346685,0.403544323322,0.9816,0.9667
A_saltelli,615,0.0403453101751,0.549207740422,0.914640560592,0.44813491823,0.9673,0.8556
A_saltelli,616,0.617390251872,0.694016188092,0.510225352797,0.442827813787,0.9561,0.8222
A_saltelli,617,0.561772735963,0.484807854604,0.865109250246,0.0362980254815,0.9541,0.8389
A_saltelli,618,0.454909804349,0.410296732071,0.784891725174,0.552738285257,0.9637,0.8667
A_saltelli,619,0.0818766753073,0.960944950658,0.824917167317,0.531971623693,0.9532,0.8
A_saltelli,620,0.349217107781,0.493485229921,0.963657354295,0.892557200172,0.9547,0.8389
A_saltelli,621,0.390424129726,0.873189576749,0.31669299505,0.4314233047,0.9684,0.8611
A_saltelli,622,0.538559968867,0.299652761368,0.6903141271,0.537372334353,0.9649,0.8889
A_saltelli,623,0.843518723922,0.740227819564,0.28299013592,0.161476164465,0.955,0.8278
A_saltelli,624,0.590269715752,0.161926596346,0.249642231169,0.366586207999,0.9813,0.9611
A_saltelli,625,0.455887291444,0.261047070143,0.991373850303,0.53631035164,0.9629,0.8722
A_saltelli,626,0.4745425238,0.586804196255,0.505072288269,0.976661480407,0.9728,0.9056
A_saltelli,627,0.178276503924,0.26627270417,0.813322965489,0.420347496639,0.9658,0.9
A_saltelli,628,0.128418458217,0.536634348711,0.0480782090259,0.0199686372899,0.9772,0.9278
A_saltelli,629,0.701757457495,0.432232398591,0.763568959788,0.16399253141,0.9444,0.8111
A_saltelli,630,0.136283236879,0.657976146351,0.262548249516,0.83637640234,0.9731,0.9056
A_saltelli,631,0.21926827517,0.939161471237,0.156176818077,0.841031788632,0.9702,0.8833
A_saltelli,632,0.510311876759,0.752239533556,0.961190864258,0.814366596709,0.9582,0.8611
A_saltelli,633,0.593194420357,0.825251794656,0.701824591799,0.242463844337,0.9421,0.7722
A_saltelli,634,0.691529093935,0.847437274262,0.670883413929,0.346448742077,0.9462,0.7778
A_saltelli,635,0.20721349361,0.797611236491,0.226220844548,0.317994727684,0.9711,0.8889
A_saltelli,636,0.306282122938,0.010552545723,0.514762914111,0.395939955476,0.9757,0.9389
A_saltelli,637,0.892929046515,0.417963729137,0.819145220512,0.734255980833,0.9412,0.8111
A_saltelli,638,0.997118052621,0.170673827092,0.856652396414,0.253503716936,0.948,0.8611
A_saltelli,639,0.309030424914,0.0876044605887,0.955414505023,0.916253901915,0.9617,0.8833
A_saltelli,640,0.209246240799,0.955634625906,0.100987331307,0.0642788194611,0.9684,0.8722
A_saltelli,641,0.884664675931,0.855405859162,0.590757488099,0.635162287478,0.9442,0.7778
A_saltelli,642,0.931816558178,0.942374171852,0.731504559051,0.251633788623,0.9336,0.7444
A_saltelli,643,0.0498408448231,0.111105391838,0.553377508268,0.243217428965,0.9839,0.9389
A_saltelli,644,0.979759337186,0.281502604366,0.670053800037,0.521402450406,0.962,0.9056
A_saltelli,645,0.876256405991,0.995579949892,0.512593563541,0.0136685327976,0.9456,0.7833
A_saltelli,646,0.351348023216,0.24074713336,0.515755948349,0.882131354055,0.9675,0.8944
A_saltelli,647,0.492680023394,0.501149054461,0.363946203611,0.0960967381996,0.9705,0.9111
A_saltelli,648,0.499924945457,0.791149721599,0.680794673761,0.0618263943423,0.9635,0.8778
A_saltelli,649,0.622582108892,0.256359728151,0.07808174097,0.829224011958,0.9836,0.9667
A_saltelli,650,0.260974903712,0.0742305104745,0.929262663222,0.431331136789,0.9655,0.9056
A_saltelli,651,0.431012584618,0.604985466272,0.32992898593,0.260549620842,0.9763,0.9111
A_saltelli,652,0.779499717878,0.694589918042,0.951524351235,0.517548540456,0.9278,0.7333
A_saltelli,653,0.00393917768386,0.515219717315,0.969666179814,0.565467207676,0.9664,0.8611
A_saltelli,654,0.590751303834,0.549792884806,0.222204600067,0.948098275997,0.9678,0.8722
A_saltelli,655,0.743908693289,0.729506550875,0.131763530826,0.213505802721,0.9591,0.8611
A_saltelli,656,0.184246221618,0.118242934131,0.520647865756,0.174880129593,0.9778,0.95
A_saltelli,657,0.672185725305,0.496465559795,0.700766589175,0.299609804567,0.95,0.8167
A_saltelli,658,0.408434039862,0.718697560196,0.579720179758,0.934275440586,0.9643,0.8611
A_saltelli,659,0.0799816545255,0.541283328787,0.259637851098,0.446919599308,0.976,0.9
A_saltelli,660,0.855046665171,0.866413352329,0.516838568522,0.0590738857695,0.9456,0.7833
A_saltelli,661,0.66591219931,0.731163825541,0.751792567353,0.833783807357,0.9439,0.7778
A_saltelli,662,0.589946056123,0.286730276209,0.282830243779,0.24261778323,0.9781,0.9444
A_saltelli,663,0.289589181075,0.267966839573,0.11756772964,0.54467917675,0.9842,0.9722
A_saltelli,664,0.619028852095,0.715125426833,0.283948218598,0.666334073548,0.9617,0.8389
A_saltelli,665,0.0812613973615,0.617833716531,0.504619818722,0.413361653534,0.9699,0.8722
A_saltelli,666,0.333882737819,0.223017136872,0.845026144885,0.870456454236,0.9649,0.8944
A_saltelli,667,0.512460785524,0.502140334405,0.529598685586,0.976300512609,0.9655,0.8722
A_saltelli,668,0.620241637956,0.0440926278929,0.840039912906,0.408669620425,0.9588,0.8833
A_saltelli,669,0.0567355190145,0.761343196261,0.42982233301,0.17471011628,0.9705,0.85
A_saltelli,670,0.0658403504096,0.041931798146,0.342159940673,0.688103180269,0.9816,0.9389
A_saltelli,671,0.823835324201,0.163527029008,0.219270207272,0.267755358282,0.9801,0.9833
A_saltelli,672,0.73467734229,0.667657160372,0.449064061698,0.613112880814,0.9482,0.8222
A_saltelli,673,0.220100958831,0.130264958148,0.675498991784,0.430533156992,0.9734,0.9333
A_saltelli,674,0.0285484708441,0.727612714714,0.277357823745,0.641567576978,0.9813,0.9
A_saltelli,675,0.354737367063,0.744865196357,0.446200388481,0.919318174505,0.9687,0.8833
A_saltelli,676,0.628834927403,0.159144784051,0.0167648350329,0.588926513038,0.9868,0.9833
A_saltelli,677,0.0848745481141,0.449965756725,0.181171462392,0.940564308265,0.9827,0.9278
A_saltelli,678,0.270262027097,0.438669373567,0.89685534774,0.208575712462,0.9626,0.8833
A_saltelli,679,0.466177605344,0.0475020136981,0.25574273763,0.902936126164,0.9845,0.9722
A_saltelli,680,0.330827242605,0.327424961624,0.847492246838,0.288021502558,0.964,0.8889
A_saltelli,681,0.483558306094,0.410735411707,0.333613725981,0.239344323755,0.9766,0.9222
A_saltelli,682,0.269724377285,0.444819949852,0.423883289741,0.727420597321,0.9757,0.9333
A_saltelli,683,0.286142244356,0.287770968115,0.29663877971,0.27781511738,0.9819,0.9611
A_saltelli,684,0.881412044513,0.0150089243469,0.847616904781,0.284535543105,0.9512,0.8778
A_saltelli,685,0.956187981025,0.0388704953297,0.691935548925,0.519609221321,0.9629,0.9222
A_saltelli,686,0.5235816852,0.958270015659,0.953006376915,0.922086481851,0.9444,0.7833
A_saltelli,687,0.21428318875,0.291096608835,0.899404662342,0.44224434804,0.9635,0.8889
A_saltelli,688,0.690795110251,0.505227740985,0.586451170389,0.677699506416,0.9596,0.8444
A_saltelli,689,0.822941854273,0.470789378383,0.0393372795385,0.217981635095,0.9661,0.8944
A_saltelli,690,0.824172107811,0.965990799464,0.577787141899,0.46397404866,0.9456,0.7833
A_saltelli,691,0.315111442596,0.593521802705,0.495246165469,0.416911342483,0.9678,0.8944
A_saltelli,692,0.0898196549731,0.294228773788,0.673382940286,0.364319771289,0.9693,0.8833
A_saltelli,693,0.728312019064,0.308808159995,0.844152106777,0.621404583853,0.943,0.8333
A_saltelli,694,0.155559358363,0.931976458843,0.379772306878,0.939925830811,0.9664,0.8667
A_saltelli,695,0.384051424146,0.99146673707,0.889953021408,0.528522949114,0.9497,0.7833
A_saltelli,696,0.823040320847,0.726745997856,0.680347468426,0.368841254478,0.9436,0.7889
A_saltelli,697,0.938412017433,0.781974082479,0.687691427704,0.744781416464,0.9398,0.7722
A_saltelli,698,0.261964380927,0.0945264405688,0.961499779851,0.319464307259,0.9632,0.8944
A_saltelli,699,0.220379702529,0.890371240716,0.651732816807,0.0807282418092,0.9608,0.85
A_saltelli,700,0.396911284873,0.0680381837179,0.939624101421,0.0972466511996,0.9699,0.9111
A_saltelli,701,0.280218785299,0.665520924079,0.587917582091,0.193441809184,0.964,0.8667
A_saltelli,702,0.392605448448,0.387086073047,0.616489541308,0.00911362047603,0.9687,0.8889
A_saltelli,703,0.478733794757,0.623475337613,0.701628955499,0.617398466005,0.9684,0.8889
A_saltelli,704,0.627573155403,0.331159161801,0.334663342536,0.777033428411,0.9743,0.9222
A_saltelli,705,0.310863674783,0.650844106787,0.597073518296,0.936676976512,0.9655,0.8778
A_saltelli,706,0.108031660363,0.600041880533,0.190553549015,0.637456929162,0.981,0.9167
A_saltelli,707,0.171862511441,0.56866526296,0.336757200853,0.185135592516,0.9749,0.9167
A_saltelli,708,0.698360931657,0.371435611761,0.586252446312,0.651161812087,0.9558,0.8611
A_saltelli,709,0.119644056441,0.860147231909,0.555446935482,0.416805200028,0.9617,0.8278
A_saltelli,710,0.022417553932,0.0644091782576,0.395351455741,0.593333587854,0.9898,0.9611
A_saltelli,711,0.676852960682,0.38200241298,0.434298184315,0.71032913936,0.9699,0.8944
A_saltelli,712,0.748988887465,0.874302527712,0.835956546155,0.313166729995,0.9278,0.7278
A_saltelli,713,0.619726805263,0.507303738724,0.465547911686,0.948490251766,0.9611,0.85
A_saltelli,714,0.935160013967,0.546543352869,0.798628691115,0.00825462593781,0.9401,0.8
A_saltelli,715,0.215883885933,0.839587742985,0.935503616728,0.802594372314,0.9482,0.8
A_saltelli,716,0.953159629271,0.897012092679,0.0242879028136,0.0616097713634,0.952,0.8056
A_saltelli,717,0.828524666402,0.976589983759,0.350686569637,0.388471397531,0.9515,0.8056
A_saltelli,718,0.643923910863,0.405664055696,0.678583241297,0.208718454376,0.9553,0.8389
A_saltelli,719,0.78793871542,0.875804974073,0.11832367904,0.858972095053,0.952,0.8056
A_saltelli,720,0.932562063855,0.742245941769,0.852695141351,0.334278413137,0.9292,0.7389
A_saltelli,721,0.944413446996,0.570438190066,0.225833324542,0.982566305079,0.9643,0.8833
A_saltelli,722,0.295530464625,0.187561286702,0.95955794781,0.245498515831,0.9632,0.8944
A_saltelli,723,0.392383681935,0.223222302276,0.610522058749,0.157111082339,0.9705,0.9
A_saltelli,724,0.468287947671,0.417699544923,0.076767707255,0.212600038703,0.9825,0.9444
A_saltelli,725,0.630661332506,0.879355899678,0.826334007926,0.0250575484304,0.9401,0.7611
A_saltelli,726,0.181659103765,0.400682201082,0.868056692414,0.376066781332,0.9617,0.8778
A_saltelli,727,0.441965803281,0.342048713529,0.188909899344,0.347449860363,0.9822,0.9444
A_saltelli,728,0.144166331941,0.296638355532,0.488303279416,0.957263714269,0.9766,0.9389
A_saltelli,729,0.555973464349,0.981917466361,0.629022347456,0.858960818839,0.9553,0.8167
A_saltelli,730,0.774795621017,0.691632961943,0.96853424357,0.834589242391,0.9278,0.7333
A_saltelli,731,0.420198654174,0.000211893288041,0.872596331057,0.287143366962,0.9699,0.9111
A_saltelli,732,0.932385602738,0.89997779692,0.912298573221,0.719135961241,0.9243,0.7111
A_saltelli,733,0.409545553221,0.504257570123,0.912366388163,0.977695825027,0.9611,0.8556
A_saltelli,734,0.800701239569,0.827147799235,0.473076173436,0.946792904218,0.9494,0.8
A_saltelli,735,0.818414668047,0.14553961624,0.98496459478,0.0449566884034,0.9465,0.8556
A_saltelli,736,0.439675114411,0.0388231327872,0.524599358778,0.134785943091,0.9757,0.9333
A_saltelli,737,0.805043046636,0.940887389625,0.239834810639,0.78515701864,0.952,0.8056
A_saltelli,738,0.121847186971,0.802662835929,0.0741073180473,0.776974504321,0.9778,0.8889
A_saltelli,739,0.69360250765,0.968387931517,0.536734610418,0.285006134347,0.9515,0.7889
A_saltelli,740,0.176753213662,0.300442683029,0.498739217329,0.378852785612,0.9751,0.9333
A_saltelli,741,0.443705970247,0.990060747446,0.987296720953,0.0848432240146,0.955,0.8167
A_saltelli,742,0.270891685195,0.369019824681,0.463106546437,0.264127400063,0.9751,0.9333
A_saltelli,743,0.371752961096,0.318489833473,0.856440367553,0.800768411053,0.9629,0.8667
A_saltelli,744,0.541833115834,0.604396415593,0.432883681046,0.201673302477,0.9673,0.8778
A_saltelli,745,0.787002565796,0.177840230984,0.0821707738043,0.606855991826,0.9792,0.9778
A_saltelli,746,0.547363841242,0.191264763062,0.191722021545,0.670140397453,0.9842,0.9667
A_saltelli,747,0.844876671836,0.410666623086,0.302207399672,0.484649491605,0.9664,0.9
A_saltelli,748,0.187469545204,0.447309882859,0.640657111036,0.368866419075,0.9719,0.9167
A_saltelli,749,0.21087135703,0.0422908525694,0.877026237431,0.255695340687,0.967,0.9111
A_saltelli,750,0.995268232603,0.618055205587,0.522603111396,0.533027262041,0.9544,0.8389
A_saltelli,751,0.282704687565,0.855684928389,0.656243293668,0.576030886478,0.9594,0.8444
A_saltelli,752,0.140683133923,0.134820634925,0.664081290464,0.130147830138,0.9749,0.9389
A_saltelli,753,0.320609333191,0.294042206845,0.9151568374,0.0594390193048,0.9611,0.8778
A_saltelli,754,0.5511025967,0.950049607304,0.517186173914,0.843533951589,0.9602,0.8333
A_saltelli,755,0.607055768028,0.546223418461,0.377169128206,0.285847793661,0.9623,0.85
A_saltelli,756,0.943847169062,0.547678022663,0.422511783237,0.504859743495,0.9599,0.8667
A_saltelli,757,0.778441260568,0.7085550053,0.388921768609,0.797538921777,0.9535,0.8222
A_saltelli,758,0.780119270658,0.558223816243,0.989252652384,0.34895681106,0.9342,0.7778
A_saltelli,759,0.0908866253446,0.618566918979,0.656639253498,0.967066888875,0.9655,0.8556
A_saltelli,760,0.71665459924,0.623288454793,0.195189780565,0.49120727314,0.9579,0.8611
A_saltelli,761,0.177815120205,0.351214588477,0.239200402046,0.742070090726,0.9825,0.9611
A_saltelli,762,0.935529772609,0.967659967951,0.284675311323,0.766083735806,0.9515,0.8056
A_saltelli,763,0.669987172883,0.693548936532,0.216891851301,0.725242376462,0.9661,0.8556
A_saltelli,764,0.210570484944,0.627444014155,0.474914783561,0.725935939499,0.9705,0.9
A_saltelli,765,0.350993291715,0.850458940983,0.26008613763,0.643202787137,0.9649,0.8556
A_saltelli,766,0.282709112206,0.441087483323,0.853823384157,0.349575754767,0.9626,0.8833
A_saltelli,767,0.840663341233,0.195620250828,0.187963737849,0.0885965274448,0.9792,0.9778
A_saltelli,768,0.219378611587,0.509125225144,0.000777663926455,0.311293231769,0.9807,0.9389
A_saltelli,769,0.3461606959,0.75423796698,0.44668534872,0.711161212649,0.9687,0.8833
A_saltelli,770,0.737479642488,0.499237447252,0.583179014628,0.57167036393,0.9439,0.8167
A_saltelli,771,0.0509240662702,0.460788360488,0.953333257699,0.564613403414,0.969,0.8667
A_saltelli,772,0.500837805049,0.0989889290071,0.156011932541,0.63692242003,0.9827,0.9778
A_saltelli,773,0.287165461933,0.552294920323,0.173882427296,0.902456115444,0.9763,0.9222
A_saltelli,774,0.8242265839,0.152204724176,0.219372454774,0.326949689097,0.9801,0.9833
A_saltelli,775,0.95092722869,0.210169019121,0.632494036284,0.894055367002,0.9675,0.9333
A_saltelli,776,0.907598322464,0.205305339077,0.895025924338,0.696587253587,0.9471,0.8556
A_saltelli,777,0.247794747864,0.69019027483,0.930005122129,0.12711230057,0.9523,0.8222
A_saltelli,778,0.179002401627,0.967690256853,0.926469903876,0.184773785279,0.948,0.7944
A_saltelli,779,0.791092072711,0.631359451437,0.813436989128,0.989308890604,0.936,0.7778
A_saltelli,780,0.406639893798,0.482188465311,0.97194633011,0.0858099543474,0.9611,0.8556
A_saltelli,781,0.571713197401,0.757709956997,0.273152520978,0.252506725858,0.964,0.85
A_saltelli,782,0.736824900881,0.801723093144,0.113291233702,0.771681782338,0.9588,0.8556
A_saltelli,783,0.811579739915,0.782024732121,0.633170359815,0.00138031122854,0.943,0.7778
A_saltelli,784,0.677320023334,0.483150696315,0.229435974569,0.0450683854185,0.9713,0.8889
A_saltelli,785,0.176865305338,0.38262411111,0.853265786247,0.383254676096,0.9626,0.8833
A_saltelli,786,0.613413916329,0.783474253682,0.525198315626,0.0385026905249,0.9535,0.8056
A_saltelli,787,0.278755531868,0.529987449956,0.762326375921,0.187386600616,0.9632,0.8722
A_saltelli,788,0.774649515734,0.853790632614,0.592530021626,0.441594700687,0.9442,0.7778
A_saltelli,789,0.74452018615,0.381838220199,0.0470614595257,0.448203631382,0.9702,0.9278
A_saltelli,790,0.279161340241,0.358061093682,0.00712378638539,0.884685258057,0.9854,0.9722
A_saltelli,791,0.556773715335,0.00918038642856,0.567085746063,0.838901272964,0.9789,0.9556
A_saltelli,792,0.210525079931,0.0839645064159,0.0497872259816,0.291227848615,0.9874,0.9889
A_saltelli,793,0.842046658121,0.194517563879,0.54497879365,0.0372159008021,0.9719,0.95
A_saltelli,794,0.900005130044,0.602742404832,0.474777358716,0.237726172355,0.9591,0.8611
A_saltelli,795,0.564092115991,0.205614903287,0.297578795238,0.185566160867,0.9798,0.95
A_saltelli,796,0.633100125047,0.559275534379,0.791869507699,0.299967436575,0.9477,0.8056
A_saltelli,797,0.794114353027,0.570789434633,0.0399255836933,0.832266250623,0.9643,0.8833
A_saltelli,798,0.549438532778,0.998654022876,0.300331367546,0.406237452813,0.9623,0.8389
A_saltelli,799,0.968311299644,0.586140731696,0.549174151443,0.970203156475,0.9561,0.85
A_saltelli,800,0.0350837144971,0.074980357647,0.371893724132,0.171489163876,0.9854,0.9444
A_saltelli,801,0.382122620467,0.90672793632,0.900044340053,0.163827482979,0.9515,0.7944
A_saltelli,802,0.868983706965,0.972579238491,0.113415875267,0.602024082738,0.952,0.8056
A_saltelli,803,0.992866966869,0.651854870933,0.906383463151,0.299601764916,0.9313,0.7556
A_saltelli,804,0.959915113589,0.0771152727604,0.121576257061,0.12351851299,0.9801,0.9833
A_saltelli,805,0.166920075392,0.592927918357,0.675787206967,0.666649751592,0.9646,0.8778
A_saltelli,806,0.740631208993,0.45312425075,0.975039278177,0.337062671476,0.9389,0.8111
A_saltelli,807,0.317137722653,0.576413977041,0.173641219866,0.751479383955,0.9751,0.9222
A_saltelli,808,0.787911709306,0.0153181339747,0.292620314195,0.630416866866,0.9804,0.9889
A_saltelli,809,0.033054941098,0.267789407637,0.158822211754,0.550992319677,0.9857,0.9389
A_saltelli,810,0.963739905416,0.807616323789,0.00372027344932,0.174026847832,0.9553,0.8222
A_saltelli,811,0.688145572299,0.316797335203,0.878040398191,0.664961998341,0.9503,0.8333
A_saltelli,812,0.282104000147,0.129557939264,0.740102660536,0.112736766245,0.9719,0.9278
A_saltelli,813,0.931232406316,0.230910239313,0.0638972992049,0.922598958482,0.9784,0.9722
A_saltelli,814,0.168949977951,0.134224175686,0.838880760707,0.969806759156,0.9675,0.9111
A_saltelli,815,0.446045703573,0.355799542641,0.217623213418,0.347432212901,0.9798,0.9333
A_saltelli,816,0.0293698820735,0.246419510117,0.891399367711,0.550086084479,0.9719,0.8889
A_saltelli,817,0.136730590341,0.169658303201,0.96390545884,0.267459186792,0.9617,0.8889
A_saltelli,818,0.245128420715,0.802237757438,0.0213654468277,0.643128656804,0.9716,0.8889
A_saltelli,819,0.385608404504,0.307195114416,0.27039935015,0.758594465995,0.9789,0.9278
A_saltelli,820,0.871730448235,0.441647875281,0.0467701575605,0.700839995463,0.967,0.9
A_saltelli,821,0.113251458964,0.561387235461,0.97967459603,0.272097237827,0.9558,0.8278
A_saltelli,822,0.678918509106,0.919106766965,0.94685227535,0.778936341767,0.9348,0.7389
A_saltelli,823,0.17236070997,0.509381021171,0.150862549289,0.427429318666,0.9772,0.9278
A_saltelli,824,0.150356999977,0.515483789337,0.793568403293,0.343656973119,0.9626,0.8722
A_saltelli,825,0.586224496291,0.911604609909,0.889990360954,0.578359718839,0.9357,0.75
A_saltelli,826,0.679812088227,0.322186096384,0.41218776085,0.780183662294,0.9749,0.9222
A_saltelli,827,0.88094835526,0.349746799351,0.349685295605,0.516301659974,0.969,0.9167
A_saltelli,828,0.0212038878936,0.00908143991743,0.263718389724,0.242652069471,0.9944,0.9833
A_saltelli,829,0.684718836157,0.43816769313,0.478670754616,0.179818980901,0.9643,0.8667
A_saltelli,830,0.664440551367,0.458389270734,0.542090528291,0.359820727361,0.962,0.8556
A_saltelli,831,0.123514906821,0.332063076695,0.195315752775,0.703437478306,0.9822,0.9278
A_saltelli,832,0.52614876014,0.490625464432,0.484334182933,0.764793527508,0.9655,0.8722
A_saltelli,833,0.7556369791,0.911257985435,0.817062363605,0.560221273103,0.9278,0.7278
A_saltelli,834,0.719077717588,0.087161826345,0.21169202801,0.86244851929,0.9754,0.9722
A_saltelli,835,0.276312391116,0.861037293009,0.627587854682,0.63517501455,0.9623,0.8556
A_saltelli,836,0.909942757629,0.734591927671,0.867735546042,0.861967864798,0.9278,0.7333
A_saltelli,837,0.137635484251,0.382903667107,0.46959465177,0.849830379718,0.9757,0.9333
A_saltelli,838,0.538333009771,0.0740837227565,0.253719475846,0.327603196674,0.9848,0.9778
A_saltelli,839,0.0473412259861,0.523359591741,0.269714183426,0.094685688212,0.9757,0.8833
A_saltelli,840,0.450249663276,0.951968422169,0.462828989225,0.337433972554,0.9652,0.8556
A_saltelli,841,0.209913150831,0.276152183718,0.382279975161,0.647726422343,0.9795,0.95
A_saltelli,842,0.0729050005129,0.928008507026,0.472478858749,0.736246503128,0.9661,0.8444
A_saltelli,843,0.440127459862,0.87385852767,0.79255062166,0.44825985641,0.9538,0.8056
A_saltelli,844,0.31200891592,0.0910534516873,0.505639274501,0.476953111805,0.9766,0.95
A_saltelli,845,0.707476290474,0.606580187648,0.266418441178,0.00994996856026,0.9623,0.8611
A_saltelli,846,0.201505776787,0.455406213279,0.00786401372623,0.435227871609,0.9819,0.95
A_saltelli,847,0.552411583218,0.777053269912,0.205809607655,0.93134576767,0.9693,0.8722
A_saltelli,848,0.353181018601,0.491432406998,0.717356210224,0.574053264724,0.9605,0.8611
A_saltelli,849,0.0592603999797,0.761874992246,0.644471775082,0.373337179939,0.9661,0.8333
A_saltelli,850,0.243247925068,0.982738740486,0.381454764777,0.127701255987,0.9658,0.8667
A_saltelli,851,0.600398611976,0.719060420807,0.187635305959,0.244607537727,0.9646,0.85
A_saltelli,852,0.144922999989,0.250225594626,0.97315122487,0.00982824075268,0.9599,0.8778
A_saltelli,853,0.350320014119,0.289150072098,0.95072852605,0.27130061214,0.9564,0.85
A_saltelli,854,0.069253372411,0.453403009467,0.750563108366,0.486585156792,0.9646,0.8611
A_saltelli,855,0.622326976903,0.447437253581,0.886019442382,0.509159993784,0.9453,0.8056
A_saltelli,856,0.0230808200066,0.196228760755,0.598041438312,0.0109043256752,0.9807,0.9222
A_saltelli,857,0.0554635340159,0.528834928477,0.902981264055,0.711963896775,0.9687,0.8611
A_saltelli,858,0.537202774786,0.941101417937,0.729747198882,0.612529002846,0.9535,0.8167
A_saltelli,859,0.563678668412,0.429629638494,0.382534260888,0.322011468462,0.9696,0.8889
A_saltelli,860,0.649263158727,0.576625343444,0.684904153513,0.715600253218,0.9503,0.8111
A_saltelli,861,0.376589953798,0.154505941515,0.34642727011,0.54782984087,0.9825,0.95
A_saltelli,862,0.527513299467,0.219543457106,0.397704471181,0.499553023271,0.9749,0.9278
A_saltelli,863,0.975335720376,0.154532634612,0.330917342842,0.866248354517,0.9787,0.9778
A_saltelli,864,0.194450262738,0.522012706157,0.549421208215,0.836962977991,0.9699,0.9
A_saltelli,865,0.91875372821,0.578040911218,0.486971111728,0.914401597654,0.9591,0.8611
A_saltelli,866,0.154934226791,0.392137561335,0.609010869696,0.358257988832,0.9734,0.9222
A_saltelli,867,0.572683016042,0.139729161507,0.980890760893,0.131249325084,0.9462,0.8278
A_saltelli,868,0.749699245955,0.0636618225783,0.838588977487,0.134794576801,0.9532,0.8889
A_saltelli,869,0.556995358662,0.396375959712,0.545023473382,0.327837199334,0.9693,0.8944
A_saltelli,870,0.936474688634,0.677876604542,0.0547555617446,0.00218968372677,0.9573,0.8389
A_saltelli,871,0.627303095504,0.478105016376,0.944701801334,0.571898501985,0.943,0.7944
A_saltelli,872,0.439872772198,0.0917062010418,0.706726909341,0.296303541778,0.9734,0.9222
A_saltelli,873,0.964829945906,0.85254786328,0.833343510161,0.173084476288,0.9272,0.7222
A_saltelli,874,0.560453869033,0.179300069175,0.712981744796,0.35471192266,0.9667,0.9
A_saltelli,875,0.784405094541,0.0416095246109,0.157135521916,0.901925479792,0.9819,0.9944
A_saltelli,876,0.587601203644,0.396434432155,0.018415065338,0.232204978143,0.9784,0.9278
A_saltelli,877,0.314014524001,0.496142575658,0.644903726355,0.13731752598,0.9696,0.9056
A_saltelli,878,0.76491701861,0.00501518038714,0.895479526402,0.422331846568,0.9497,0.8722
A_saltelli,879,0.712609311477,0.677980709106,0.348768968705,0.730511961007,0.9596,0.8444
A_saltelli,880,0.88512889661,0.879860984263,0.78170514643,0.330747434515,0.9307,0.7333
A_saltelli,881,0.745436535321,0.466156456875,0.726567233428,0.0579209452347,0.9465,0.8278
A_saltelli,882,0.599680039583,0.285864127877,0.535800996955,0.745914625552,0.9719,0.9222
A_saltelli,883,0.21812257869,0.289889078222,0.747139029967,0.388984489085,0.9702,0.9167
A_saltelli,884,0.626409902993,0.32822692302,0.699073958467,0.636232565156,0.9547,0.85
A_saltelli,885,0.506949778883,0.345709814092,0.36022622239,0.760095658682,0.9743,0.9333
A_saltelli,886,0.790593911467,0.311360049085,0.339732920172,0.336794801053,0.9725,0.9389
A_saltelli,887,0.7127858315,0.968803213226,0.127463718826,0.782374836456,0.9614,0.8444
A_saltelli,888,0.204559245126,0.779125853452,0.659605382922,0.463511184191,0.9608,0.85
A_saltelli,889,0.87990208316,0.253790907207,0.525333574546,0.169154921079,0.9702,0.9389
A_saltelli,890,0.404624827904,0.445770168698,0.653392187788,0.684387401977,0.9678,0.8833
A_saltelli,891,0.117454282709,0.0685771071545,0.34491080316,0.230400708198,0.9807,0.9333
A_saltelli,892,0.267845340489,0.63487710339,0.728889723515,0.667751521035,0.9623,0.8667
A_saltelli,893,0.758939284284,0.491061481122,0.526625507781,0.0908167309552,0.957,0.8611
A_saltelli,894,0.798646647072,0.380979981272,0.1627370184,0.0702156977147,0.9696,0.9167
A_saltelli,895,0.124811357309,0.316700339281,0.937850767267,0.968037143136,0.9632,0.8611
A_saltelli,896,0.94863652678,0.311160350958,0.205559515301,0.147379984514,0.974,0.9444
A_saltelli,897,0.215918542694,0.581162170084,0.496006322576,0.267059382932,0.969,0.8944
A_saltelli,898,0.823189643776,0.507892366084,0.868741130381,0.875107841332,0.9357,0.7833
A_saltelli,899,0.545326533294,0.397205200226,0.952196536467,0.426529026672,0.9567,0.8556
A_saltelli,900,0.363242681906,0.260378060655,0.492329031906,0.590559689063,0.9728,0.9111
A_saltelli,901,0.666591903251,0.386179890557,0.0787008689868,0.796946180716,0.9763,0.9167
A_saltelli,902,0.513384409478,0.0129358209865,0.704962211801,0.759715251898,0.9708,0.9278
A_saltelli,903,0.489193882481,0.279387073894,0.386839006398,0.933541273337,0.974,0.9333
A_saltelli,904,0.519802958942,0.502831112484,0.959856978136,0.326873134654,0.9506,0.8222
A_saltelli,905,0.192668242886,0.718872084382,0.542196737983,0.249463840564,0.9664,0.8778
A_saltelli,906,0.964074047359,0.720887830092,0.0685395210875,0.62776590249,0.9564,0.8333
A_saltelli,907,0.0861309840441,0.167009787414,0.479216200844,0.867741932507,0.9784,0.9222
A_saltelli,908,0.0815253472588,0.0937693748478,0.737502432639,0.11932190299,0.969,0.8889
A_saltelli,909,0.438497216785,0.818978154414,0.208065236283,0.513171690481,0.9725,0.8833
A_saltelli,910,0.0773195772901,0.291841211868,0.201962708899,0.292999837647,0.9839,0.9389
A_saltelli,911,0.373050631333,0.185192407859,0.791339641758,0.616903383594,0.9678,0.8944
A_saltelli,912,0.0904736377915,0.672753526336,0.175471034016,0.140817678283,0.9775,0.8944
A_saltelli,913,0.842946147484,0.662814628131,0.11510964072,0.970528613479,0.9582,0.8444
A_saltelli,914,0.213576869451,0.067303665619,0.534916665158,0.1852563815,0.9787,0.9556
A_saltelli,915,0.451800941534,0.319632113208,0.871427160189,0.289782683288,0.9617,0.8611
A_saltelli,916,0.490520664554,0.826988755544,0.712213249831,0.730733814148,0.9605,0.8667
A_saltelli,917,0.423074463436,0.374745548308,0.657129281024,0.700614704239,0.9687,0.8889
A_saltelli,918,0.257810333294,0.650261984347,0.0395503223901,0.0867984969704,0.9751,0.9111
A_saltelli,919,0.358955767051,0.0417398398292,0.107233765294,0.482395885728,0.9898,0.9889
A_saltelli,920,0.615414231517,0.229415362477,0.0298561185398,0.32396087883,0.9845,0.9722
A_saltelli,921,0.10870425708,0.843083370159,0.684273084673,0.128547150499,0.9588,0.8167
A_saltelli,922,0.444378853258,0.248286880916,0.269163694968,0.723886031237,0.9819,0.95
A_saltelli,923,0.821195365301,0.817042082181,0.765203886836,0.489153707944,0.9316,0.7389
A_saltelli,924,0.773562750667,0.73813289435,0.938852151227,0.261079075785,0.9278,0.7333
A_saltelli,925,0.849368726104,0.666628763573,0.532819840152,0.612956413496,0.9509,0.8167
A_saltelli,926,0.00691163317178,0.0930411122798,0.810314146908,0.276964651591,0.9766,0.9111
A_saltelli,927,0.758962165855,0.0651819230764,0.933990784868,0.0935695007466,0.9503,0.8778
A_saltelli,928,0.520876557129,0.721575154139,0.904135866943,0.933297244043,0.9471,0.8
A_saltelli,929,0.883131240823,0.52320808652,0.755823223694,0.206364656421,0.9436,0.8111
A_saltelli,930,0.634021385792,0.75744445504,0.310176538154,0.506303518949,0.9594,0.8278
A_saltelli,931,0.927509508049,0.909885003296,0.500987837817,0.94555464006,0.9485,0.7944
A_saltelli,932,0.782652834663,0.808192429089,0.833780765673,0.947578642898,0.9289,0.7333
A_saltelli,933,0.81034519041,0.23627034226,0.944674934977,0.302456053329,0.9462,0.85
A_saltelli,934,0.138409072537,0.450871959302,0.231643380939,0.503900295028,0.9798,0.9444
A_saltelli,935,0.312980767025,0.161320990199,0.278803094956,0.685237037974,0.9801,0.9611
A_saltelli,936,0.618679834493,0.89222436941,0.374726468233,0.462751258064,0.9553,0.8056
A_saltelli,937,0.176436586333,0.722904292507,0.78654798058,0.803440130672,0.9588,0.8444
A_saltelli,938,0.51742635537,0.571696949319,0.159543608445,0.178283408267,0.9711,0.8889
A_saltelli,939,0.708755443658,0.0728790222583,0.838971252014,0.19157064466,0.952,0.8667
A_saltelli,940,0.374035833634,0.384925602138,0.591094232459,0.0245030081087,0.9687,0.8889
A_saltelli,941,0.407306712176,0.919578468176,0.367850354492,0.252528056433,0.9675,0.8556
A_saltelli,942,0.272248341636,0.321290524497,0.476292297616,0.102722371053,0.976,0.9389
A_saltelli,943,0.992533176371,0.017853130864,0.517721855343,0.424428399714,0.9746,0.9667
A_saltelli,944,0.699175787542,0.707185081329,0.447000272514,0.360322696385,0.9547,0.8278
A_saltelli,945,0.990108862507,0.998522223491,0.620313485693,0.737298635624,0.9427,0.7722
A_saltelli,946,0.997690298694,0.719751583752,0.0108810455007,0.828433289583,0.9564,0.8333
A_saltelli,947,0.208925013545,0.949257607924,0.0986120563616,0.512003061987,0.9693,0.8778
A_saltelli,948,0.337531681244,0.859510420343,0.675667782277,0.825079317772,0.962,0.85
A_saltelli,949,0.08832551872,0.344650450565,0.988150145058,0.853114852856,0.9561,0.8333
A_saltelli,950,0.279821780273,0.574435765554,0.032031316333,0.416434963071,0.9769,0.9222
A_saltelli,951,0.0587484550503,0.66029069233,0.581691846826,0.554716914448,0.9693,0.85
A_saltelli,952,0.895421793163,0.458838432364,0.279603728198,0.732574617016,0.9646,0.8889
A_saltelli,953,0.241835635523,0.962399249032,0.0363572214174,0.235178218289,0.9708,0.8833
A_saltelli,954,0.590247106656,0.456640260355,0.443993400524,0.71142708914,0.9658,0.8778
A_saltelli,955,0.0961122424735,0.619203629375,0.0877742846856,0.52784016577,0.983,0.9222
A_saltelli,956,0.100888581069,0.835089119438,0.421618872489,0.325939920776,0.967,0.85
A_saltelli,957,0.644322203089,0.843473957874,0.610997861109,0.420498662965,0.9497,0.7889
A_saltelli,958,0.791491877444,0.877115388603,0.749692965192,0.337261130303,0.9336,0.7444
A_saltelli,959,0.630806344393,0.704140804062,0.00765076407314,0.849244681762,0.9675,0.8611
A_saltelli,960,0.706632807997,0.999876174998,0.267655398428,0.669399463082,0.957,0.8278
A_saltelli,961,0.899815278073,0.947367069711,0.0101017288368,0.373385082193,0.952,0.8056
A_saltelli,962,0.071396449289,0.671644753405,0.500180531415,0.697433428475,0.9696,0.8667
A_saltelli,963,0.198509855557,0.687116419275,0.445275977334,0.0661327512335,0.9678,0.8833
A_saltelli,964,0.425359455838,0.596399201377,0.672640874394,0.856467719033,0.9661,0.8722
A_saltelli,965,0.0416701157085,0.107870203894,0.534835533978,0.256811612532,0.9839,0.9389
A_saltelli,966,0.770681564213,0.902528640436,0.287488177462,0.950051264558,0.9515,0.8056
A_saltelli,967,0.0268660250793,0.637880838164,0.703774893095,0.904154814902,0.9731,0.8778
A_saltelli,968,0.541791546758,0.23110227925,0.501452598026,0.67829058172,0.9751,0.9278
A_saltelli,969,0.708918480508,0.25670779268,0.315233308969,0.155523896131,0.9754,0.9444
A_saltelli,970,0.32877981719,0.50147780174,0.998215960972,0.957409853423,0.9585,0.8611
A_saltelli,971,0.630272512045,0.840576706114,0.661808707882,0.512420036262,0.9471,0.7833
A_saltelli,972,0.320003486036,0.650171994296,0.966607124934,0.750961555081,0.9561,0.85
A_saltelli,973,0.167893695392,0.853484486904,0.861321429251,0.284129260059,0.9512,0.8111
A_saltelli,974,0.587336084923,0.143713413178,0.39128178516,0.322892038715,0.9769,0.9444
A_saltelli,975,0.0621108204126,0.654010421755,0.640488980217,0.502789664096,0.9626,0.8389
A_saltelli,976,0.730757864877,0.516144618086,0.439285473588,0.828504136763,0.9526,0.85
A_saltelli,977,0.397195817237,0.761611109395,0.651865501279,0.213377026076,0.9635,0.8556
A_saltelli,978,0.329307951236,0.452228965636,0.584020214892,0.432143070544,0.9725,0.9167
A_saltelli,979,0.506258215788,0.439362695315,0.504642864178,0.86901290345,0.9711,0.9167
A_saltelli,980,0.122969133348,0.668833667123,0.439474057761,0.994931684246,0.9696,0.8667
A_saltelli,981,0.281926547461,0.412435561506,0.931216073174,0.44138510291,0.9611,0.8778
A_saltelli,982,0.329401388512,0.427716802905,0.88227790791,0.93471719011,0.9594,0.8667
A_saltelli,983,0.300945366636,0.125223429574,0.173293372093,0.431637713014,0.9851,0.9778
A_saltelli,984,0.361096265153,0.899566844337,0.40093900711,0.949818621541,0.9649,0.85
A_saltelli,985,0.203936242621,0.674678240737,0.564039786088,0.247901273862,0.9664,0.8778
A_saltelli,986,0.437518975943,0.706453763026,0.792052385632,0.518784324906,0.9608,0.85
A_saltelli,987,0.364052121775,0.0954775159958,0.658101176436,0.761839963994,0.9719,0.9167
A_saltelli,988,0.0576167886032,0.905620100977,0.27464096656,0.768676227125,0.967,0.8278
A_saltelli,989,0.490486531604,0.449514817983,0.382240584345,0.905182817045,0.9713,0.9167
A_saltelli,990,0.138793898978,0.682895562308,0.904562262989,0.0452059048309,0.9547,0.8333
A_saltelli,991,0.375212496652,0.0044376886074,0.615088213577,0.692061762702,0.9757,0.9333
A_saltelli,992,0.774149967547,0.541148417346,0.363002452542,0.601395243689,0.9629,0.8778
A_saltelli,993,0.475827459755,0.579115293601,0.0381018859263,0.618656920771,0.983,0.9444
A_saltelli,994,0.725364952525,0.42220300239,0.152211592597,0.24132303507,0.9673,0.9167
A_saltelli,995,0.0189693512416,0.409102477932,0.174841669396,0.642232692503,0.993,0.9667
A_saltelli,996,0.82399878922,0.560618474751,0.475507250008,0.503163155707,0.9599,0.8667
A_saltelli,997,0.256997440579,0.676130570633,0.870357462075,0.784413345073,0.9538,0.8278
A_saltelli,998,0.678185618076,0.278487991122,0.67354476936,0.859854160711,0.9623,0.8833
A_saltelli,999,0.244088701327,0.22180028316,0.787390523601,0.661412169152,0.9711,0.9222
A_saltelli,1000,0.117786735318,0.319019155298,0.360777068036,0.00693678728979,0.9772,0.9111
A_saltelli,1001,0.959540684026,0.403552456213,0.660987444903,0.237481796141,0.9556,0.8611
A_saltelli,1002,0.335326264498,0.837227745929,0.676991669464,0.680252471916,0.9629,0.8556
A_saltelli,1003,0.560772629112,0.855969529522,0.0166084087809,0.864317639711,0.9705,0.8722
A_saltelli,1004,0.83783256277,0.82402635853,0.0717284545473,0.685831473882,0.9529,0.8111
A_saltelli,1005,0.934602667329,0.188910788125,0.649381884208,0.106930435058,0.9675,0.9333
A_saltelli,1006,0.0706249759854,0.137158762326,0.972594246079,0.952842072916,0.9602,0.8556
A_saltelli,1007,0.0126649506625,0.207844585685,0.438874719731,0.245072015504,0.9865,0.9444
A_saltelli,1008,0.226628018046,0.0794066694623,0.39397984,0.607951800882,0.9816,0.9667
A_saltelli,1009,0.556327421301,0.157064605524,0.576418378108,0.701461298453,0.9749,0.9333
A_saltelli,1010,0.405367710881,0.844317881603,0.936114531208,0.212852185438,0.9541,0.8111
A_saltelli,1011,0.519818716817,0.11351200764,0.745895478882,0.36521483763,0.9681,0.9111
A_saltelli,1012,0.611140752644,0.162216109917,0.225528864178,0.343494335441,0.9839,0.9722
A_saltelli,1013,0.836575754245,0.765315627801,0.0600373740281,0.745251022281,0.9547,0.8222
A_saltelli,1014,0.165229987487,0.829593167223,0.148286910604,0.183590514377,0.9702,0.8833
A_saltelli,1015,0.626459310968,0.159544324888,0.270487097255,0.338431312809,0.981,0.9611
A_saltelli,1016,0.524568726567,0.629417328851,0.254555123916,0.211422322859,0.9673,0.8722
A_saltelli,1017,0.800397257895,0.946832900396,0.712477797387,0.949619318847,0.9351,0.75
A_saltelli,1018,0.358460309957,0.359351302527,0.150696515527,0.218250185296,0.9822,0.9444
A_saltelli,1019,0.754152452854,0.727323705514,0.0630992550265,0.88623785001,0.9556,0.8333
A_saltelli,1020,0.972284998506,0.843788312209,0.639391574394,0.00640974962132,0.9421,0.7722
A_saltelli,1021,0.124140946095,0.0808238210971,0.107740332875,0.466458399206,0.9895,0.9722
A_saltelli,1022,0.0386679730544,0.200654421209,0.102547287315,0.663527716161,0.9895,0.9556
A_saltelli,1023,0.375461331364,0.837251582362,0.264847663575,0.781337743234,0.9711,0.8778
B_saltelli,0,0.207261168704,0.137708409518,0.627618178668,0.282663452486,0.9778,0.95
B_saltelli,1,0.740090866192,0.612538966979,0.0859075023982,0.917370399138,0.9623,0.8778
B_saltelli,2,0.960668976434,0.340614148998,0.670561977481,0.239835254031,0.9576,0.8778
B_saltelli,3,0.332395611987,0.922144088277,0.425037824883,0.286503046707,0.9617,0.8444
B_saltelli,4,0.78234940106,0.966335450306,0.255935117693,0.334253352866,0.952,0.8056
B_saltelli,5,0.139033656818,0.886105407592,0.335146308601,0.963593020638,0.9687,0.8778
B_saltelli,6,0.8077318571,0.751403745567,0.383541026721,0.685723096209,0.9526,0.8167
B_saltelli,7,0.0390563788396,0.228554764791,0.965626707807,0.498717009931,0.9725,0.8889
B_saltelli,8,0.0628432761128,0.573573820185,0.285031333202,0.661513760238,0.974,0.8889
B_saltelli,9,0.838677046521,0.871047730474,0.0914065712081,0.961478023422,0.952,0.8056
B_saltelli,10,0.782357640872,0.0295454655327,0.616636519116,0.22622176178,0.9716,0.9556
B_saltelli,11,0.547389483164,0.101940581374,0.818518047493,0.872459966747,0.964,0.8944
B_saltelli,12,0.388411028129,0.23001287687,0.809331372776,0.605193116972,0.9646,0.8778
B_saltelli,13,0.848662270667,0.491303124253,0.059490723463,0.321105109326,0.9652,0.8889
B_saltelli,14,0.37442687614,0.403778192952,0.0688685882435,0.446931341399,0.9839,0.9444
B_saltelli,15,0.827276985053,0.114173274766,0.858221072616,0.432031219952,0.948,0.8611
B_saltelli,16,0.422132234693,0.566768531693,0.904078287154,0.11507135473,0.9602,0.85
B_saltelli,17,0.976990721362,0.263848225379,0.0974820426421,0.208438827094,0.9775,0.9667
B_saltelli,18,0.134930858233,0.64130934309,0.892815870226,0.0377916933597,0.9573,0.85
B_saltelli,19,0.86716818762,0.538485100066,0.327199579078,0.0505176051259,0.9629,0.8778
B_saltelli,20,0.637705319915,0.414617498827,0.341158148766,0.165739996738,0.9702,0.8889
B_saltelli,21,0.607981409941,0.0123673801284,0.781407596346,0.0395699907561,0.9617,0.8944
B_saltelli,22,0.835127818805,0.931069641354,0.0103758462082,0.725545039766,0.952,0.8056
B_saltelli,23,0.325783858942,0.446221781429,0.52821010238,0.0325893071019,0.9725,0.9167
B_saltelli,24,0.942332303257,0.223307649182,0.99772363278,0.0970445136039,0.9447,0.8444
B_saltelli,25,0.482700662692,0.0383192003245,0.942030778812,0.754828148228,0.9713,0.9222
B_saltelli,26,0.139087365719,0.714987700833,0.466584323841,0.848533120494,0.9678,0.8833
B_saltelli,27,0.76468290663,0.868462823351,0.27443712784,0.279535067054,0.9515,0.8056
B_saltelli,28,0.302709834035,0.423592287875,0.151822155652,0.333582312066,0.9792,0.9389
B_saltelli,29,0.217537846026,0.334786448032,0.778825307994,0.996979982172,0.9702,0.9167
B_saltelli,30,0.475563924395,0.0848306028949,0.852418082845,0.563655266744,0.9705,0.9167
B_saltelli,31,0.29502797656,0.424592533534,0.408383825098,0.0453385960781,0.9781,0.9444
B_saltelli,32,0.469785820403,0.149776545324,0.454277708144,0.491079614571,0.9781,0.9389
B_saltelli,33,0.018845283463,0.0861178579024,0.837639418917,0.748343055074,0.9751,0.9056
B_saltelli,34,0.476048807653,0.81024075863,0.448729118948,0.614119773695,0.9684,0.8778
B_saltelli,35,0.93720097379,0.71047895414,0.373322958469,0.626388226691,0.9535,0.8222
B_saltelli,36,0.765577819364,0.90513744348,0.0596301515964,0.409498728747,0.952,0.8056
B_saltelli,37,0.85089817903,0.0954070810597,0.980484308567,0.6839404674,0.948,0.8611
B_saltelli,38,0.988168619679,0.864934806721,0.504325309801,0.376453551538,0.9485,0.7944
B_saltelli,39,0.951865975641,0.411841959996,0.271661435657,0.140585579474,0.9664,0.9
B_saltelli,40,0.612308124866,0.856270536247,0.914940884844,0.654406020928,0.9357,0.7444
B_saltelli,41,0.671565163369,0.684067789059,0.845725028731,0.667536096186,0.9436,0.7833
B_saltelli,42,0.562718773559,0.464861209905,0.441670907737,0.156638009084,0.9681,0.8833
B_saltelli,43,0.263357355639,0.860106152502,0.909237372301,0.756321699611,0.952,0.8167
B_saltelli,44,0.118994108147,0.651263825783,0.030659894009,0.084104236733,0.9833,0.9167
B_saltelli,45,0.925220783737,0.767693045668,0.0887379277582,0.840147520719,0.9547,0.8222
B_saltelli,46,0.934540920672,0.54911315716,0.556470889518,0.325700232071,0.957,0.8556
B_saltelli,47,0.583208950713,0.499162431464,0.899909860257,0.47487990363,0.9427,0.7944
B_saltelli,48,0.878031605107,0.695826343353,0.59865660004,0.591088467964,0.9477,0.8
B_saltelli,49,0.00784106989097,0.641941640003,0.971574927265,0.0672778218218,0.9629,0.8389
B_saltelli,50,0.728150760178,0.18643491746,0.738468810924,0.678933112325,0.9503,0.8722
B_saltelli,51,0.106749702273,0.714296205094,0.538018296351,0.73592829261,0.9643,0.8444
B_saltelli,52,0.668603647396,0.146196385803,0.86905184387,0.127819458725,0.9538,0.8556
B_saltelli,53,0.658364291173,0.810731212608,0.756706122499,0.941115253209,0.9421,0.7667
B_saltelli,54,0.309409908884,0.975006939901,0.361913759914,0.38910706605,0.9637,0.8556
B_saltelli,55,0.719742172349,0.284696382806,0.180749072593,0.222331475976,0.9702,0.9389
B_saltelli,56,0.866997902042,0.79592189799,0.93719928478,0.352512726857,0.926,0.7222
B_saltelli,57,0.362405694615,0.22501119221,0.163868983387,0.410008630119,0.9816,0.9444
B_saltelli,58,0.0305447169207,0.17986540777,0.973016045254,0.229339697137,0.9789,0.9167
B_saltelli,59,0.489918469276,0.895064912739,0.778783907183,0.764576229315,0.9588,0.8556
B_saltelli,60,0.306343418084,0.085602248472,0.301935576466,0.94845852248,0.9792,0.95
B_saltelli,61,0.865703500228,0.726935344315,0.826257020074,0.0747816661849,0.9307,0.7444
B_saltelli,62,0.316732160627,0.207103862965,0.957119300723,0.853981201292,0.9632,0.8944
B_saltelli,63,0.0544626672783,0.0554635056742,0.93348927924,0.382842685842,0.9751,0.9056
B_saltelli,64,0.204913223934,0.786348646462,0.315491917351,0.49470973315,0.9696,0.8833
B_saltelli,65,0.560869879032,0.753752035166,0.148024492117,0.149097818594,0.9693,0.8722
B_saltelli,66,0.736849253795,0.360420671878,0.638263728348,0.821154425105,0.9509,0.8611
B_saltelli,67,0.683485115173,0.461436410301,0.417314055386,0.982461030111,0.967,0.8722
B_saltelli,68,0.140021074707,0.306417064402,0.259694259269,0.105488871813,0.981,0.9556
B_saltelli,69,0.359657807523,0.274905615569,0.108407897413,0.982428464207,0.9836,0.95
B_saltelli,70,0.358888983098,0.0779745395323,0.885390676913,0.466172774966,0.9635,0.8889
B_saltelli,71,0.685619238077,0.675683116042,0.311251246605,0.673276692928,0.9632,0.8444
B_saltelli,72,0.270286231847,0.997536335233,0.957523767306,0.826082283463,0.9482,0.8
B_saltelli,73,0.972941972837,0.37216698718,0.831548164394,0.153849797912,0.943,0.8222
B_saltelli,74,0.855242803019,0.67193937516,0.348238946641,0.489759949575,0.9558,0.8333
B_saltelli,75,0.00753770751842,0.815525592957,0.646083932935,0.947081279641,0.9684,0.8444
B_saltelli,76,0.472406089102,0.355544568369,0.0460276386462,0.0544126359864,0.9848,0.9556
B_saltelli,77,0.937293533431,0.81876987478,0.702724239815,0.0998605925827,0.9374,0.7611
B_saltelli,78,0.713169247595,0.126444847626,0.8250270976,0.238378467803,0.9512,0.8611
B_saltelli,79,0.537757280299,0.793447851903,0.121457585795,0.079777578036,0.9693,0.8722
B_saltelli,80,0.362814289942,0.0890210040517,0.691099880759,0.453464272356,0.9713,0.9167
B_saltelli,81,0.485845965527,0.932071714385,0.603827595977,0.905992827159,0.9588,0.8278
B_saltelli,82,0.197163573857,0.694090404494,0.204277810519,0.620155862928,0.9737,0.9056
B_saltelli,83,0.542035564529,0.54687664206,0.469572067497,0.146421530243,0.9673,0.8778
B_saltelli,84,0.822246804866,0.653544221905,0.764064464905,0.0337657713665,0.9377,0.7778
B_saltelli,85,0.199152143441,0.929887520186,0.619730597514,0.100628650914,0.9629,0.8556
B_saltelli,86,0.879996786839,0.938262847261,0.67697528801,0.480406419104,0.9401,0.7667
B_saltelli,87,0.334319329645,0.0773647444166,0.361136220039,0.99761466984,0.9801,0.9611
B_saltelli,88,0.615134313593,0.329763294609,0.44633015087,0.549572522974,0.9722,0.9167
B_saltelli,89,0.16810498483,0.98142136133,0.343934518502,0.927794646574,0.967,0.8667
B_saltelli,90,0.432761292811,0.370706023444,0.50551690982,0.555721333857,0.9731,0.9056
B_saltelli,91,0.0575785242257,0.765897529492,0.950250885779,0.55995311298,0.9611,0.8167
B_saltelli,92,0.0692552551956,0.058403246247,0.820454181884,0.0128829128805,0.9646,0.8722
B_saltelli,93,0.460053926772,0.851240144242,0.44396933254,0.272572744069,0.9626,0.8444
B_saltelli,94,0.5231330794,0.614432102415,0.272311866992,0.894973168567,0.9667,0.8722
B_saltelli,95,0.0641215984808,0.111307517566,0.576033845504,0.455044992192,0.9749,0.9111
B_saltelli,96,0.809249768001,0.212365481451,0.661679771811,0.394468988046,0.9652,0.9222
B_saltelli,97,0.26615877,0.584131463811,0.844631183036,0.656313944492,0.9588,0.8556
B_saltelli,98,0.157316955823,0.886655577745,0.654003470551,0.813192925334,0.9599,0.8444
B_saltelli,99,0.300516466968,0.549668386043,0.00187412950858,0.696920549857,0.9816,0.9444
B_saltelli,100,0.610642272971,0.45588208014,0.422689712139,0.614790317291,0.9652,0.8722
B_saltelli,101,0.81639521275,0.193813962722,0.968959101247,0.363103216199,0.9471,0.8556
B_saltelli,102,0.549600856901,0.448842646895,0.789421557965,0.513964902784,0.9585,0.8556
B_saltelli,103,0.314197544189,0.0673754297365,0.575436273851,0.914803370969,0.9766,0.95
B_saltelli,104,0.951752609647,0.183188507846,0.668815735751,0.931808270755,0.9646,0.9222
B_saltelli,105,0.916302906556,0.0954514329477,0.727736675683,0.869133330818,0.9582,0.9
B_saltelli,106,0.0344616413886,0.256608096552,0.412782614555,0.0425178846753,0.9827,0.9278
B_saltelli,107,0.799501155047,0.62351732888,0.61384072967,0.650736369084,0.9515,0.8278
B_saltelli,108,0.395823905059,0.305759300612,0.0146374538049,0.50998539415,0.9863,0.9556
B_saltelli,109,0.0933383458441,0.262602346488,0.825841483077,0.385697727507,0.9629,0.8611
B_saltelli,110,0.156501061672,0.539202124882,0.460348390772,0.841515440993,0.9705,0.9
B_saltelli,111,0.112505110307,0.127688621206,0.510139492477,0.369286669343,0.9778,0.9222
B_saltelli,112,0.193101992934,0.57767764215,0.85783346136,0.901593626036,0.9573,0.85
B_saltelli,113,0.0816945722911,0.833058955875,0.136989091812,0.90556124726,0.9749,0.8778
B_saltelli,114,0.26021477454,0.317816743026,0.552837393264,0.626374912456,0.9746,0.9333
B_saltelli,115,0.00447509989103,0.116700271906,0.821774284135,0.492285320061,0.9743,0.9
B_saltelli,116,0.389633180894,0.596115217262,0.825760023369,0.167820097089,0.9602,0.85
B_saltelli,117,0.124190615116,0.75179603277,0.248708271793,0.858535410154,0.9693,0.8556
B_saltelli,118,0.802424437247,0.346538861243,0.910492402883,0.944165094631,0.9401,0.8111
B_saltelli,119,0.309919183752,0.0735772431209,0.316011266722,0.621510891778,0.9792,0.95
B_saltelli,120,0.230997280205,0.462606989164,0.746562753259,0.149511102429,0.9649,0.8833
B_saltelli,121,0.289433965862,0.329901186501,0.0855104683148,0.357965633436,0.9833,0.9667
B_saltelli,122,0.0320941162316,0.827100685223,0.269549839454,0.85684282515,0.9734,0.8556
B_saltelli,123,0.179343511638,0.758316706648,0.33758756658,0.225443952112,0.9705,0.8889
B_saltelli,124,0.0190474237035,0.656720709509,0.249068497049,0.546791008052,0.9877,0.9333
B_saltelli,125,0.472544349491,0.108414759655,0.624151581877,0.0591426676043,0.9754,0.9333
B_saltelli,126,0.361422039488,0.780478534668,0.436944120197,0.734418293138,0.967,0.8667
B_saltelli,127,0.638762776897,0.229126876284,0.563006426094,0.851749690068,0.9734,0.9278
B_saltelli,128,0.76034095106,0.828711189917,0.77507499229,0.729994991101,0.9322,0.7444
B_saltelli,129,0.1423737975,0.240521949048,0.0991713311208,0.823055770443,0.9833,0.9667
B_saltelli,130,0.379317653839,0.52387286395,0.707543722527,0.644811597393,0.9655,0.8722
B_saltelli,131,0.976963877863,0.455489148748,0.180487860461,0.149978459189,0.967,0.9
B_saltelli,132,0.351881819529,0.564642515423,0.848343938049,0.457039515917,0.9538,0.8333
B_saltelli,133,0.640801981839,0.465461568041,0.791887787985,0.453159276185,0.95,0.8167
B_saltelli,134,0.0610616992335,0.95438305906,0.281214745027,0.181752213488,0.9661,0.8222
B_saltelli,135,0.212361577189,0.112943310074,0.501855075461,0.675963497219,0.9778,0.95
B_saltelli,136,0.677073083198,0.0413990677377,0.339647778799,0.26855835378,0.9842,0.9778
B_saltelli,137,0.352685301619,0.926834253297,0.334939777449,0.839600780204,0.9632,0.8444
B_saltelli,138,0.734541147848,0.713319101932,0.396257051276,0.692221435886,0.9518,0.8333
B_saltelli,139,0.842046928748,0.894492108856,0.356402931072,0.507927496379,0.9515,0.8056
B_saltelli,140,0.684130929248,0.406479074707,0.00860342738263,0.556244569256,0.976,0.9111
B_saltelli,141,0.611384800704,0.879660320925,0.825401567763,0.408648398353,0.9401,0.7611
B_saltelli,142,0.923565076676,0.828799758039,0.172326196225,0.18538978073,0.9529,0.8111
B_saltelli,143,0.948187001637,0.153940628024,0.487668410805,0.348385675333,0.9757,0.9667
B_saltelli,144,0.437123969433,0.999210408531,0.139519393415,0.619123277357,0.9708,0.8611
B_saltelli,145,0.88829225971,0.546698623798,0.280552011326,0.753088883925,0.9629,0.8778
B_saltelli,146,0.917906521958,0.263851377614,0.842361660046,0.968288108315,0.9468,0.85
B_saltelli,147,0.221113268995,0.549273791601,0.901338550787,0.0861427558567,0.9573,0.85
B_saltelli,148,0.906997849386,0.841416425263,0.203377867387,0.346268660005,0.9529,0.8111
B_saltelli,149,0.613903913792,0.737993848983,0.940825145731,0.322770407692,0.9368,0.7556
B_saltelli,150,0.762135745477,0.441809625144,0.390622475609,0.977376269324,0.9632,0.8889
B_saltelli,151,0.00351300062733,0.403754200441,0.432103303432,0.697701045207,0.9871,0.9444
B_saltelli,152,0.0727697570253,0.805007525267,0.65037444808,0.0737215276359,0.9611,0.8278
B_saltelli,153,0.592130563849,0.0887955503088,0.161442459902,0.076850754599,0.9845,0.9778
B_saltelli,154,0.341149664467,0.548668237516,0.679993823598,0.935811012076,0.9708,0.9056
B_saltelli,155,0.701520439811,0.648614429051,0.840516075946,0.00163528106752,0.9363,0.7667
B_saltelli,156,0.201935086534,0.558537660904,0.0985781648907,0.526213727182,0.9763,0.9222
B_saltelli,157,0.0356634029515,0.41784890928,0.689080319479,0.948841976525,0.974,0.8833
B_saltelli,158,0.0828679887145,0.670262182056,0.726140488539,0.286933732836,0.9602,0.8333
B_saltelli,159,0.508602339527,0.661243928135,0.942293744419,0.0294723892018,0.9591,0.8667
B_saltelli,160,0.892296295275,0.167343590915,0.393270133581,0.671981189076,0.9772,0.9722
B_saltelli,161,0.67225151573,0.58857730397,0.267735255534,0.292339365617,0.9673,0.8667
B_saltelli,162,0.242221553725,0.907501393059,0.354053671007,0.915881231527,0.9681,0.8778
B_saltelli,163,0.170829092247,0.572874399357,0.121078816856,0.144324475734,0.9763,0.9222
B_saltelli,164,0.12912782071,0.392504123724,0.985330353641,0.412346687217,0.9532,0.85
B_saltelli,165,0.156753545002,0.0682915902561,0.515071039242,0.202875642639,0.9787,0.9556
B_saltelli,166,0.729104076493,0.834106379303,0.579774499602,0.173315020476,0.9377,0.7778
B_saltelli,167,0.387061493627,0.430820021472,0.801592456638,0.340451831769,0.962,0.8611
B_saltelli,168,0.222616471995,0.75319473422,0.605175267623,0.756069108773,0.9632,0.8611
B_saltelli,169,0.841197269889,0.36760634466,0.680552601382,0.0918957455431,0.9558,0.8667
B_saltelli,170,0.390135984405,0.0272471370857,0.241583134033,0.418013144827,0.9874,0.9778
B_saltelli,171,0.777115214444,0.242854087033,0.954612039587,0.391040275994,0.9453,0.8444
B_saltelli,172,0.828915351947,0.12385697442,0.305266083724,0.33751707208,0.9787,0.9778
B_saltelli,173,0.907209609526,0.705587870938,0.411695440685,0.391167357907,0.952,0.8167
B_saltelli,174,0.610326613911,0.858818535122,0.925855391095,0.0952377034139,0.9357,0.7444
B_saltelli,175,0.413903256017,0.213034960836,0.401287480989,0.959949744301,0.9807,0.9389
B_saltelli,176,0.440082402724,0.184555948875,0.116375904595,0.11876476836,0.9883,0.9722
B_saltelli,177,0.942878689026,0.325787755096,0.950926662438,0.978833694679,0.9427,0.8278
B_saltelli,178,0.70140654385,0.732278511908,0.625008852459,0.179664327993,0.9444,0.7889
B_saltelli,179,0.0229535480727,0.235761461898,0.125595899544,0.316091474085,0.9939,0.9722
B_saltelli,180,0.931844904169,0.620258103583,0.261364160724,0.309106404297,0.9602,0.8611
B_saltelli,181,0.316995854159,0.0650345190082,0.682928960596,0.404750526706,0.9766,0.95
B_saltelli,182,0.392288861052,0.158539422353,0.204096883988,0.277625221198,0.9839,0.9556
B_saltelli,183,0.910629625486,0.42905252289,0.668025758722,0.430619871793,0.9532,0.85
B_saltelli,184,0.498996405105,0.743843971509,0.806834123091,0.0204694859596,0.9585,0.8611
B_saltelli,185,0.858765650926,0.387286340785,0.42816315868,0.817520181239,0.9643,0.8944
B_saltelli,186,0.794687496462,0.744773653662,0.210350234509,0.606516479756,0.9556,0.8278
B_saltelli,187,0.0753849568394,0.534727533191,0.673436006922,0.509544091219,0.9658,0.8611
B_saltelli,188,0.579604370716,0.208806826161,0.574082614226,0.128451093834,0.9711,0.9222
B_saltelli,189,0.109335659105,0.762190798315,0.378761745615,0.240332536847,0.9702,0.8667
B_saltelli,190,0.768622907745,0.750889686585,0.832118651122,0.493041738291,0.9298,0.7389
B_saltelli,191,0.40909393225,0.136171863583,0.582096660289,0.623742950145,0.974,0.9222
B_saltelli,192,0.290394191116,0.375477214117,0.935990396627,0.158519913883,0.9605,0.8778
B_saltelli,193,0.252182814591,0.0816340052842,0.0518428620355,0.753632855972,0.9874,0.9889
B_saltelli,194,0.235372661061,0.372219732764,0.923176438919,0.178670245781,0.962,0.8833
B_saltelli,195,0.344096134129,0.531376098267,0.617014608228,0.628229184723,0.9716,0.9111
B_saltelli,196,0.81122997019,0.156369792416,0.0907358814242,0.0143768926244,0.9801,0.9833
B_saltelli,197,0.28747345317,0.444271432212,0.170369608406,0.889468796222,0.9816,0.9556
B_saltelli,198,0.41391023622,0.593025732159,0.637581578666,0.177962637512,0.9661,0.8722
B_saltelli,199,0.566086388978,0.363897597321,0.648167683877,0.766925373326,0.9675,0.8944
B_saltelli,200,0.403227119944,0.237774235476,0.230135810983,0.799566377839,0.9822,0.9444
B_saltelli,201,0.749610704887,0.0756021614677,0.396599571524,0.959343348547,0.9781,0.9833
B_saltelli,202,0.231695499644,0.654732918015,0.733245757321,0.727340585775,0.9614,0.8611
B_saltelli,203,0.121671321965,0.757691943155,0.0942420383531,0.832868923122,0.9795,0.9
B_saltelli,204,0.579980086225,0.713152668683,0.273443057969,0.742457159701,0.9623,0.8444
B_saltelli,205,0.350665113411,0.514228234526,0.0489211054503,0.99934780081,0.981,0.9389
B_saltelli,206,0.184906790379,0.613668682248,0.312892811168,0.144493494361,0.9749,0.9167
B_saltelli,207,0.723970361983,0.0771482410319,0.375366771012,0.812158992574,0.974,0.9667
B_saltelli,208,0.300067578879,0.667829881147,0.0650607409425,0.632230266531,0.9751,0.9111
B_saltelli,209,0.597936881378,0.482929415381,0.728984330689,0.824632083112,0.9494,0.8167
B_saltelli,210,0.631061174494,0.313100610669,0.920493215922,0.820845698234,0.9497,0.8333
B_saltelli,211,0.857278929614,0.75290235564,0.737472050798,0.169670235753,0.9363,0.7611
B_saltelli,212,0.951701498616,0.378711598685,0.0142274980333,0.0592917624328,0.9696,0.9167
B_saltelli,213,0.139548144346,0.0276974539833,0.162088371861,0.312211901605,0.986,0.9833
B_saltelli,214,0.144939873917,0.384183600229,0.130854581778,0.059362313104,0.9816,0.9556
B_saltelli,215,0.403672059515,0.48692178129,0.558541526887,0.175328216801,0.967,0.8778
B_saltelli,216,0.833916993554,0.186217334923,0.49471284912,0.547729362116,0.9749,0.9611
B_saltelli,217,0.766528614588,0.487692786613,0.796096935418,0.654350221021,0.9415,0.8056
B_saltelli,218,0.505197749119,0.785210229804,0.901063811141,0.691777999368,0.9573,0.8556
B_saltelli,219,0.189659172995,0.0330204371791,0.935155053299,0.926457463404,0.964,0.9
B_saltelli,220,0.405858201762,0.92333869065,0.963933094395,0.275075089708,0.9515,0.7944
B_saltelli,221,0.703054770716,0.504202085921,0.0240216838998,0.0900009845317,0.9722,0.9056
B_saltelli,222,0.745780949076,0.554987945301,0.400618899192,0.0932665801986,0.9605,0.8722
B_saltelli,223,0.118663050926,0.137605681672,0.675885854583,0.607202306234,0.9719,0.9
B_saltelli,224,0.246688800149,0.422188186218,0.749864712883,0.496387956966,0.9684,0.9056
B_saltelli,225,0.303870007619,0.546065399736,0.707880246291,0.656947948321,0.9611,0.8611
B_saltelli,226,0.169306811402,0.927469021823,0.337673177877,0.818572608358,0.9687,0.8778
B_saltelli,227,0.703245619288,0.422709163215,0.225388468956,0.874634577065,0.9713,0.9111
B_saltelli,228,0.681606105555,0.201623424835,0.607476232022,0.128953305512,0.9699,0.9167
B_saltelli,229,0.852419058981,0.774410869119,0.68881018872,0.77945327003,0.9383,0.7667
B_saltelli,230,0.918691872207,0.39786680946,0.408916176934,0.663840624612,0.9643,0.8944
B_saltelli,231,0.362239421077,0.581114250288,0.735697738962,0.950002123236,0.9605,0.8556
B_saltelli,232,0.860316119182,0.913232970475,0.845443493175,0.173541567329,0.9257,0.7167
B_saltelli,233,0.927022130319,0.334699707275,0.762621800949,0.243871108813,0.9474,0.8389
B_saltelli,234,0.464834430136,0.392608320996,0.703435715793,0.377069182561,0.9661,0.8778
B_saltelli,235,0.870114591334,0.0482146429571,0.174723236525,0.524645580452,0.9819,0.9944
B_saltelli,236,0.459969217339,0.513566686476,0.257152952947,0.37000317359,0.9725,0.9
B_saltelli,237,0.958185937015,0.731749269046,0.360597116379,0.972359608777,0.955,0.8278
B_saltelli,238,0.954053107925,0.264418383011,0.360027782762,0.270239386655,0.976,0.9611
B_saltelli,239,0.973491482872,0.473629397957,0.0103194944885,0.789328700271,0.9661,0.8944
B_saltelli,240,0.9470701227,0.529609780822,0.811444451899,0.905222100969,0.9386,0.7944
B_saltelli,241,0.132564119603,0.685623179262,0.844272061167,0.695145496329,0.9561,0.8389
B_saltelli,242,0.303441133673,0.946677937803,0.288133362773,0.418445454516,0.9643,0.8556
B_saltelli,243,0.0213288422532,0.116223663612,0.298266998057,0.0202433981137,0.9904,0.9611
B_saltelli,244,0.122669529873,0.191600938138,0.869870520609,0.99820819853,0.9623,0.8611
B_saltelli,245,0.602401120778,0.225290611629,0.749755759022,0.635209303721,0.9582,0.8722
B_saltelli,246,0.68787834312,0.844761085243,0.409810051673,0.901098466744,0.9573,0.8111
B_saltelli,247,0.537795196052,0.347179242866,0.313632236989,0.934478223105,0.9754,0.9222
B_saltelli,248,0.181881484396,0.850545698191,0.683267263853,0.00271006303648,0.9585,0.8389
B_saltelli,249,0.846889938911,0.150673023254,0.161416238108,0.62001793702,0.9801,0.9833
B_saltelli,250,0.828663049373,0.444683670422,0.857641220925,0.82309147117,0.9374,0.7944
B_saltelli,251,0.303942236953,0.770708306015,0.771844065654,0.526945706699,0.9594,0.85
B_saltelli,252,0.642587734098,0.565190984161,0.0934395800237,0.458843662596,0.9687,0.8722
B_saltelli,253,0.771728642455,0.0653192788585,0.267856151086,0.447222256691,0.9795,0.9833
B_saltelli,254,0.193881611328,0.802860407047,0.351293069584,0.248987588596,0.9696,0.8833
B_saltelli,255,0.77906100317,0.706992722494,0.0894317378596,0.778958940423,0.9564,0.8333
B_saltelli,256,0.0315374872999,0.108534744902,0.550991899447,0.745357527303,0.9845,0.9444
B_saltelli,257,0.233149422286,0.932379964951,0.851850722312,0.810712497534,0.9512,0.8111
B_saltelli,258,0.253439134482,0.295854980031,0.694675914193,0.65401216389,0.9716,0.9222
B_saltelli,259,0.689311352499,0.8891608226,0.848282193453,0.168293178913,0.9392,0.7556
B_saltelli,260,0.00104868883378,0.576356978315,0.749787130595,0.097637795381,0.974,0.8833
B_saltelli,261,0.274322337375,0.821191438237,0.843446431484,0.628850105969,0.9535,0.8222
B_saltelli,262,0.920199879792,0.283150378029,0.430655866447,0.118104876751,0.9722,0.9444
B_saltelli,263,0.924695815215,0.609019212339,0.770031629837,0.250284116496,0.9404,0.7944
B_saltelli,264,0.702553848151,0.984930690328,0.991751600129,0.669255680678,0.9298,0.7333
B_saltelli,265,0.478889070048,0.92516987313,0.364612545661,0.179897310428,0.9655,0.8556
B_saltelli,266,0.276643401648,0.57163127556,0.0120362790688,0.599867900768,0.9784,0.9278
B_saltelli,267,0.658904616664,0.994794026484,0.223601512255,0.100644512655,0.9599,0.8167
B_saltelli,268,0.320665780492,0.182814948109,0.214107445506,0.00489790223693,0.9836,0.9722
B_saltelli,269,0.285757957762,0.178803770241,0.445412874689,0.723656899751,0.9778,0.95
B_saltelli,270,0.649822778155,0.603352286607,0.153999614169,0.403252325041,0.9687,0.8722
B_saltelli,271,0.706854353718,0.810134104404,0.111927459021,0.62234689286,0.9637,0.8556
B_saltelli,272,0.933767171918,0.875081152369,0.294808103073,0.936273922345,0.9515,0.8056
B_saltelli,273,0.895834141745,0.773589012981,0.752087217458,0.892479335603,0.9339,0.75
B_saltelli,274,0.240220150825,0.319567106351,0.380149010838,0.391570196152,0.9789,0.95
B_saltelli,275,0.128827687177,0.372465659767,0.800384884419,0.968193089087,0.9614,0.8833
B_saltelli,276,0.70584004103,0.490083488234,0.182878562722,0.772592788321,0.9687,0.8944
B_saltelli,277,0.213395856709,0.985814821373,0.794221096442,0.914150107951,0.9538,0.8167
B_saltelli,278,0.468070839279,0.0195668878484,0.173168386521,0.309374760194,0.9874,0.9833
B_saltelli,279,0.514357027553,0.518777353458,0.887071345266,0.22909803952,0.9506,0.8222
B_saltelli,280,0.667342992975,0.442384507559,0.51195980201,0.990031212254,0.9629,0.8611
B_saltelli,281,0.38629914495,0.520687005566,0.396585716144,0.844422393124,0.9772,0.9167
B_saltelli,282,0.336694131884,0.376124193318,0.0308752625791,0.49625457889,0.9816,0.9556
B_saltelli,283,0.294310396961,0.828041165197,0.764373406697,0.702340189679,0.9579,0.8389
B_saltelli,284,0.854356661206,0.705267726325,0.57636105961,0.294054788755,0.9491,0.8056
B_saltelli,285,0.0137546294488,0.0285830078915,0.627449372731,0.810146932799,0.9833,0.9389
B_saltelli,286,0.17582487274,0.520601742757,0.298870119588,0.881437840705,0.9757,0.9222
B_saltelli,287,0.715504782713,0.127196190531,0.329020967995,0.745466842856,0.9789,0.9667
B_saltelli,288,0.814531637433,0.250626846889,0.654796419254,0.772709262723,0.9658,0.9222
B_saltelli,289,0.778437086006,0.188263038312,0.187361089746,0.758440866928,0.9792,0.9778
B_saltelli,290,0.381121264671,0.826935617844,0.851385152588,0.663006016464,0.955,0.8167
B_saltelli,291,0.621882570384,0.257644890563,0.827493229819,0.694765242825,0.9567,0.8667
B_saltelli,292,0.123344944694,0.854412162842,0.886850814477,0.384383452656,0.9518,0.7944
B_saltelli,293,0.021639707201,0.666607371905,0.0452736984424,0.693723274824,0.9877,0.9333
B_saltelli,294,0.309601766518,0.00047052076346,0.124870131906,0.624615056464,0.9845,0.9722
B_saltelli,295,0.267184794604,0.908912220532,0.196888475801,0.191658469689,0.9711,0.8889
B_saltelli,296,0.176015394066,0.852844388141,0.679105876246,0.91281953052,0.9585,0.8389
B_saltelli,297,0.679577241038,0.44358087883,0.08070404687,0.479672453123,0.9737,0.9
B_saltelli,298,0.759254507936,0.547796179109,0.0113845118292,0.0570843840255,0.9635,0.8833
B_saltelli,299,0.704300966592,0.157599052026,0.0551340667553,0.0786294757438,0.9839,0.9833
B_saltelli,300,0.0608147307939,0.345292138341,0.161611379014,0.948867185951,0.983,0.9222
B_saltelli,301,0.0918857368322,0.809620947491,0.520795293552,0.247641700765,0.9655,0.8444
B_saltelli,302,0.101310809958,0.892531480638,0.0283395611918,0.0341266729454,0.9795,0.8889
B_saltelli,303,0.537179217588,0.601378830717,0.490979453382,0.154499282919,0.9673,0.8778
B_saltelli,304,0.281428465914,0.499237480018,0.841322732103,0.124243935936,0.9596,0.8611
B_saltelli,305,0.484080245846,0.808538650897,0.771440992817,0.219439628471,0.9626,0.8556
B_saltelli,306,0.120546256046,0.579980392646,0.885622247685,0.337119618643,0.9579,0.8333
B_saltelli,307,0.319344228473,0.943388922137,0.868461164866,0.576615386848,0.9456,0.7833
B_saltelli,308,0.781533439498,0.73961957773,0.463569768639,0.978009446754,0.952,0.8167
B_saltelli,309,0.855516145041,0.383142834962,0.0667052576924,0.790057672171,0.9687,0.9111
B_saltelli,310,0.501927669612,0.119959751332,0.574742093563,0.570251108983,0.974,0.9444
B_saltelli,311,0.174668232252,0.301887986311,0.849605599024,0.140224230005,0.9635,0.8889
B_saltelli,312,0.595312883433,0.846161081428,0.0905388137961,0.610648156065,0.964,0.8444
B_saltelli,313,0.489257166216,0.339031275986,0.624783399597,0.404763920119,0.9687,0.9111
B_saltelli,314,0.191850048089,0.453953719345,0.344866398826,0.441609870689,0.9784,0.9389
B_saltelli,315,0.785211560764,0.217409319019,0.947864274713,0.761429358638,0.9462,0.85
B_saltelli,316,0.887547586696,0.152934809799,0.969841027759,0.370136435739,0.948,0.8611
B_saltelli,317,0.327190525445,0.306945698575,0.894052092481,0.228990594512,0.9611,0.8778
B_saltelli,318,0.170222318019,0.683468278438,0.702785689,0.908877005665,0.9605,0.8556
B_saltelli,319,0.599007370358,0.507478321918,0.917212630044,0.858138820865,0.9436,0.7944
B_saltelli,320,0.470685538867,0.350677854712,0.562645135431,0.59749769155,0.9702,0.9
B_saltelli,321,0.959873471766,0.522862966181,0.345307136403,0.181698762879,0.9629,0.8778
B_saltelli,322,0.72991598564,0.646619101992,0.846092212099,0.813026295082,0.9333,0.7722
B_saltelli,323,0.666755550862,0.75025491285,0.514401658168,0.188091557515,0.955,0.8111
B_saltelli,324,0.9714322274,0.74361280454,0.992740774622,0.852053774868,0.9263,0.7278
B_saltelli,325,0.42240776107,0.666187075175,0.86797103317,0.816500155199,0.9602,0.85
B_saltelli,326,0.707936662415,0.450952012514,0.923319495343,0.536248143301,0.9424,0.8056
B_saltelli,327,0.547408872631,0.511026809896,0.101030132865,0.618870254663,0.9737,0.9
B_saltelli,328,0.781805175517,0.409735356833,0.139818752127,0.506361306946,0.9678,0.9056
B_saltelli,329,0.587692921159,0.236490528922,0.153353715126,0.392502180589,0.9819,0.9611
B_saltelli,330,0.163550369114,0.474819880222,0.0716970325867,0.588326914288,0.9778,0.9278
B_saltelli,331,0.803341253645,0.706710637176,0.752026665249,0.416390863489,0.9357,0.7611
B_saltelli,332,0.255243347815,0.18884828241,0.770462138372,0.331602096483,0.9719,0.9278
B_saltelli,333,0.121473355709,0.84475932644,0.20944937182,0.33978747044,0.9725,0.8667
B_saltelli,334,0.533896801964,0.643499892808,0.120042793185,0.924389156198,0.9728,0.8944
B_saltelli,335,0.827592499568,0.899226972476,0.812573783977,0.625440714326,0.9272,0.7222
B_saltelli,336,0.238738211032,0.476746775844,0.197110998963,0.1590140189,0.9772,0.9278
B_saltelli,337,0.75197872146,0.720703599748,0.570305501154,0.332470282471,0.9482,0.8056
B_saltelli,338,0.384736168476,0.535388866952,0.801877510508,0.216518612781,0.9602,0.85
B_saltelli,339,0.150233064916,0.933263879242,0.0709310503928,0.632580839405,0.9699,0.8778
B_saltelli,340,0.0458804143046,0.713502339621,0.40915878873,0.338545576015,0.9713,0.8556
B_saltelli,341,0.406322995217,0.0327581629069,0.515958658546,0.875601214967,0.9757,0.9333
B_saltelli,342,0.99941362228,0.86393237686,0.619677673447,0.208858879435,0.9427,0.7722
B_saltelli,343,0.244113581194,0.941408341522,0.211007233851,0.652021560392,0.9702,0.8833
B_saltelli,344,0.347265735609,0.222689522232,0.337699904197,0.864040317965,0.9763,0.9278
B_saltelli,345,0.656494859645,0.0528702998443,0.236243044128,0.908488027403,0.9871,0.9889
B_saltelli,346,0.401803224778,0.521056858816,0.44380090173,0.345061916133,0.9757,0.9111
B_saltelli,347,0.353384533279,0.758025278963,0.962138814551,0.818395671278,0.9512,0.8167
B_saltelli,348,0.604369722235,0.946991185626,0.414419699528,0.609743223081,0.9553,0.8056
B_saltelli,349,0.713590908,0.127569911455,0.356314719874,0.181845102261,0.9789,0.9667
B_saltelli,350,0.083856548821,0.468866065484,0.163996897002,0.104632281896,0.9827,0.9278
B_saltelli,351,0.630259128826,0.550769294414,0.568534728842,0.0807422793472,0.9588,0.8389
B_saltelli,352,0.791946703665,0.241967621742,0.177441394255,0.0141022824852,0.9775,0.9667
B_saltelli,353,0.111080492643,0.355698030706,0.0849934007134,0.113337819106,0.9865,0.9444
B_saltelli,354,0.558422591545,0.754322935564,0.136878318609,0.0101034235899,0.9693,0.8722
B_saltelli,355,0.34504516867,0.820700720296,0.94799660817,0.527236544723,0.9468,0.7889
B_saltelli,356,0.857127388236,0.916041893301,0.0298893011862,0.468190217767,0.952,0.8056
B_saltelli,357,0.67826518186,0.423907397409,0.814919577328,0.319657628032,0.9512,0.8278
B_saltelli,358,0.754489879655,0.119091716904,0.835169880383,0.927457646653,0.9523,0.8833
B_saltelli,359,0.999212688718,0.187279934787,0.132940465893,0.554422927302,0.9792,0.9778
B_saltelli,360,0.498566960077,0.979807507936,0.527203772293,0.360091390707,0.9599,0.8556
B_saltelli,361,0.25921286393,0.211576337225,0.875654143329,0.571950258868,0.9661,0.9056
B_saltelli,362,0.0201657386723,0.889458888741,0.865524172291,0.184240197146,0.9596,0.8111
B_saltelli,363,0.287126452842,0.781725661679,0.390213305577,0.602851819096,0.9667,0.8722
B_saltelli,364,0.109435799315,0.630966529127,0.0359769187394,0.0476710255472,0.9836,0.9222
B_saltelli,365,0.585337025257,0.835380673521,0.198772271539,0.119025006082,0.9626,0.8389
B_saltelli,366,0.120794895284,0.544387114621,0.00526364110927,0.148842683789,0.9892,0.95
B_saltelli,367,0.0349451535961,0.73642258406,0.204161119677,0.855470576528,0.9719,0.8556
B_saltelli,368,0.704688997556,0.263228004992,0.00302525545896,0.250695175453,0.9827,0.9722
B_saltelli,369,0.888756222519,0.631131211827,0.364506694361,0.333316985006,0.9602,0.8611
B_saltelli,370,0.823144764214,0.192375975724,0.978644568169,0.333244742643,0.9471,0.8556
B_saltelli,371,0.237628267532,0.16564643171,0.0953525926878,0.808703278741,0.9851,0.9778
B_saltelli,372,0.630724165838,0.688252877493,0.748019747177,0.730046319398,0.945,0.7889
B_saltelli,373,0.487514143333,0.00275420820304,0.924235652525,0.180456806931,0.9699,0.9333
B_saltelli,374,0.555991520265,0.290636847878,0.262518666578,0.934572435766,0.9772,0.9333
B_saltelli,375,0.96547383878,0.973324804913,0.0593539522158,0.301451744457,0.952,0.8056
B_saltelli,376,0.100754819489,0.0855944143369,0.480965049182,0.352661323559,0.9792,0.9278
B_saltelli,377,0.540124966435,0.0186986022475,0.348032016294,0.43898413775,0.9833,0.9722
B_saltelli,378,0.73265295988,0.519584718403,0.0490510639945,0.242490554695,0.9649,0.8944
B_saltelli,379,0.609891865218,0.242858479545,0.255072835294,0.636086310719,0.9792,0.95
B_saltelli,380,0.861241749085,0.710881466529,0.675379661281,0.811653352616,0.9436,0.7889
B_saltelli,381,0.925194322521,0.0767110728218,0.389265946121,0.223465634624,0.9772,0.9722
B_saltelli,382,0.264749664203,0.930048482539,0.0462635871978,0.35719781935,0.9716,0.8889
B_saltelli,383,0.991471289553,0.870176969114,0.664791684448,0.967857980673,0.9401,0.7667
B_saltelli,384,0.00928816956419,0.955716740664,0.0299133018907,0.487034463576,0.9789,0.8778
B_saltelli,385,0.536819000817,0.10450059848,0.751956460423,0.889371295204,0.967,0.9056
B_saltelli,386,0.567077319104,0.7858273067,0.212037253701,0.238720077774,0.9693,0.8722
B_saltelli,387,0.183134276579,0.809470309507,0.716508100215,0.839808003704,0.9579,0.8389
B_saltelli,388,0.0425026720633,0.0437857785019,0.031185947289,0.695805297198,0.995,0.9833
B_saltelli,389,0.853257043442,0.174048075676,0.290245775898,0.762527862983,0.9787,0.9778
B_saltelli,390,0.720673047578,0.886780404935,0.727814983994,0.000307859580862,0.9327,0.7611
B_saltelli,391,0.648735841144,0.782410962192,0.719403323251,0.854793405338,0.9439,0.7778
B_saltelli,392,0.668059240269,0.0270779667808,0.637993432679,0.445645419406,0.9711,0.9278
B_saltelli,393,0.505517156747,0.236069211468,0.811068722131,0.209860207186,0.9643,0.9
B_saltelli,394,0.351270189164,0.855192916719,0.53102828042,0.345084331646,0.9561,0.8222
B_saltelli,395,0.413943390248,0.789777607612,0.186974863103,0.0147161882181,0.9749,0.8944
B_saltelli,396,0.0343734747003,0.659008574425,0.0453457717329,0.7394159185,0.9795,0.8889
B_saltelli,397,0.0459579357724,0.909955335478,0.368777489028,0.813773734645,0.967,0.8278
B_saltelli,398,0.797820775643,0.299066612155,0.200524638422,0.111145126589,0.9757,0.9556
B_saltelli,399,0.266490186946,0.332391683366,0.672871808041,0.388339110712,0.9716,0.9222
B_saltelli,400,0.532353221247,0.62186143848,0.677960628885,0.0296380571,0.9596,0.85
B_saltelli,401,0.115621128771,0.172728538831,0.571630547927,0.188423607679,0.974,0.9056
B_saltelli,402,0.860864056889,0.220812649748,0.355500941808,0.506283130245,0.9769,0.9667
B_saltelli,403,0.681527701437,0.570222763125,0.121812128968,0.243253124358,0.9687,0.8722
B_saltelli,404,0.915828269458,0.696220955178,0.737297720153,0.19386220852,0.9371,0.7667
B_saltelli,405,0.278289809859,0.455858015219,0.779387285663,0.981394494878,0.9667,0.8944
B_saltelli,406,0.193837485325,0.295264540213,0.0463893245518,0.722796259203,0.983,0.9611
B_saltelli,407,0.413112838601,0.0280691970439,0.466691901739,0.967957531402,0.983,0.9611
B_saltelli,408,0.790422554797,0.74839899921,0.572030219826,0.737206919487,0.9482,0.8
B_saltelli,409,0.0988828831931,0.952094215217,0.890324915641,0.613585694098,0.9518,0.7944
B_saltelli,410,0.536150721144,0.864178565984,0.120381480897,0.819948775379,0.9675,0.8611
B_saltelli,411,0.496371653509,0.330148451176,0.660295911254,0.258943501897,0.9687,0.9111
B_saltelli,412,0.851292351426,0.0424373839904,0.259008756533,0.261843789884,0.9804,0.9889
B_saltelli,413,0.742507719245,0.840466259265,0.20779999828,0.188379777451,0.9544,0.8389
B_saltelli,414,0.428282165725,0.608368045664,0.0288244186828,0.599816955604,0.9836,0.9389
B_saltelli,415,0.332813396408,0.391298255929,0.134967050083,0.48503731943,0.9807,0.95
B_saltelli,416,0.93915862254,0.987866531773,0.89783860107,0.454863877472,0.9243,0.7111
B_saltelli,417,0.316050173731,0.877889070398,0.920713105575,0.652414628862,0.9491,0.8056
B_saltelli,418,0.331221953179,0.105552171046,0.25544278081,0.388606751753,0.983,0.9722
B_saltelli,419,0.801921508404,0.0190995493496,0.621635820724,0.7455338862,0.9716,0.9556
B_saltelli,420,0.664674972277,0.851129879658,0.472714795535,0.820377533261,0.9538,0.8
B_saltelli,421,0.0523963563186,0.665485265923,0.916628023978,0.973806978329,0.9637,0.8333
B_saltelli,422,0.0266531860761,0.723399612376,0.5414030553,0.731235098995,0.9749,0.8778
B_saltelli,423,0.672001334976,0.459618937461,0.482938766711,0.850529056617,0.9635,0.8611
B_saltelli,424,0.146095121476,0.624178689442,0.949610836939,0.666980731067,0.9544,0.8389
B_saltelli,425,0.941753390129,0.726625175931,0.0543706698459,0.845388890964,0.9564,0.8333
B_saltelli,426,0.224772271341,0.90506864851,0.461142991681,0.830121438475,0.9637,0.8611
B_saltelli,427,0.195284999218,0.15646868243,0.109153928347,0.865730303895,0.9851,0.9778
B_saltelli,428,0.296761328058,0.465632683593,0.046843797441,0.93868139827,0.9795,0.9389
B_saltelli,429,0.683142193797,0.781544979224,0.766336662066,0.652864345853,0.9439,0.7778
B_saltelli,430,0.837720139219,0.266003197353,0.535342763728,0.566768911671,0.9693,0.9333
B_saltelli,431,0.161821328804,0.865453503936,0.589554245681,0.119641132137,0.9629,0.8556
B_saltelli,432,0.567516834821,0.589239550052,0.267545117111,0.904975758624,0.9693,0.8833
B_saltelli,433,0.684591466979,0.991338880871,0.251655384282,0.784445504088,0.9585,0.8111
B_saltelli,434,0.196906583117,0.326951887724,0.924292188364,0.00726267513544,0.962,0.8833
B_saltelli,435,0.622419693622,0.259918572636,0.346204123725,0.923663581397,0.9778,0.9444
B_saltelli,436,0.432872169822,0.613200798864,0.101025806807,0.857428041917,0.9822,0.9333
B_saltelli,437,0.491388196326,0.233294521686,0.563947617335,0.338563707211,0.9705,0.9222
B_saltelli,438,0.248587236701,0.437418669289,0.932216781441,0.282543730659,0.9596,0.8722
B_saltelli,439,0.215373872329,0.792944852068,0.151327301628,0.312620921834,0.9711,0.8889
B_saltelli,440,0.12708779724,0.0798818547755,0.445517247735,0.72992476815,0.9766,0.95
B_saltelli,441,0.656613764611,0.535808111386,0.186667927954,0.64567237181,0.9687,0.8722
B_saltelli,442,0.998778119067,0.0461569957535,0.685209863411,0.143036955797,0.9673,0.9389
B_saltelli,443,0.275900740347,0.219675184566,0.232929057038,0.872707468692,0.9842,0.9722
B_saltelli,444,0.548297270332,0.835378726396,0.422855482649,0.955896392063,0.9611,0.8389
B_saltelli,445,0.860477433839,0.305599063451,0.432420883092,0.532089988917,0.9705,0.9333
B_saltelli,446,0.0891749744022,0.687781020771,0.368530293044,0.0466934778944,0.9702,0.8667
B_saltelli,447,0.307043755134,0.49887996916,0.23333188594,0.281948237762,0.9751,0.9167
B_saltelli,448,0.266564587245,0.879125732908,0.910306700765,0.180736811738,0.952,0.8167
B_saltelli,449,0.780598716276,0.714283819959,0.450839649784,0.856923686834,0.952,0.8167
B_saltelli,450,0.193839089038,0.493839368696,0.352726300338,0.397747583346,0.9757,0.9222
B_saltelli,451,0.47002919858,0.331723409741,0.395428278939,0.661134469958,0.976,0.9222
B_saltelli,452,0.947716193773,0.738332082992,0.153118180399,0.151047493839,0.9564,0.8333
B_saltelli,453,0.556322703393,0.767257253795,0.511436173449,0.519408405178,0.9629,0.85
B_saltelli,454,0.681988568286,0.18166599568,0.840139903685,0.422573548319,0.9567,0.8667
B_saltelli,455,0.113627879189,0.564378781807,0.667342755071,0.875739745597,0.9658,0.8611
B_saltelli,456,0.345811086489,0.485671184171,0.760188152793,0.110021543162,0.9605,0.8611
B_saltelli,457,0.742508535194,0.841578135654,0.594068806404,0.863111457822,0.9377,0.7778
B_saltelli,458,0.936682357567,0.0634441299252,0.718834191889,0.274780585633,0.9591,0.9056
B_saltelli,459,0.863963727533,0.445831148136,0.509298009197,0.0535127686111,0.9596,0.8722
B_saltelli,460,0.733697053581,0.729588679816,0.410882938636,0.347835259896,0.9488,0.8222
B_saltelli,461,0.867856781042,0.0767997874405,0.77237007139,0.584422895515,0.9553,0.8889
B_saltelli,462,0.99826098277,0.0306329359936,0.341355809264,0.719322808635,0.9804,0.9889
B_saltelli,463,0.0790596313084,0.347270604157,0.185554759463,0.277305041474,0.9836,0.9333
B_saltelli,464,0.573650841428,0.0540452025519,0.0949230029325,0.495976102413,0.9854,0.9833
B_saltelli,465,0.508695912087,0.302323917738,0.690574852933,0.603834017009,0.9684,0.9111
B_saltelli,466,0.61377787848,0.819043551828,0.553216293541,0.661598145789,0.9526,0.8
B_saltelli,467,0.868540902849,0.731775052163,0.524827890706,0.363124298369,0.9491,0.8056
B_saltelli,468,0.101899167701,0.164095479494,0.379063988189,0.93292478427,0.9807,0.9333
B_saltelli,469,0.275551341024,0.451737636338,0.599818953724,0.28718978009,0.9711,0.9111
B_saltelli,470,0.999614837486,0.454576994146,0.179138020703,0.411365551286,0.967,0.9
B_saltelli,471,0.329864015532,0.979231603227,0.94189158888,0.1020017035,0.9444,0.7722
B_saltelli,472,0.36728547579,0.145855425161,0.0967596748516,0.356898972666,0.9883,0.9722
B_saltelli,473,0.790701597297,0.442468163799,0.326232448529,0.384209007662,0.9655,0.8944
B_saltelli,474,0.809016375871,0.673006464958,0.0848783022917,0.45087979512,0.9573,0.8389
B_saltelli,475,0.465223481288,0.567346107097,0.612872003422,0.984253575996,0.9652,0.8722
B_saltelli,476,0.562443285017,0.260692730782,0.431938978844,0.0293594632529,0.9751,0.9278
B_saltelli,477,0.272431062177,0.241223620703,0.416699631898,0.00395924893304,0.9784,0.95
B_saltelli,478,0.159903485417,0.216285961996,0.185688094601,0.919777579668,0.9833,0.9667
B_saltelli,479,0.96310232057,0.106368943819,0.314910853403,0.463909961595,0.9787,0.9778
B_saltelli,480,0.769308721279,0.400142049523,0.526940368238,0.896404189642,0.9614,0.8833
B_saltelli,481,0.82532777289,0.0258262850279,0.930174542099,0.0434171249406,0.9497,0.8722
B_saltelli,482,0.620420704303,0.539511481167,0.45536407177,0.446625782109,0.9617,0.85
B_saltelli,483,0.929904468539,0.670296038973,0.504533200428,0.598854072621,0.9529,0.8222
B_saltelli,484,0.0109078128919,0.572222880327,0.676443824937,0.0729158925186,0.9754,0.8889
B_saltelli,485,0.75362313336,0.464740593399,0.290071415645,0.139237407802,0.9637,0.8889
B_saltelli,486,0.566251926048,0.23127660154,0.117561918938,0.804297077343,0.9825,0.9556
B_saltelli,487,0.646665426005,0.868210015249,0.189556925063,0.329379695883,0.9617,0.8278
B_saltelli,488,0.00299700835726,0.288371873906,0.188238348756,0.417825459054,0.9939,0.9722
B_saltelli,489,0.180348910939,0.606245349357,0.410954664917,0.869651558931,0.9719,0.9056
B_saltelli,490,0.855906987384,0.209589481306,0.43836146549,0.790359576304,0.9749,0.9611
B_saltelli,491,0.312641117433,0.0630559833784,0.383424697192,0.370169383618,0.9781,0.9556
B_saltelli,492,0.95108409859,0.380549970397,0.988306244153,0.19296372706,0.9386,0.8056
B_saltelli,493,0.125439858112,0.226863126053,0.9352236312,0.870463235482,0.9564,0.8667
B_saltelli,494,0.918214253771,0.920499926009,0.650333888415,0.278057623837,0.9412,0.7667
B_saltelli,495,0.198493955122,0.546039307628,0.891377562985,0.633337940652,0.9573,0.85
B_saltelli,496,0.237374481714,0.328229667531,0.0107507814873,0.259162801995,0.9854,0.9722
B_saltelli,497,0.973783660545,0.428135579745,0.679833600673,0.61915585724,0.9532,0.85
B_saltelli,498,0.984021717607,0.493192945592,0.681367937727,0.508037459897,0.9523,0.8444
B_saltelli,499,0.149242306299,0.553124064603,0.182052074285,0.576378992321,0.9763,0.9222
B_saltelli,500,0.57557076414,0.0528916837935,0.396251829557,0.252327801678,0.9795,0.9611
B_saltelli,501,0.383258305059,0.709711925707,0.0795934981343,0.101512460291,0.9813,0.9278
B_saltelli,502,0.961988924608,0.676325657857,0.000111917582876,0.680786354622,0.9588,0.8444
B_saltelli,503,0.266487069636,0.296104254643,0.489704577284,0.21748363134,0.976,0.9389
B_saltelli,504,0.105477327523,0.905716531633,0.506208971351,0.363273391771,0.9646,0.8389
B_saltelli,505,0.979510021598,0.479621372363,0.397656727385,0.636523890359,0.9632,0.8833
B_saltelli,506,0.451267938676,0.405094716216,0.786515609131,0.999777059736,0.9687,0.8889
B_saltelli,507,0.343826467477,0.658916164309,0.138991817964,0.529341777548,0.9772,0.9278
B_saltelli,508,0.93266035619,0.0846087294454,0.975121451879,0.411335575548,0.948,0.8611
B_saltelli,509,0.188934154408,0.010179043396,0.688093159632,0.605061997031,0.9743,0.9389
B_saltelli,510,0.230377221984,0.40892901172,0.291580756628,0.822901692152,0.9801,0.95
B_saltelli,511,0.727192900718,0.734279959798,0.670116443304,0.918829597118,0.9389,0.7889
B_saltelli,512,0.0405043596807,0.859853694673,0.857843838835,0.411013778812,0.9608,0.8111
B_saltelli,513,0.998676345713,0.19898462725,0.73697637838,0.424140085162,0.9573,0.8944
B_saltelli,514,0.721307189669,0.142119486514,0.879215048234,0.734214692381,0.9482,0.8667
B_saltelli,515,0.307954902308,0.317073742131,0.961835739774,0.0742230542391,0.9591,0.8667
B_saltelli,516,0.0582026664763,0.803663981382,0.682561074915,0.8849599705,0.9635,0.8167
B_saltelli,517,0.491012711062,0.446410123622,0.781812291657,0.672572325787,0.964,0.8889
B_saltelli,518,0.990752173232,0.135578956692,0.607901108463,0.544105735716,0.9699,0.9444
B_saltelli,519,0.212719419563,0.409809501595,0.945592623314,0.925340120031,0.9588,0.8667
B_saltelli,520,0.639190903356,0.216215613433,0.863865797752,0.584422124418,0.9544,0.8556
B_saltelli,521,0.401906916007,0.123300815347,0.809833321227,0.122109754614,0.9681,0.9
B_saltelli,522,0.112865117924,0.505111515422,0.876226425521,0.369325736697,0.9588,0.8389
B_saltelli,523,0.321554737585,0.511148545231,0.770185665625,0.701514989192,0.9673,0.8944
B_saltelli,524,0.582599433257,0.832276135772,0.842853335205,0.506684250196,0.9371,0.7556
B_saltelli,525,0.712091692593,0.438016765948,0.582675640231,0.0166537321737,0.9523,0.8389
B_saltelli,526,0.649216743121,0.958047880568,0.980973943801,0.302725729289,0.9319,0.7278
B_saltelli,527,0.711023814005,0.929006184559,0.0051929668751,0.919789838141,0.9652,0.8611
B_saltelli,528,0.266758295821,0.39171926684,0.426506623918,0.349115057155,0.9757,0.9333
B_saltelli,529,0.695178133612,0.108773416951,0.885213188477,0.151707167569,0.9538,0.8556
B_saltelli,530,0.912535329716,0.908971036412,0.578733732978,0.8575926453,0.9456,0.7833
B_saltelli,531,0.264288280069,0.110362672872,0.68349986189,0.135131648258,0.9734,0.9333
B_saltelli,532,0.680865988718,0.0521602720124,0.469554217009,0.950830692599,0.9784,0.9556
B_saltelli,533,0.296436431446,0.567413846265,0.31568993801,0.48187435139,0.9751,0.9222
B_saltelli,534,0.411669427738,0.971387076088,0.854091083526,0.408387609486,0.9497,0.7833
B_saltelli,535,0.245520956865,0.0776114142096,0.559218292914,0.576351598498,0.9772,0.95
B_saltelli,536,0.144964971379,0.40594982033,0.925222269753,0.0546444635043,0.9602,0.8722
B_saltelli,537,0.372957960019,0.624136488861,0.778867915135,0.0103104463395,0.9632,0.8611
B_saltelli,538,0.178042797214,0.919869164191,0.297767002662,0.176483654216,0.9687,0.8778
B_saltelli,539,0.228445093175,0.230381905612,0.897995794353,0.0282161299661,0.9652,0.9
B_saltelli,540,0.363881484361,0.816089799273,0.860252957498,0.765301941268,0.9485,0.7944
B_saltelli,541,0.500302097704,0.554743451268,0.739965183653,0.014262850013,0.9632,0.8833
B_saltelli,542,0.691821908878,0.503475068358,0.666741902582,0.619088733776,0.9541,0.8278
B_saltelli,543,0.713443896993,0.28227407562,0.454077565229,0.500230736,0.9696,0.9222
B_saltelli,544,0.0484328569806,0.216892166043,0.696984249675,0.316500042138,0.9778,0.9111
B_saltelli,545,0.34767091627,0.0917944855484,0.653868352824,0.478973793697,0.9719,0.9222
B_saltelli,546,0.315720842695,0.0426794633357,0.536666414869,0.548542361605,0.9766,0.95
B_saltelli,547,0.675092580286,0.883353222519,0.720000482684,0.508299043299,0.9412,0.7611
B_saltelli,548,0.673689288155,0.497618114508,0.0526633236303,0.224700215056,0.9719,0.8889
B_saltelli,549,0.80000871912,0.572036356547,0.895018311056,0.597684621392,0.9348,0.7778
B_saltelli,550,0.910933210564,0.40790173435,0.385488247096,0.964299706897,0.9649,0.8944
B_saltelli,551,0.224653987175,0.650607373938,0.890761106998,0.450509351428,0.9556,0.8389
B_saltelli,552,0.587025157813,0.939844464766,0.0992129203953,0.620805472817,0.9626,0.8389
B_saltelli,553,0.916508018609,0.639669658305,0.607114127569,0.099642877188,0.9515,0.8278
B_saltelli,554,0.374842691643,0.143147350583,0.728694272873,0.0257989546097,0.9693,0.9
B_saltelli,555,0.234616123992,0.242604097067,0.164219300411,0.122650025656,0.9842,0.9722
B_saltelli,556,0.922211391264,0.661798964608,0.402014994678,0.231555771413,0.9553,0.8333
B_saltelli,557,7.93727488384e-05,0.961794728947,0.0999520503268,0.885665034457,0.9789,0.8778
B_saltelli,558,0.0513804086515,0.681592014145,0.814611745608,0.792122267333,0.9652,0.8389
B_saltelli,559,0.158932494425,0.519054403782,0.88105237991,0.746039192443,0.9582,0.8556
B_saltelli,560,0.158948318622,0.333349610946,0.757092845331,0.291131159504,0.9693,0.9111
B_saltelli,561,0.970036896891,0.132170492907,0.410191898892,0.562487979849,0.9757,0.9667
B_saltelli,562,0.494757580904,0.81851427422,0.518118503046,0.166250476522,0.9635,0.8778
B_saltelli,563,0.36094581218,0.558160694503,0.705008408964,0.430726936788,0.962,0.8611
B_saltelli,564,0.835051684796,0.36141244439,0.140398838228,0.836757784492,0.9705,0.9222
B_saltelli,565,0.532837970678,0.728012740794,0.334444589947,0.996102723258,0.9632,0.85
B_saltelli,566,0.0883021740063,0.295657731476,0.580910162018,0.897444800131,0.9722,0.8944
B_saltelli,567,0.320120241826,0.5797345988,0.95181263824,0.964150466737,0.9561,0.85
B_saltelli,568,0.494510470117,0.473380912927,0.544786576843,0.441402576537,0.9661,0.8944
B_saltelli,569,0.52606926802,0.585432876092,0.0868244121155,0.419426784761,0.9725,0.8944
B_saltelli,570,0.186556182609,0.116764632669,0.405827039878,0.891460605748,0.9822,0.9667
B_saltelli,571,0.386649499271,0.89658229298,0.826514012815,0.00222946107928,0.9515,0.7944
B_saltelli,572,0.924879438989,0.43862306432,0.637539413779,0.0711163763716,0.9553,0.8556
B_saltelli,573,0.194740595705,0.575534713185,0.465608778834,0.0599732702544,0.9705,0.9
B_saltelli,574,0.244967336679,0.159767637696,0.94776990803,0.0130873780168,0.9632,0.8944
B_saltelli,575,0.055395626614,0.308395008754,0.17469782546,0.784545566567,0.983,0.9222
B_saltelli,576,0.455988462367,0.992041198664,0.0223375733241,0.379558964243,0.9696,0.8556
B_saltelli,577,0.481718479717,0.019122170776,0.258473627934,0.206686465418,0.9845,0.9722
B_saltelli,578,0.27093650224,0.282047410658,0.330785084096,0.381495137563,0.9804,0.9556
B_saltelli,579,0.202464830419,0.0714208010674,0.60067146979,0.465030505069,0.9787,0.9556
B_saltelli,580,0.45157303125,0.363417848587,0.148167198741,0.876340001078,0.9792,0.9278
B_saltelli,581,0.328780578805,0.990108134701,0.874753404541,0.584394368921,0.9444,0.7722
B_saltelli,582,0.449541959517,0.0887229920656,0.587152556307,0.594505808174,0.9772,0.9389
B_saltelli,583,0.697189183558,0.0607228223294,0.919828934208,0.796181389432,0.9564,0.8722
B_saltelli,584,0.878803059813,0.550999414755,0.462160684919,0.940280425741,0.9599,0.8667
B_saltelli,585,0.47636289179,0.272333406411,0.031415700633,0.858086678248,0.9857,0.9611
B_saltelli,586,0.776600254638,0.807328070778,0.0459172248221,0.145802098545,0.9538,0.8167
B_saltelli,587,0.757455319908,0.614222922556,0.194266927861,0.837980274368,0.9608,0.8667
B_saltelli,588,0.0808562448905,0.834537022196,0.431411562425,0.36523136596,0.967,0.85
B_saltelli,589,0.658241943163,0.782472268631,0.349431197679,0.153367869494,0.9614,0.8333
B_saltelli,590,0.623524291498,0.292428241065,0.105880167501,0.31386642179,0.9795,0.9444
B_saltelli,591,0.203474307373,0.135699038976,0.988169863806,0.793208660236,0.9617,0.8889
B_saltelli,592,0.954014137577,0.516106972781,0.422350819479,0.246410882741,0.9599,0.8667
B_saltelli,593,0.245674680379,0.74508560358,0.679951364334,0.120764849256,0.9602,0.85
B_saltelli,594,0.223449436248,0.481967736218,0.749961303761,0.421596851636,0.964,0.8778
B_saltelli,595,0.376696198424,0.1153058772,0.248561764166,0.725642690966,0.9857,0.9667
B_saltelli,596,0.793937189969,0.894364589642,0.811963684291,0.0492018531064,0.9272,0.7222
B_saltelli,597,0.222138637196,0.46712492236,0.4433256202,0.114579401276,0.9699,0.9
B_saltelli,598,0.202936347805,0.056980602956,0.790250538114,0.408845188132,0.9713,0.9278
B_saltelli,599,0.234931522347,0.551229464061,0.920657407822,0.962414568967,0.9558,0.8444
B_saltelli,600,0.850680898268,0.807042093167,0.580519902943,0.352108780066,0.9459,0.7889
B_saltelli,601,0.271648825312,0.193705890284,0.136947586479,0.596874261438,0.9851,0.9778
B_saltelli,602,0.194467013124,0.509323055272,0.23757349359,0.594911758091,0.9772,0.9278
B_saltelli,603,0.0221808112216,0.476523808689,0.306697848945,0.137239244241,0.9854,0.9333
B_saltelli,604,0.607919935539,0.802455965979,0.753129628567,0.560492950956,0.9424,0.7722
B_saltelli,605,0.782166623591,0.941867442856,0.317248120783,0.55055413993,0.9515,0.8056
B_saltelli,606,0.391346965925,0.762629979166,0.565584256724,0.846833189003,0.9626,0.85
B_saltelli,607,0.43724981305,0.396937821659,0.547227053401,0.859210675625,0.9678,0.8833
B_saltelli,608,0.4336899348,0.806191479105,0.946955956938,0.605855202555,0.9558,0.8222
B_saltelli,609,0.505631133087,0.261979199138,0.936193896611,0.761366709495,0.9643,0.9
B_saltelli,610,0.0710934088407,0.738427219384,0.994386985052,0.319836203587,0.95,0.7944
B_saltelli,611,0.88792024675,0.168344959495,0.914873454738,0.834856095271,0.948,0.8611
B_saltelli,612,0.939861964195,0.241220552046,0.53026739621,0.0292389809486,0.9702,0.9389
B_saltelli,613,0.602769609205,0.369408798685,0.903677699103,0.355970969211,0.948,0.8222
B_saltelli,614,0.0130678309224,0.541078602111,0.312252685281,0.851769596596,0.9845,0.9278
B_saltelli,615,0.730670433525,0.763296669133,0.00576735044247,0.509369149358,0.9611,0.8667
B_saltelli,616,0.447212496235,0.838761407082,0.408495639406,0.24976208246,0.9708,0.8833
B_saltelli,617,0.86773316149,0.834279185239,0.217253129782,0.0553319472886,0.9529,0.8111
B_saltelli,618,0.616774494937,0.586702711352,0.683301480321,0.999104636247,0.9512,0.8167
B_saltelli,619,0.0885071191785,0.591069506285,0.691308519406,0.0223972340414,0.9643,0.8556
B_saltelli,620,0.672923787605,0.923089645033,0.0913894862424,0.478857755069,0.9632,0.8333
B_saltelli,621,0.807830535441,0.588572554768,0.890586113002,0.332391284145,0.9348,0.7778
B_saltelli,622,0.48469255024,0.683288095515,0.571922494966,0.484562693252,0.9684,0.8889
B_saltelli,623,0.0517855200876,0.190371922173,0.12035677642,0.76051809926,0.9898,0.9611
B_saltelli,624,0.486065079093,0.16865698772,0.139875419253,0.46156331745,0.9833,0.9778
B_saltelli,625,0.476843457729,0.80011841899,0.855707640465,0.0542166915941,0.9582,0.8389
B_saltelli,626,0.303066311196,0.445964411859,0.83527256362,0.340199307443,0.9588,0.8611
B_saltelli,627,0.180018611177,0.267840487925,0.0825170308999,0.0818819766099,0.9833,0.9667
B_saltelli,628,0.398391178399,0.203598136877,0.0700861180039,0.418476726347,0.9874,0.9667
B_saltelli,629,0.216612184693,0.855521535973,0.498308026577,0.946601979963,0.9629,0.8556
B_saltelli,630,0.326355207133,0.616808383094,0.994829601175,0.500453929345,0.9567,0.85
B_saltelli,631,0.0195103611004,0.146194107779,0.61702817901,0.939823306021,0.9816,0.9278
B_saltelli,632,0.791423406544,0.167203288991,0.87289362401,0.920060165079,0.948,0.8611
B_saltelli,633,0.154746227986,0.329679136643,0.795360503357,0.513096576712,0.9678,0.9056
B_saltelli,634,0.685300927638,0.666110332266,0.0500147399051,0.137862109117,0.9684,0.8667
B_saltelli,635,0.00781836855083,0.448745631313,0.0561757134678,0.36887197789,0.993,0.9667
B_saltelli,636,0.84207353194,0.301452740789,0.906875319206,0.34178901529,0.9436,0.8333
B_saltelli,637,0.949008669199,0.249587362845,0.0764499957267,0.356278029077,0.9775,0.9667
B_saltelli,638,0.362632976919,0.377548742799,0.355459991865,0.43946024291,0.9763,0.9222
B_saltelli,639,0.523641279842,0.173638703571,0.113598777311,0.37256876094,0.9833,0.9667
B_saltelli,640,0.108052375977,0.458420108997,0.27252361454,0.801512002998,0.9769,0.9056
B_saltelli,641,0.734830683277,0.159385502876,0.244088537304,0.879622100389,0.9746,0.9667
B_saltelli,642,0.0030027533323,0.525685173517,0.761128725107,0.0986686656085,0.9737,0.8889
B_saltelli,643,0.878704581973,0.325882290034,0.417714147948,0.178103392699,0.9696,0.9278
B_saltelli,644,0.703156290378,0.830575408255,0.658860411191,0.30993874899,0.9421,0.7778
B_saltelli,645,0.387771531998,0.469924883441,0.974509768693,0.728545739057,0.9611,0.8556
B_saltelli,646,0.202443794202,0.545057591717,0.973132365557,0.782132640356,0.9529,0.8333
B_saltelli,647,0.450802103725,0.40125962297,0.992754133914,0.231929632528,0.9629,0.8667
B_saltelli,648,0.658468927864,0.843616909506,0.434930298614,0.550067469694,0.9576,0.8167
B_saltelli,649,0.0719881220393,0.852590763415,0.360185838652,0.0117773249566,0.9675,0.85
B_saltelli,650,0.156883096175,0.320231287692,0.183686014972,0.506332650465,0.9825,0.9611
B_saltelli,651,0.900178153265,0.176476633952,0.143586169267,0.27323639399,0.9792,0.9778
B_saltelli,652,0.0726673414962,0.630152322916,0.168091241967,0.770965766351,0.9792,0.9056
B_saltelli,653,0.827169322478,0.974330636119,0.0688873667248,0.0617674185085,0.952,0.8056
B_saltelli,654,0.395021320892,0.265633282794,0.0190645030873,0.666956300812,0.988,0.9667
B_saltelli,655,0.15056832461,0.409130316493,0.160826441983,0.880202724125,0.9807,0.95
B_saltelli,656,0.504609684829,0.204383137566,0.646974839012,0.750556656793,0.9734,0.9389
B_saltelli,657,0.95298957956,0.274824030998,0.797082141367,0.729577725917,0.9503,0.8611
B_saltelli,658,0.757956515001,0.622360556866,0.506507914076,0.345001429725,0.955,0.8444
B_saltelli,659,0.311992650789,0.212751278543,0.748945494842,0.633921490239,0.9702,0.9167
B_saltelli,660,0.74581588368,0.0149759908067,0.500532386124,0.118138288065,0.9775,0.9833
B_saltelli,661,0.549141209068,0.698997152177,0.349319900634,0.169600020733,0.9658,0.8611
B_saltelli,662,0.603876985889,0.715260079577,0.327963362002,0.109337848883,0.9602,0.8333
B_saltelli,663,0.377496824337,0.68235835858,0.165623767516,0.477877237512,0.9792,0.9222
B_saltelli,664,0.389503623119,0.114285821352,0.0605864181937,0.782621030355,0.9901,0.9833
B_saltelli,665,0.564399733293,0.284838335806,0.556474564246,0.472479617566,0.9737,0.9222
B_saltelli,666,0.724572478735,0.945312414625,0.689016009973,0.794727923897,0.9333,0.7611
B_saltelli,667,0.9964898972,0.239413541111,0.0363208639843,0.846084263178,0.9775,0.9667
B_saltelli,668,0.994473468482,0.525901981753,0.647650654092,0.563199681467,0.9526,0.8389
B_saltelli,669,0.716532399669,0.170828533818,0.0109166132786,0.344112715266,0.9795,0.9833
B_saltelli,670,0.816730635671,0.690080989185,0.346190607921,0.181311555984,0.955,0.8278
B_saltelli,671,0.889580872994,0.856254687371,0.323093072609,0.680670794348,0.9515,0.8056
B_saltelli,672,0.101352635486,0.446357139857,0.12880707399,0.186833721193,0.9827,0.9278
B_saltelli,673,0.183587237582,0.716532083173,0.869203707395,0.397039015988,0.9547,0.8333
B_saltelli,674,0.161024580093,0.0441242594654,0.339795099216,0.179964617152,0.9845,0.9778
B_saltelli,675,0.399459869401,0.745377545852,0.987163560691,0.731952940826,0.9561,0.8278
B_saltelli,676,0.901491497667,0.276336309182,0.299994089763,0.124360244081,0.9751,0.9556
B_saltelli,677,0.459893058833,0.744449453307,0.645063482363,0.942356292423,0.9626,0.8556
B_saltelli,678,0.359706513549,0.0412912541925,0.298955806674,0.243503649317,0.9825,0.9611
B_saltelli,679,0.692158847576,0.199245824112,0.0119417897713,0.56679842627,0.9874,0.9833
B_saltelli,680,0.852181956594,0.204524327154,0.7694603268,0.569078203407,0.9544,0.8833
B_saltelli,681,0.479377600193,0.525994726022,0.516310393616,0.668134650033,0.9684,0.8889
B_saltelli,682,0.775222608299,0.0689281126196,0.177260474544,0.172069183499,0.981,0.9889
B_saltelli,683,0.575477624868,0.137604024547,0.384477357493,0.381385404575,0.9769,0.9444
B_saltelli,684,0.648509359887,0.211958147515,0.0432093229884,0.420756093574,0.9851,0.9722
B_saltelli,685,0.372752236943,0.72753299534,0.280353816118,0.812521408343,0.9737,0.8944
B_saltelli,686,0.112595162138,0.571984206664,0.465777768558,0.735327420944,0.9722,0.8833
B_saltelli,687,0.299506304272,0.94161679076,0.0806604676243,0.403066905341,0.9711,0.8889
B_saltelli,688,0.0966447202039,0.984533731494,0.481308471502,0.695938044947,0.9661,0.8444
B_saltelli,689,0.69412565112,0.919348894584,0.0390265074579,0.969582212087,0.9632,0.8333
B_saltelli,690,0.487399952018,0.860191395301,0.406005548537,0.117039031054,0.967,0.8889
B_saltelli,691,0.675330718106,0.489389811971,0.127046219928,0.816319260553,0.9713,0.8889
B_saltelli,692,0.337741734572,0.0299693799604,0.0459272244891,0.948103370198,0.9868,0.9889
B_saltelli,693,0.902705905424,0.570763018651,0.71628105264,0.629023342464,0.945,0.8167
B_saltelli,694,0.0439384915387,0.985398122745,0.644369995874,0.722196594704,0.9608,0.8
B_saltelli,695,0.206982924265,0.751774899092,0.939667420241,0.891758919066,0.95,0.8111
B_saltelli,696,0.926198967919,0.310423034951,0.573611903732,0.926965094394,0.9667,0.9167
B_saltelli,697,0.550797350262,0.438909443238,0.0876533373981,0.0421289181244,0.9769,0.9167
B_saltelli,698,0.238977202209,0.916684858699,0.456241296713,0.977155865188,0.9637,0.8611
B_saltelli,699,0.163799196237,0.970047274833,0.424340357327,0.911731758413,0.964,0.8556
B_saltelli,700,0.978736573409,0.470198733582,0.605835107286,0.409451877192,0.9558,0.8556
B_saltelli,701,0.204823733503,0.075830057122,0.220736565652,0.626595850245,0.986,0.9833
B_saltelli,702,0.780243480656,0.736691570419,0.988009635881,0.402903185544,0.9263,0.7278
B_saltelli,703,0.889761581899,0.442697926072,0.493944043875,0.397414933996,0.9626,0.8833
B_saltelli,704,0.671210453182,0.244335447539,0.943285493794,0.74120668867,0.9515,0.8444
B_saltelli,705,0.484905329489,0.177310084947,0.10979788197,0.0672785851135,0.9868,0.9722
B_saltelli,706,0.205227457374,0.506199255434,0.488461691944,0.654891742144,0.9713,0.9056
B_saltelli,707,0.940667780656,0.597459678387,0.366002896881,0.43832594016,0.962,0.8722
B_saltelli,708,0.081782579661,0.617178995439,0.273274084517,0.350496161375,0.9743,0.8889
B_saltelli,709,0.762847392667,0.563828450568,0.178729567918,0.605402282627,0.9635,0.8833
B_saltelli,710,0.815546109417,0.906102752004,0.0252572574636,0.242815112532,0.952,0.8056
B_saltelli,711,0.256141831124,0.204570519139,0.318426411851,0.214667713383,0.9822,0.9667
B_saltelli,712,0.516896095155,0.0806388706053,0.603305803637,0.639775352194,0.9757,0.9444
B_saltelli,713,0.185862954751,0.749907173189,0.204023422972,0.108459726712,0.9719,0.8944
B_saltelli,714,0.581056342779,0.1360307922,0.825950266529,0.141546367784,0.9535,0.8556
B_saltelli,715,0.380109007983,0.530253115557,0.866355065785,0.260214790311,0.9602,0.85
B_saltelli,716,0.596865319081,0.0196448716515,0.238531651311,0.512300269357,0.9854,0.9833
B_saltelli,717,0.211148529552,0.233957120308,0.998377954311,0.923382716526,0.957,0.8667
B_saltelli,718,0.872141293442,0.725188698139,0.848966114124,0.866071647792,0.9292,0.7389
B_saltelli,719,0.716112675992,0.64084803445,0.0243966083377,0.326733672,0.9637,0.8833
B_saltelli,720,0.646331308118,0.467805498969,0.372044667338,0.188285865784,0.967,0.8722
B_saltelli,721,0.744132685289,0.797411544564,0.801998004145,0.738996586972,0.9307,0.7556
B_saltelli,722,0.844861825775,0.67918757179,0.366424777125,0.550087669077,0.9558,0.8333
B_saltelli,723,0.89239005101,0.381643089296,0.16267180441,0.635558144125,0.9687,0.9111
B_saltelli,724,0.517709091639,0.282814118259,0.689701301722,0.915817333457,0.9646,0.8889
B_saltelli,725,0.642749532267,0.0113235334437,0.746790162202,0.909869164174,0.9623,0.8944
B_saltelli,726,0.334499177009,0.0139828571229,0.533357177065,0.393169119109,0.9795,0.9611
B_saltelli,727,0.00193966789548,0.575707689708,0.63759260513,0.493542599937,0.9754,0.8889
B_saltelli,728,0.633203813725,0.494015032928,0.778157150324,0.938334492407,0.9494,0.8167
B_saltelli,729,0.834564363485,0.550169601397,0.550051403093,0.924007292906,0.957,0.8556
B_saltelli,730,0.164610740658,0.878073963091,0.318098801695,0.45139923293,0.9687,0.8778
B_saltelli,731,0.0746629532007,0.506569537309,0.820960856425,0.516507587567,0.9602,0.8444
B_saltelli,732,0.618740949777,0.6644809278,0.62087591556,0.36531041587,0.9535,0.8167
B_saltelli,733,0.972828817274,0.200937809239,0.330861537178,0.47862700883,0.9778,0.9722
B_saltelli,734,0.293275310761,0.863616281295,0.716967745271,0.949663454284,0.9579,0.8389
B_saltelli,735,0.394633546868,0.186167850601,0.555240602576,0.839944804016,0.9722,0.9111
B_saltelli,736,0.508957336123,0.406457576849,0.0976393831918,0.487911649888,0.9778,0.9444
B_saltelli,737,0.353496649799,0.292691899597,0.818427717539,0.477625220619,0.9579,0.8556
B_saltelli,738,0.959055977873,0.0816261862865,0.871763819965,0.631561961256,0.948,0.8611
B_saltelli,739,0.320918336262,0.0517514434094,0.176274122951,0.405413224528,0.986,0.9833
B_saltelli,740,0.707021872962,0.314424099359,0.0538051873133,0.976307961223,0.9769,0.9389
B_saltelli,741,0.794307477607,0.516937873434,0.199716193712,0.0576473033138,0.9643,0.8833
B_saltelli,742,0.31263672176,0.754004638447,0.948519074949,0.970684129759,0.9526,0.8278
B_saltelli,743,0.507415498987,0.427081404602,0.181124477485,0.327572889385,0.9769,0.9389
B_saltelli,744,0.761731133568,0.352544195832,0.652015368949,0.61534809005,0.9594,0.8833
B_saltelli,745,0.233979368507,0.939597451209,0.321248594985,0.016487193726,0.9673,0.8722
B_saltelli,746,0.989137387273,0.91927606411,0.00201459415177,0.912940333119,0.9535,0.8111
B_saltelli,747,0.812794108478,0.575004472595,0.862691471681,0.0767789318105,0.9348,0.7778
B_saltelli,748,0.981657550059,0.756243517577,0.864187717237,0.773657612901,0.9269,0.7278
B_saltelli,749,0.340262695719,0.662946505497,0.0473727475276,0.665307515867,0.9763,0.9222
B_saltelli,750,0.748867645044,0.463074565919,0.456962141743,0.183667250176,0.9608,0.8778
B_saltelli,751,0.411244377866,0.202739702788,0.0177178068321,0.295471963111,0.9889,0.9722
B_saltelli,752,0.0805888893838,0.931438039079,0.147529486196,0.121304491111,0.9731,0.8667
B_saltelli,753,0.996327896682,0.0861318011942,0.493358253452,0.0791256773447,0.9757,0.9667
B_saltelli,754,0.895338761412,0.822730309672,0.132446206688,0.431462107138,0.9529,0.8111
B_saltelli,755,0.726213306896,0.565372556325,0.172323473619,0.912725088272,0.9611,0.8778
B_saltelli,756,0.889164519356,0.511478662829,0.781455071712,0.185081187407,0.9421,0.8056
B_saltelli,757,0.683603770128,0.878905719382,0.155895173436,0.268328665565,0.9617,0.8278
B_saltelli,758,0.931573086758,0.306138954264,0.769586301056,0.678828060013,0.95,0.8556
B_saltelli,759,0.668682153011,0.843189962151,0.779262889189,0.297355330551,0.9421,0.7667
B_saltelli,760,0.37181971157,0.572337424613,0.231467320229,0.500614090788,0.9778,0.9167
B_saltelli,761,0.724075254945,0.0948950202414,0.913854610072,0.508426356982,0.9491,0.8722
B_saltelli,762,0.252392095923,0.0619032440895,0.563271705067,0.928463579302,0.9772,0.95
B_saltelli,763,0.28698451104,0.172463569234,0.163926147288,0.0421973811335,0.9851,0.9778
B_saltelli,764,0.725470673471,0.278769336267,0.981686704782,0.572275105961,0.9433,0.8389
B_saltelli,765,0.742574819228,0.40108188254,0.80844259291,0.389831628533,0.9421,0.8278
B_saltelli,766,0.782655718294,0.410898986628,0.0864821499353,0.00713245710457,0.9678,0.9056
B_saltelli,767,0.0699465244139,0.441094184153,0.485491741318,0.816548255224,0.974,0.8944
B_saltelli,768,0.0371062325679,0.344636707287,0.0931457826014,0.604154370076,0.9874,0.9389
B_saltelli,769,0.179642769356,0.66264714374,0.309414016413,0.707200274226,0.9722,0.9
B_saltelli,770,0.656985529279,0.86775917103,0.235010543062,0.441301833764,0.9617,0.8278
B_saltelli,771,0.531056174119,0.695690751331,0.494227644005,0.648788820806,0.9611,0.8444
B_saltelli,772,0.302308241309,0.46554956672,0.319502340383,0.289653317797,0.9731,0.9111
B_saltelli,773,0.70182449408,0.599643073143,0.887367554532,0.396204660762,0.9389,0.7833
B_saltelli,774,0.253257884783,0.449987579627,0.44888546408,0.883563046128,0.9725,0.9167
B_saltelli,775,0.843901112536,0.757632270628,0.119537502847,0.463523018469,0.9556,0.8278
B_saltelli,776,0.461235226409,0.901774586297,0.835218502995,0.696201391997,0.9506,0.7944
B_saltelli,777,0.402918057917,0.929232958474,0.724682641724,0.605213458932,0.9544,0.8056
B_saltelli,778,0.794736770328,0.783345652194,0.145653119914,0.105182875388,0.9538,0.8167
B_saltelli,779,0.644434343716,0.717175907523,0.366686865545,0.124797692672,0.9623,0.8389
B_saltelli,780,0.693899159347,0.880566246781,0.53309171022,0.906323102915,0.9523,0.7944
B_saltelli,781,0.485854645394,0.529132000262,0.806984855522,0.0889385039246,0.964,0.8722
B_saltelli,782,0.174487531211,0.503886901223,0.838812595562,0.381660765105,0.9596,0.8611
B_saltelli,783,0.0760099794756,0.328465236138,0.716523864866,0.169372017108,0.967,0.8722
B_saltelli,784,0.685197353247,0.128283285027,0.92584066838,0.0089603494551,0.9538,0.8556
B_saltelli,785,0.508985979412,0.719639094137,0.471621550294,0.891289306125,0.9684,0.9
B_saltelli,786,0.588869961438,0.438325741578,0.00855978829912,0.929369746414,0.9766,0.9167
B_saltelli,787,0.873268736972,0.405361496785,0.694779427929,0.648382107906,0.9515,0.85
B_saltelli,788,0.426392313017,0.578248166704,0.403929123489,0.545827420037,0.9763,0.9111
B_saltelli,789,0.326877203948,0.194869947886,0.131789408134,0.419193504895,0.9851,0.9778
B_saltelli,790,0.32298238878,0.0686742995499,0.013323827772,0.761428243881,0.9874,0.9889
B_saltelli,791,0.266520087418,0.316591963478,0.347706335741,0.110677928553,0.9804,0.9556
B_saltelli,792,0.67046749047,0.434908021626,0.0448491977781,0.484420315347,0.9737,0.9
B_saltelli,793,0.386289875584,0.277857217762,0.209236638836,0.671670553271,0.9813,0.9389
B_saltelli,794,0.796737515357,0.872988917036,0.639210890603,0.00343383392899,0.9412,0.7667
B_saltelli,795,0.804796891635,0.569166136785,0.626219749516,0.16191082707,0.9526,0.8389
B_saltelli,796,0.507648386003,0.452935616605,0.919756966637,0.572968972732,0.9608,0.8778
B_saltelli,797,0.553535287345,0.231789190844,0.449944256743,0.641681898047,0.9751,0.9278
B_saltelli,798,0.923378345388,0.520106650073,0.278124555309,0.164196889537,0.9629,0.8778
B_saltelli,799,0.962504714941,0.13875323415,0.644489629417,0.330060873533,0.9684,0.9389
B_saltelli,800,0.0989548386725,0.254236345426,0.8879615368,0.240963240879,0.9614,0.8556
B_saltelli,801,0.336509298818,0.624216513778,0.168783882788,0.192604371216,0.9772,0.9278
B_saltelli,802,0.422263044159,0.202732147975,0.352717898135,0.831004871361,0.9816,0.9444
B_saltelli,803,0.474646143329,0.813400002222,0.326078605186,0.861264527167,0.9713,0.8889
B_saltelli,804,0.670999718003,0.40113090786,0.658633525429,0.704064933624,0.9582,0.85
B_saltelli,805,0.859950144087,0.858661413876,0.337087966571,0.0015549353007,0.9515,0.8056
B_saltelli,806,0.975428738055,0.110814354424,0.471186358654,0.478132577634,0.9757,0.9667
B_saltelli,807,0.703914765376,0.0802419816203,0.994228418002,0.205556584362,0.9482,0.85
B_saltelli,808,0.510622360021,0.467188003739,0.0784692398498,0.0600115568897,0.976,0.9333
B_saltelli,809,0.205824848346,0.367596254574,0.760094822096,0.423735202577,0.9684,0.9056
B_saltelli,810,0.420726969852,0.90081827398,0.836678665974,0.272696674798,0.9515,0.7944
B_saltelli,811,0.326663606635,0.847785263467,0.0124919340391,0.60841841859,0.9699,0.8778
B_saltelli,812,0.149489498553,0.461826221107,0.0863020223349,0.92503494925,0.9781,0.9333
B_saltelli,813,0.0591903470487,0.541096860579,0.932070749241,0.538679480078,0.9673,0.8556
B_saltelli,814,0.00769228673545,0.434503318483,0.356123205702,0.320047240447,0.9871,0.9444
B_saltelli,815,0.992783604031,0.455842783563,0.554029306612,0.444932279807,0.9596,0.8722
B_saltelli,816,0.0420708787222,0.0790337505696,0.172766355102,0.654626764931,0.9883,0.9556
B_saltelli,817,0.426885412978,0.317237258945,0.89304081891,0.88835566456,0.9629,0.8667
B_saltelli,818,0.777900460784,0.312283976222,0.0683815506292,0.618569488281,0.974,0.9444
B_saltelli,819,0.183680712799,0.400983910739,0.537895575049,0.233599372822,0.9734,0.9222
B_saltelli,820,0.501861730958,0.526989370472,0.469934025331,0.61114914662,0.969,0.9056
B_saltelli,821,0.712750469409,0.281261337309,0.867256657593,0.26114149893,0.9477,0.8389
B_saltelli,822,0.85068188668,0.207812653798,0.409943281295,0.598207410548,0.9749,0.9611
B_saltelli,823,0.576482677917,0.419745240396,0.816321116575,0.0678440428369,0.9482,0.8222
B_saltelli,824,0.96913319976,0.186790442683,0.0923550854768,0.577888698758,0.9792,0.9778
B_saltelli,825,0.760535186647,0.401674403467,0.690871213291,0.981313793358,0.952,0.8556
B_saltelli,826,0.215360108157,0.0889809412272,0.743385863524,0.0023380026287,0.9728,0.9333
B_saltelli,827,0.942352674881,0.408224846837,0.723419254866,0.566376800481,0.9477,0.8333
B_saltelli,828,0.20474228907,0.9705415098,0.657047596668,0.0259768692446,0.9582,0.8333
B_saltelli,829,0.0253486007248,0.0825765250899,0.594078689836,0.164199890792,0.9825,0.9333
B_saltelli,830,0.0397337453232,0.275605115021,0.728574381203,0.35681669459,0.9754,0.9
B_saltelli,831,0.756588828808,0.895342304753,0.878115309286,0.348077339345,0.9249,0.7167
B_saltelli,832,0.839833182946,0.888205897739,0.867933064759,0.782616294413,0.9243,0.7111
B_saltelli,833,0.337894516451,0.1776766761,0.278361663293,0.419907581081,0.9822,0.9667
B_saltelli,834,0.335743208364,0.430400102487,0.175093918318,0.852146749723,0.9798,0.9444
B_saltelli,835,0.114144497127,0.750007697169,0.695092133477,0.616444423899,0.9608,0.8333
B_saltelli,836,0.13646802975,0.72162290807,0.196368832168,0.961420457021,0.9719,0.8944
B_saltelli,837,0.575290058362,0.142809393959,0.305935288371,0.769320678698,0.9784,0.95
B_saltelli,838,0.664190814978,0.153718862622,0.230182908809,0.521326186916,0.9845,0.9722
B_saltelli,839,0.615110958639,0.841830636091,0.224484108979,0.956145317473,0.962,0.8333
B_saltelli,840,0.518638706385,0.965826954466,0.991405209208,0.544057865824,0.9439,0.7833
B_saltelli,841,0.418218377556,0.193260535274,0.851479830167,0.271492038606,0.9655,0.8833
B_saltelli,842,0.5226843045,0.869316646223,0.567718812043,0.384811676144,0.9579,0.8278
B_saltelli,843,0.389811637551,0.261191869422,0.641344183037,0.0600635910135,0.9705,0.9
B_saltelli,844,0.651709991445,0.999497063043,0.134010574297,0.934508180295,0.9599,0.8167
B_saltelli,845,0.732564792098,0.454231546518,0.884550868366,0.00529476427905,0.9404,0.8167
B_saltelli,846,0.784075539577,0.102352670344,0.532192217241,0.00173018100329,0.9728,0.9556
B_saltelli,847,0.814696317897,0.345721042705,0.104397986881,0.888596703268,0.9713,0.9278
B_saltelli,848,0.168857519955,0.283744546584,0.00181382256509,0.130475527061,0.986,0.9722
B_saltelli,849,0.812407804264,0.534753523353,0.141129451948,0.027401323096,0.9643,0.8833
B_saltelli,850,0.930409305504,0.748502786915,0.197658760246,0.0862108046605,0.9556,0.8278
B_saltelli,851,0.222989218591,0.893319695703,0.373718871122,0.724470968333,0.9667,0.8722
B_saltelli,852,0.519023824731,0.483686130272,0.385219843693,0.0920722312389,0.9661,0.8722
B_saltelli,853,0.966055610219,0.436416749397,0.0344826910887,0.528146296034,0.967,0.9
B_saltelli,854,0.693604134309,0.815204602904,0.0721755129625,0.1800513485,0.964,0.8389
B_saltelli,855,0.360947998529,0.811370638258,0.440641301624,0.473736066366,0.967,0.8667
B_saltelli,856,0.122690267553,0.825157583518,0.696949022795,0.336228098309,0.9591,0.8222
B_saltelli,857,0.874579398671,0.17576719965,0.164938000815,0.611120183779,0.9792,0.9778
B_saltelli,858,0.980294733275,0.0863029787584,0.850277469325,0.109049350979,0.9494,0.8667
B_saltelli,859,0.236052476181,0.185813686103,0.0229705251362,0.323969084988,0.9857,0.9778
B_saltelli,860,0.204162535149,0.500210811385,0.159745646459,0.0187339409174,0.9772,0.9278
B_saltelli,861,0.572368617559,0.268165140199,0.73793446797,0.665459772884,0.9623,0.8833
B_saltelli,862,0.0895386101924,0.113773606528,0.332817458133,0.626816655986,0.9807,0.9333
B_saltelli,863,0.230823863577,0.584077562964,0.570325685874,0.337655633283,0.9675,0.8889
B_saltelli,864,0.0860137499253,0.522415691876,0.923087055373,0.79856608753,0.9573,0.8333
B_saltelli,865,0.00616391309184,0.856238383488,0.778529727899,0.863962778353,0.964,0.8278
B_saltelli,866,0.0981484191272,0.333284738114,0.653187318088,0.210642430248,0.969,0.8778
B_saltelli,867,0.851405942613,0.398409654925,0.00920463933941,0.347652073539,0.9687,0.9111
B_saltelli,868,0.958473802022,0.368381135839,0.285410974356,0.394792282311,0.969,0.9167
B_saltelli,869,0.737589583528,0.573389942332,0.872598256173,0.109036049203,0.9351,0.7833
B_saltelli,870,0.990107341361,0.611286131039,0.706123178155,0.450731535751,0.9462,0.8167
B_saltelli,871,0.23423981943,0.868229366109,0.405942386637,0.39787233274,0.9667,0.8722
B_saltelli,872,0.749628461805,0.244361660026,0.13744516434,0.54339207259,0.9766,0.9667
B_saltelli,873,0.0801796366296,0.477070929994,0.522539675352,0.83923050812,0.9725,0.8889
B_saltelli,874,0.956085101572,0.16768770186,0.912974409303,0.531829251665,0.948,0.8611
B_saltelli,875,0.125456683281,0.455701314378,0.299638367253,0.453323984026,0.9757,0.9333
B_saltelli,876,0.762978192206,0.0263858415053,0.924082165244,0.815633309479,0.9512,0.8833
B_saltelli,877,0.241480710869,0.266994217221,0.74141230742,0.297379321227,0.9711,0.9222
B_saltelli,878,0.373854362606,0.386599843001,0.514940786449,0.26532089031,0.9687,0.8889
B_saltelli,879,0.288554637574,0.771362456555,0.395183712476,0.783216965325,0.9667,0.8722
B_saltelli,880,0.975989212151,0.662405109701,0.88389011508,0.19703892186,0.9295,0.7444
B_saltelli,881,0.934472092646,0.586376323117,0.248473746467,0.938825524936,0.9635,0.8778
B_saltelli,882,0.781818874016,0.790079551025,0.973852112511,0.0949912869047,0.926,0.7222
B_saltelli,883,0.362583536941,0.832192545969,0.558954426347,0.172284896115,0.9588,0.8333
B_saltelli,884,0.990665371687,0.645532095696,0.00398398213855,0.337046102231,0.9614,0.8611
B_saltelli,885,0.369937773217,0.0598675578009,0.789149745553,0.783992084038,0.9713,0.9167
B_saltelli,886,0.514915826313,0.705633604754,0.372835272742,0.00621768455044,0.9617,0.8444
B_saltelli,887,0.819497012287,0.130262545525,0.16399317355,0.914852053523,0.9801,0.9833
B_saltelli,888,0.8945689034,0.734170430877,0.134889944454,0.740212142952,0.9564,0.8333
B_saltelli,889,0.548878116507,0.86696325988,0.473323632117,0.99539487739,0.9611,0.8389
B_saltelli,890,0.813654043876,0.667042765799,0.0576377589404,0.287432326443,0.9582,0.8444
B_saltelli,891,0.384495336844,0.0646044615029,0.71675842368,0.0889982277221,0.9728,0.9222
B_saltelli,892,0.719935574515,0.950007669537,0.816535903083,0.357404816533,0.9298,0.75
B_saltelli,893,0.743636399794,0.126487327384,0.299743597363,0.0637586094029,0.974,0.9667
B_saltelli,894,0.286093598356,0.781643545165,0.717497912257,0.765405219754,0.9579,0.8389
B_saltelli,895,0.0490568574579,0.0831989514939,0.964851154984,0.302383492166,0.9751,0.9056
B_saltelli,896,0.905981866989,0.888808505138,0.316399933941,0.619604587792,0.9515,0.8056
B_saltelli,897,0.179615980478,0.440059564888,0.67338656021,0.174677071458,0.969,0.9056
B_saltelli,898,0.697559080365,0.889406014271,0.917671372228,0.279047988195,0.9363,0.7444
B_saltelli,899,0.323419804738,0.966970140999,0.631963723157,0.214570742347,0.9567,0.8167
B_saltelli,900,0.936532275023,0.742903042575,0.419636342017,0.0960888330898,0.952,0.8167
B_saltelli,901,0.241863051463,0.712084256441,0.223540908868,0.69057478512,0.9728,0.9
B_saltelli,902,0.695743911005,0.0139322011418,0.00993699834835,0.398179347352,0.9901,1
B_saltelli,903,0.668390600627,0.147569178086,0.266980732511,0.176314149756,0.983,0.9667
B_saltelli,904,0.447131739558,0.38982927003,0.261615044811,0.591953747727,0.9798,0.9333
B_saltelli,905,0.429112276305,0.0407658144274,0.871713494318,0.618169313485,0.9699,0.9111
B_saltelli,906,0.263187001589,0.603143833618,0.684788586678,0.997388080087,0.9646,0.8778
B_saltelli,907,0.921109676921,0.345871386149,0.828583165139,0.408111630905,0.943,0.8222
B_saltelli,908,0.0546762100956,0.606363648014,0.546753451227,0.348129519668,0.9716,0.8611
B_saltelli,909,0.181624993318,0.628647294195,0.463325000522,0.58138696863,0.9705,0.9
B_saltelli,910,0.495502537832,0.628754972614,0.262308497765,0.997364877642,0.9711,0.9111
B_saltelli,911,0.0515102633669,0.80709351138,0.65273597954,0.822814775424,0.9635,0.8167
B_saltelli,912,0.991488028779,0.938497688171,0.574279317769,0.110253920935,0.9456,0.7833
B_saltelli,913,0.667856468648,0.63465754165,0.109406727917,0.944408429228,0.9687,0.8722
B_saltelli,914,0.366097680181,0.511793173036,0.887132729762,0.854734799469,0.9556,0.8389
B_saltelli,915,0.382704738384,0.536654375243,0.450983754744,0.266408855799,0.9749,0.9056
B_saltelli,916,0.583593532437,0.0160668650283,0.122553663292,0.216077584244,0.9854,0.9833
B_saltelli,917,0.691128416818,0.842448353246,0.51867442632,0.821907970628,0.9532,0.8
B_saltelli,918,0.915445663539,0.99271966868,0.730068055869,0.436797494359,0.9336,0.7444
B_saltelli,919,0.603372231022,0.982828605968,0.522839827761,0.638975861544,0.9509,0.7889
B_saltelli,920,0.362579031857,0.273418948096,0.918611274898,0.34879557695,0.9573,0.85
B_saltelli,921,0.742597494853,0.261684419238,0.08121455189,0.724710458684,0.9754,0.9611
B_saltelli,922,0.469367670246,0.710999544218,0.18517763612,0.650191862724,0.9769,0.9167
B_saltelli,923,0.230713722059,0.348592805183,0.874782573631,0.0442041774057,0.9643,0.8944
B_saltelli,924,0.0819883466714,0.218675865614,0.836553867189,0.95266363895,0.9637,0.8667
B_saltelli,925,0.38001925939,0.212590190222,0.99745164908,0.0431341421239,0.9617,0.8667
B_saltelli,926,0.0501634879917,0.148521469279,0.899969836789,0.272683119928,0.9766,0.9111
B_saltelli,927,0.417101061312,0.943154027368,0.605033965024,0.114561963885,0.9564,0.8111
B_saltelli,928,0.735344332861,0.474039124498,0.818305736121,0.165866589998,0.9386,0.8056
B_saltelli,929,0.969479679527,0.784732888775,0.0397407308771,0.456784616489,0.9538,0.8167
B_saltelli,930,0.496505884346,0.20156890952,0.852001372922,0.71961722872,0.9664,0.9111
B_saltelli,931,0.0189571039883,0.572439421722,0.498445360813,0.259777606875,0.9813,0.9111
B_saltelli,932,0.543057089949,0.0894986354814,0.863494268847,0.649614743566,0.9629,0.8944
B_saltelli,933,0.809591089662,0.966652090569,0.668770172014,0.88770956597,0.9401,0.7667
B_saltelli,934,0.574604803895,0.506908754313,0.600654557824,0.198141006062,0.9573,0.8389
B_saltelli,935,0.853800951231,0.28820968791,0.555562364407,0.920953308645,0.9693,0.9333
B_saltelli,936,0.898082196801,0.585071698388,0.594578536073,0.0582605557398,0.9547,0.8444
B_saltelli,937,0.650968994121,0.370399753644,0.609381426811,0.0695988226641,0.9629,0.8722
B_saltelli,938,0.0328423189718,0.124765950325,0.772703397742,0.78664439615,0.9781,0.9167
B_saltelli,939,0.546943392009,0.366695029543,0.968662972481,0.271409717555,0.9576,0.8611
B_saltelli,940,0.651136220044,0.386587330662,0.313599387515,0.30889786219,0.9719,0.9
B_saltelli,941,0.0209754586374,0.853049461255,0.51884755309,0.462065627297,0.9713,0.8556
B_saltelli,942,0.553312009444,0.62403602289,0.214623760467,0.323650864124,0.9728,0.8944
B_saltelli,943,0.798913281735,0.371320925867,0.0646394804431,0.148890888405,0.9705,0.9222
B_saltelli,944,0.943801996248,0.69471310973,0.630027555714,0.223953891619,0.9447,0.7889
B_saltelli,945,0.939295691856,0.844961462772,0.866443957088,0.75229166778,0.9251,0.7167
B_saltelli,946,0.725416749179,0.0439792385609,0.933506397156,0.211432329789,0.9485,0.8722
B_saltelli,947,0.778259698458,0.470334183535,0.300730841234,0.849251254162,0.9646,0.8889
B_saltelli,948,0.249578642059,0.504847790856,0.701641767858,0.548149206026,0.964,0.8778
B_saltelli,949,0.51107571655,0.456817359407,0.959448520608,0.516254742022,0.9515,0.8278
B_saltelli,950,0.0153563450657,0.695778494205,0.964303350682,0.466323698559,0.9626,0.8333
B_saltelli,951,0.876666304823,0.509556817851,0.376110281945,0.146415594536,0.9614,0.8722
B_saltelli,952,0.884617047204,0.370274934611,0.0553598560539,0.321469706359,0.9705,0.9222
B_saltelli,953,0.414660798868,0.55055271219,0.913581554956,0.764473320111,0.9602,0.85
B_saltelli,954,0.675154581693,0.500789937437,0.80000158958,0.82039281204,0.9494,0.8167
B_saltelli,955,0.358692002116,0.433021025825,0.563067349241,0.697319338236,0.9667,0.8833
B_saltelli,956,0.581579962863,0.591575673485,0.677426783868,0.298403963866,0.9509,0.8167
B_saltelli,957,0.094923880634,0.552145290376,0.514603961108,0.431535737376,0.9716,0.8833
B_saltelli,958,0.101568112398,0.897097301986,0.907992871862,0.81263501837,0.9518,0.7944
B_saltelli,959,0.72168788027,0.692984696016,0.907178396108,0.809693062534,0.9325,0.7667
B_saltelli,960,0.604089709333,0.0693941967525,0.927520636145,0.067718536626,0.955,0.8667
B_saltelli,961,0.279507833981,0.251825750428,0.129127912657,0.0947561290624,0.9842,0.9722
B_saltelli,962,0.675339882605,0.0934158648099,0.827799080448,0.288730828501,0.9591,0.8778
B_saltelli,963,0.0038054220948,0.144231024416,0.977772939931,0.446764552676,0.9684,0.8778
B_saltelli,964,0.733365109811,0.515044266926,0.518718930463,0.541740537388,0.9439,0.8167
B_saltelli,965,0.381090367309,0.256867645902,0.50814079255,0.454983477449,0.9734,0.9111
B_saltelli,966,0.266378876149,0.768328775069,0.514619241118,0.328839139415,0.9632,0.8611
B_saltelli,967,0.466578694071,0.734363500694,0.634865722538,0.15400534888,0.9658,0.8722
B_saltelli,968,0.79738833457,0.833939702917,0.583320563867,0.197866243342,0.945,0.7833
B_saltelli,969,0.239185552847,0.741760190428,0.44484543973,0.519243745941,0.9646,0.8667
B_saltelli,970,0.0747627143986,0.0629142868253,0.568891744277,0.0543801446814,0.9749,0.9111
B_saltelli,971,0.190785241776,0.0420263003308,0.0729913424754,0.408412358596,0.986,0.9833
B_saltelli,972,0.938962904492,0.816647370783,0.771519128081,0.607096379321,0.9316,0.7389
B_saltelli,973,0.16260768336,0.283877999414,0.528384626921,0.863674320291,0.9751,0.9333
B_saltelli,974,0.0782583751606,0.834981126702,0.558421553008,0.376792165898,0.9626,0.8333
B_saltelli,975,0.758050111795,0.107032719315,0.481943960393,0.0263858517172,0.9757,0.9722
B_saltelli,976,0.296374389145,0.318967123398,0.455963905627,0.868316563357,0.976,0.9389
B_saltelli,977,0.904561202726,0.291607964176,0.83525580908,0.286875208293,0.9474,0.85
B_saltelli,978,0.742479703305,0.513921051485,0.159277189851,0.38663453194,0.962,0.8833
B_saltelli,979,0.0242763489927,0.651305186279,0.590700910972,0.57105187489,0.9746,0.8833
B_saltelli,980,0.446199563861,0.0899174260275,0.564647318536,0.168132062455,0.9772,0.9389
B_saltelli,981,0.78218967079,0.663738779766,0.533325437549,0.805301249864,0.9509,0.8167
B_saltelli,982,0.838530546722,0.898369379148,0.800421373297,0.337316198242,0.9287,0.7278
B_saltelli,983,0.179321613047,0.629790895123,0.72584782057,0.592883599296,0.9632,0.8722
B_saltelli,984,0.174231234652,0.133368285814,0.82238066914,0.849103731577,0.9675,0.9111
B_saltelli,985,0.739164613218,0.679280329186,0.526169181191,0.853231882646,0.9395,0.7889
B_saltelli,986,0.0286403093358,0.681570684936,0.657675324172,0.790848455913,0.9728,0.8722
B_saltelli,987,0.575433979166,0.117701928029,0.691459076858,0.269902965175,0.9579,0.8722
B_saltelli,988,0.169469608092,0.18684252275,0.400420655363,0.240923225609,0.9822,0.9667
B_saltelli,989,0.395334675967,0.559698054594,0.35414668769,0.556805854579,0.9763,0.9111
B_saltelli,990,0.816145012707,0.516071093579,0.861579775792,0.517057530752,0.9357,0.7833
B_saltelli,991,0.694033022198,0.201392971881,0.299854322533,0.43318895459,0.9816,0.9611
B_saltelli,992,0.751548705059,0.469389526232,0.83113007024,0.88341504863,0.9401,0.8056
B_saltelli,993,0.0952668423742,0.0374491391428,0.000941285622405,0.538271362209,0.9962,0.9944
B_saltelli,994,0.298917711524,0.273972932064,0.148320681767,0.0658862644717,0.9833,0.9667
B_saltelli,995,0.739514272605,0.694585217047,0.106736623941,0.537141035269,0.9605,0.8667
B_saltelli,996,0.750424051903,0.379093911361,0.114338428369,0.786439476016,0.9687,0.9167
B_saltelli,997,0.712419573832,0.365154072928,0.523486626393,0.464699557788,0.9573,0.8667
B_saltelli,998,0.731125933411,0.87455259852,0.617878628851,0.555492341063,0.9377,0.7778
B_saltelli,999,0.277148363983,0.299097053035,0.845825062527,0.695492224121,0.9658,0.9
B_saltelli,1000,0.777065777484,0.573028178912,0.792413949165,0.506348872412,0.9398,0.7944
B_saltelli,1001,0.786965165135,0.721885720612,0.21684923766,0.845346631232,0.9564,0.8333
B_saltelli,1002,0.281981607063,0.439846709466,0.675298792886,0.0351442236618,0.9699,0.9111
B_saltelli,1003,0.632664080928,0.854816390289,0.355994375839,0.784616470187,0.9567,0.8111
B_saltelli,1004,0.899794570956,0.126576164688,0.672328296868,0.203865396656,0.9655,0.9278
B_saltelli,1005,0.271418015797,0.228861896913,0.486119249765,0.149940092425,0.9769,0.9444
B_saltelli,1006,0.575832130368,0.835666996463,0.353790984932,0.357976692223,0.9582,0.8222
B_saltelli,1007,0.925559443822,0.715123583198,0.242277014832,0.966896598396,0.9564,0.8333
B_saltelli,1008,0.0478143092486,0.605671501047,0.91318278477,0.428220824258,0.9646,0.8389
B_saltelli,1009,0.819918059754,0.748261063392,0.77414003707,0.568860557223,0.9333,0.75
B_saltelli,1010,0.713448548473,0.939917849325,0.234638251826,0.686332179623,0.9608,0.8444
B_saltelli,1011,0.0759944474355,0.524567616275,0.935241057075,0.663553896029,0.9573,0.8333
B_saltelli,1012,0.953178235487,0.0139584037148,0.466014772284,0.948974249547,0.9775,0.9778
B_saltelli,1013,0.96304502787,0.538372333496,0.372646173062,0.507379751016,0.9614,0.8722
B_saltelli,1014,0.745548987959,0.474713159563,0.0191121493776,0.553964328452,0.9652,0.8944
B_saltelli,1015,0.47758134391,0.43897281282,0.17993210585,0.8164243035,0.9795,0.9333
B_saltelli,1016,0.924644488672,0.958844684771,0.155523169582,0.181683341027,0.952,0.8056
B_saltelli,1017,0.00587923010643,0.715216268408,0.0895992069416,0.438206814009,0.986,0.9222
B_saltelli,1018,0.214789435232,0.0374145079306,0.62060170065,0.690037249825,0.9787,0.9556
B_saltelli,1019,0.726508232714,0.232824715396,0.671605822202,0.276832928036,0.9529,0.8778
B_saltelli,1020,0.568494824235,0.830686081903,0.0682687942196,0.697900794076,0.9681,0.8611
B_saltelli,1021,0.248605171262,0.732310900189,0.351223498348,0.0719364490159,0.969,0.8833
B_saltelli,1022,0.693072585103,0.524525509016,0.616472140848,0.298897151766,0.9567,0.8333
B_saltelli,1023,0.521205521228,0.983071071116,0.430152670893,0.497010462226,0.9585,0.8278
AB_p_err,0,0.207261168704,0.816554153051,0.482563757835,0.694967547085,0.9643,0.8611
AB_p_err,1,0.740090866192,0.241809052484,0.389726512612,0.782269361021,0.9681,0.9333
AB_p_err,2,0.960668976434,0.229833118929,0.30365388238,0.208930205849,0.9769,0.9667
AB_p_err,3,0.332395611987,0.0910268266861,0.0134551572024,0.38595959767,0.9874,0.9889
AB_p_err,4,0.78234940106,0.422676180957,0.999526950995,0.0793489288384,0.9368,0.7944
AB_p_err,5,0.139033656818,0.973262851868,0.930896497211,0.0880237994969,0.948,0.7944
AB_p_err,6,0.8077318571,0.611078304062,0.559224097999,0.593590614159,0.9553,0.8444
AB_p_err,7,0.0390563788396,0.776889099635,0.54723791439,0.417286847561,0.9664,0.8278
AB_p_err,8,0.0628432761128,0.610683400731,0.830347804405,0.260288627432,0.9573,0.8278
AB_p_err,9,0.838677046521,0.732668826192,0.0686203525461,0.828176299344,0.9564,0.8333
AB_p_err,10,0.782357640872,0.234194356337,0.32141612627,0.893977182742,0.9769,0.9667
AB_p_err,11,0.547389483164,0.808464091541,0.400568919219,0.302434442261,0.9626,0.8444
AB_p_err,12,0.388411028129,0.278797344324,0.576813982824,0.209371408196,0.9696,0.8944
AB_p_err,13,0.848662270667,0.203104251163,0.790144252995,0.366424930341,0.9529,0.8778
AB_p_err,14,0.37442687614,0.60582027857,0.237623856748,0.951047540739,0.9778,0.9167
AB_p_err,15,0.827276985053,0.788706973173,0.754950498342,0.770522420663,0.9339,0.75
AB_p_err,16,0.422132234693,0.185439106092,0.523186401724,0.33332206801,0.9722,0.9111
AB_p_err,17,0.976990721362,0.699385502884,0.776624172531,0.762106765154,0.9342,0.7556
AB_p_err,18,0.134930858233,0.475864154746,0.790665166841,0.876041391455,0.9626,0.8722
AB_p_err,19,0.86716818762,0.743776717671,0.100889486433,0.519978186605,0.9556,0.8278
AB_p_err,20,0.637705319915,0.356845033994,0.977413469472,0.860481107321,0.9456,0.8111
AB_p_err,21,0.607981409941,0.228055918828,0.324368708882,0.181897681682,0.9787,0.95
AB_p_err,22,0.835127818805,0.613073568381,0.975305362194,0.419970893494,0.933,0.7667
AB_p_err,23,0.325783858942,0.682993722719,0.165320183296,0.239813395893,0.9754,0.9167
AB_p_err,24,0.942332303257,0.155457850031,0.61198689708,0.13213107487,0.9699,0.9444
AB_p_err,25,0.482700662692,0.98490723359,0.386508944437,0.734064164159,0.9637,0.8444
AB_p_err,26,0.139087365719,0.739397590591,0.933961711819,0.958534231997,0.95,0.8111
AB_p_err,27,0.76468290663,0.0866238048207,0.974302552121,0.636919176737,0.948,0.8611
AB_p_err,28,0.302709834035,0.727814221615,0.654593990706,0.224789664209,0.9632,0.8667
AB_p_err,29,0.217537846026,0.261839082302,0.964802179478,0.792289987613,0.9623,0.8889
AB_p_err,30,0.475563924395,0.0954996231399,0.712837368944,0.0582133802934,0.974,0.9278
AB_p_err,31,0.29502797656,0.0843323446836,0.540205279531,0.920899316158,0.9772,0.95
AB_p_err,32,0.469785820403,0.923578609283,0.635602125251,0.139583444765,0.9596,0.8333
AB_p_err,33,0.018845283463,0.705162403071,0.630256569615,0.597210503774,0.9728,0.8722
AB_p_err,34,0.476048807653,0.153117019176,0.295789248129,0.224621309939,0.981,0.95
AB_p_err,35,0.93720097379,0.858369176649,0.786189491857,0.233340498275,0.9307,0.7333
AB_p_err,36,0.765577819364,0.0462641131177,0.66013178206,0.931245009906,0.9687,0.9444
AB_p_err,37,0.85089817903,0.432654567776,0.871978346586,0.514021558463,0.9374,0.7944
AB_p_err,38,0.988168619679,0.321917227089,0.940168815987,0.509768429119,0.9427,0.8278
AB_p_err,39,0.951865975641,0.7014701112,0.259545624911,0.150559010876,0.955,0.8278
AB_p_err,40,0.612308124866,0.441054110221,0.820273154489,0.582052154227,0.9497,0.8222
AB_p_err,41,0.671565163369,0.0889837741771,0.104831928907,0.251400971664,0.9863,0.9833
AB_p_err,42,0.562718773559,0.0944953712231,0.14215845917,0.458721369308,0.9868,0.9833
AB_p_err,43,0.263357355639,0.563085225333,0.85981170955,0.317028788282,0.9573,0.85
AB_p_err,44,0.118994108147,0.331243808459,0.146013691649,0.545946991059,0.9836,0.9333
AB_p_err,45,0.925220783737,0.5774554277,0.0149592740653,0.785850384381,0.9635,0.8778
AB_p_err,46,0.934540920672,0.696649100514,0.610391890012,0.983268065429,0.9462,0.7944
AB_p_err,47,0.583208950713,0.183930668877,0.263029404353,0.442926744555,0.9798,0.9556
AB_p_err,48,0.878031605107,0.663352580045,0.824800273812,0.239598659894,0.9325,0.7556
AB_p_err,49,0.00784106989097,0.427094487291,0.512983536294,0.505241504154,0.9842,0.9333
AB_p_err,50,0.728150760178,0.197382760886,0.0441311983018,0.806823103437,0.9772,0.9722
AB_p_err,51,0.106749702273,0.345196330741,0.737914918375,0.813101877657,0.9655,0.8667
AB_p_err,52,0.668603647396,0.279031684355,0.557759491944,0.126163235629,0.9725,0.9222
AB_p_err,53,0.658364291173,0.893530954799,0.742941809323,0.00466285460262,0.9412,0.7611
AB_p_err,54,0.309409908884,0.227324443537,0.135594104925,0.513280447087,0.9819,0.9556
AB_p_err,55,0.719742172349,0.606422603164,0.397765073693,0.56276274965,0.9535,0.8444
AB_p_err,56,0.866997902042,0.107658857494,0.198862308231,0.241465497888,0.9801,0.9833
AB_p_err,57,0.362405694615,0.897272042016,0.243345962995,0.664034705662,0.9678,0.8611
AB_p_err,58,0.0305447169207,0.314006009309,0.727416292073,0.634870101666,0.9763,0.9
AB_p_err,59,0.489918469276,0.856685150249,0.979763864995,0.240244685923,0.9567,0.85
AB_p_err,60,0.306343418084,0.355523030101,0.253475470435,0.115503368956,0.9772,0.9333
AB_p_err,61,0.865703500228,0.252383830714,0.795772970622,0.29113423572,0.9512,0.8667
AB_p_err,62,0.316732160627,0.182367183909,0.730972358169,0.608967416251,0.9728,0.9333
AB_p_err,63,0.0544626672783,0.308611986738,0.789984920253,0.499263396959,0.9737,0.8889
AB_p_err,64,0.204913223934,0.560421011967,0.801827088843,0.598684140126,0.9602,0.8611
AB_p_err,65,0.560869879032,0.09082196187,0.275210576423,0.85086089861,0.9833,0.9722
AB_p_err,66,0.736849253795,0.760274406977,0.251494711485,0.627123348275,0.9538,0.8389
AB_p_err,67,0.683485115173,0.265561619239,0.203398249303,0.256023320911,0.9827,0.9611
AB_p_err,68,0.140021074707,0.451600527199,0.49493991991,0.428376848511,0.9725,0.9167
AB_p_err,69,0.359657807523,0.482807461028,0.548561314777,0.714909447119,0.9658,0.8778
AB_p_err,70,0.358888983098,0.841454733901,0.237470829205,0.902811366952,0.9696,0.8722
AB_p_err,71,0.685619238077,0.0632619601019,0.162723262192,0.503915820686,0.9871,0.9889
AB_p_err,72,0.270286231847,0.288832850459,0.940805854927,0.582168320494,0.9614,0.8833
AB_p_err,73,0.972941972837,0.640049366178,0.549846608315,0.612264423032,0.9544,0.8389
AB_p_err,74,0.855242803019,0.123542975268,0.864136176238,0.814012868036,0.948,0.8611
AB_p_err,75,0.00753770751842,0.160535197097,0.328469031589,0.00249976758749,0.9889,0.9556
AB_p_err,76,0.472406089102,0.499993805259,0.389896548188,0.980828602649,0.9743,0.9111
AB_p_err,77,0.937293533431,0.760991753741,0.590979207419,0.590532144055,0.9468,0.7944
AB_p_err,78,0.713169247595,0.715367724095,0.393655040804,0.0229836336373,0.9582,0.8389
AB_p_err,79,0.537757280299,0.961567442553,0.826746942804,0.145338333718,0.9491,0.8
AB_p_err,80,0.362814289942,0.101978860131,0.0790739626835,0.642854645037,0.988,0.9778
AB_p_err,81,0.485845965527,0.575748183453,0.803617835556,0.369409018509,0.964,0.8722
AB_p_err,82,0.197163573857,0.19077123444,0.442037802488,0.133303571944,0.9792,0.9556
AB_p_err,83,0.542035564529,0.213391989828,0.505954514263,0.980538261368,0.9751,0.9278
AB_p_err,84,0.822246804866,0.157509515206,0.862896977402,0.878902202467,0.948,0.8611
AB_p_err,85,0.199152143441,0.464647637884,0.532434117422,0.6548984245,0.9699,0.9
AB_p_err,86,0.879996786839,0.794603338549,0.0436522858704,0.952290618411,0.9538,0.8167
AB_p_err,87,0.334319329645,0.710451108512,0.54425316418,0.921854310712,0.9673,0.8833
AB_p_err,88,0.615134313593,0.524817659137,0.562893518568,0.615778099906,0.9596,0.8444
AB_p_err,89,0.16810498483,0.952805957815,0.0929551332593,0.352209703871,0.9693,0.8778
AB_p_err,90,0.432761292811,0.97818329701,0.573816935603,0.219751585731,0.9556,0.8056
AB_p_err,91,0.0575785242257,0.10745714189,0.0413132785395,0.621411311667,0.9927,0.9722
AB_p_err,92,0.0692552551956,0.420362949671,0.0240583411725,0.734225072034,0.9901,0.9556
AB_p_err,93,0.460053926772,0.416970944625,0.415411936178,0.260593931178,0.9734,0.9056
AB_p_err,94,0.5231330794,0.59626353069,0.23342901356,0.446191654081,0.9711,0.8889
AB_p_err,95,0.0641215984808,0.764695722393,0.9670354096,0.943807817017,0.9529,0.8056
AB_p_err,96,0.809249768001,0.621181909708,0.236766033669,0.301299680676,0.9617,0.8667
AB_p_err,97,0.26615877,0.926822305294,0.214223904385,0.345016422967,0.9711,0.8889
AB_p_err,98,0.157316955823,0.669846691049,0.262716034118,0.54505834944,0.9722,0.9
AB_p_err,99,0.300516466968,0.27776290755,0.825085836994,0.226761217514,0.9658,0.9
AB_p_err,100,0.610642272971,0.412577388827,0.263383277912,0.124964120431,0.9696,0.8889
AB_p_err,101,0.81639521275,0.300179466409,0.76954498331,0.535755499159,0.9509,0.8611
AB_p_err,102,0.549600856901,0.919928669111,0.66000789566,0.119192620086,0.9561,0.8222
AB_p_err,103,0.314197544189,0.424688740646,0.225189938192,0.868369052099,0.9763,0.9333
AB_p_err,104,0.951752609647,0.565087020712,0.969252747837,0.61048133252,0.9357,0.7833
AB_p_err,105,0.916302906556,0.750785668042,0.0749257665232,0.81130613364,0.9556,0.8278
AB_p_err,106,0.0344616413886,0.314693043244,0.79552936251,0.760112550173,0.9737,0.8889
AB_p_err,107,0.799501155047,0.225768248099,0.930562930693,0.386759579363,0.9462,0.85
AB_p_err,108,0.395823905059,0.967840772565,0.909453361778,0.958093036192,0.9497,0.7833
AB_p_err,109,0.0933383458441,0.774823493631,0.382750682084,0.726364086745,0.9693,0.8611
AB_p_err,110,0.156501061672,0.325782896435,0.517007598607,0.586353680884,0.9751,0.9333
AB_p_err,111,0.112505110307,0.103801018371,0.0118538738252,0.352410996796,0.9953,0.9889
AB_p_err,112,0.193101992934,0.521818804221,0.614123041346,0.925027134488,0.9699,0.9
AB_p_err,113,0.0816945722911,0.256159771851,0.513806266782,0.210121720775,0.976,0.9111
AB_p_err,114,0.26021477454,0.18644379093,0.354752903669,0.320724582934,0.9822,0.9667
AB_p_err,115,0.00447509989103,0.241183730353,0.507170432531,0.412053864768,0.9851,0.9389
AB_p_err,116,0.389633180894,0.296202835075,0.161484934707,0.405347688334,0.9819,0.9389
AB_p_err,117,0.124190615116,0.466733989624,0.230563835765,0.61298389068,0.9763,0.9
AB_p_err,118,0.802424437247,0.761467393781,0.154083815695,0.597571826172,0.9556,0.8278
AB_p_err,119,0.309919183752,0.0211241493911,0.289695045264,0.760439180435,0.9792,0.95
AB_p_err,120,0.230997280205,0.403794751945,0.841317559144,0.342600765386,0.964,0.8889
AB_p_err,121,0.289433965862,0.718688960076,0.846443888273,0.53248623184,0.9553,0.8333
AB_p_err,122,0.0320941162316,0.703614942406,0.919307176068,0.631085826144,0.9658,0.8333
AB_p_err,123,0.179343511638,0.911083977316,0.77397626476,0.373784319812,0.957,0.8333
AB_p_err,124,0.0190474237035,0.693324849567,0.754097370296,0.193150602206,0.9699,0.8611
AB_p_err,125,0.472544349491,0.386915637972,0.36095706145,0.612792922143,0.976,0.9222
AB_p_err,126,0.361422039488,0.112269852027,0.276144157419,0.80383355879,0.9807,0.95
AB_p_err,127,0.638762776897,0.0935615711858,0.680115454594,0.106441139205,0.9649,0.9
AB_p_err,128,0.76034095106,0.832570175273,0.0239200031952,0.668612480536,0.952,0.8111
AB_p_err,129,0.1423737975,0.236374270417,0.807222272785,0.587768217667,0.9658,0.9
AB_p_err,130,0.379317653839,0.185277067206,0.183625272536,0.187467019669,0.9854,0.9611
AB_p_err,131,0.976963877863,0.137690490431,0.637086915388,0.682499881163,0.9684,0.9389
AB_p_err,132,0.351881819529,0.949198569275,0.868598707959,0.968261674756,0.9433,0.7667
AB_p_err,133,0.640801981839,0.091975541416,0.376845147189,0.310514678933,0.9819,0.9667
AB_p_err,134,0.0610616992335,0.583915381068,0.842336709406,0.639341368255,0.9678,0.8556
AB_p_err,135,0.212361577189,0.355042687166,0.0242888963924,0.228309412237,0.983,0.9611
AB_p_err,136,0.677073083198,0.0832001013601,0.275034515558,0.0875448002269,0.9848,0.9778
AB_p_err,137,0.352685301619,0.94000068788,0.768614971154,0.700317313909,0.9491,0.7889
AB_p_err,138,0.734541147848,0.970555573664,0.253320424589,0.252559729332,0.9512,0.8222
AB_p_err,139,0.842046928748,0.0852490567132,0.651901995608,0.0395247729258,0.9684,0.9389
AB_p_err,140,0.684130929248,0.689972459442,0.308159670734,0.744906671126,0.9632,0.8444
AB_p_err,141,0.611384800704,0.162976898458,0.257747880409,0.275463848172,0.981,0.9611
AB_p_err,142,0.923565076676,0.294119256898,0.692550057438,0.106725891597,0.9567,0.8833
AB_p_err,143,0.948187001637,0.257807503177,0.831757754961,0.295046074749,0.9482,0.8556
AB_p_err,144,0.437123969433,0.0828906716913,0.588787055419,0.150213005201,0.9757,0.9333
AB_p_err,145,0.88829225971,0.124528473359,0.333135388795,0.804294413587,0.9787,0.9778
AB_p_err,146,0.917906521958,0.0479282779681,0.618443466747,0.816517215445,0.9716,0.9556
AB_p_err,147,0.221113268995,0.622081171489,0.272194320208,0.477196801051,0.9749,0.9167
AB_p_err,148,0.906997849386,0.172674466121,0.286445642095,0.842482826446,0.9787,0.9778
AB_p_err,149,0.613903913792,0.277868809555,0.350046721709,0.841790804932,0.9769,0.9389
AB_p_err,150,0.762135745477,0.0481191905299,0.889574939746,0.715927594966,0.9512,0.8833
AB_p_err,151,0.00351300062733,0.543394683733,0.996568395506,0.167617636946,0.964,0.85
AB_p_err,152,0.0727697570253,0.749412667584,0.850267887115,0.721701671341,0.9558,0.8167
AB_p_err,153,0.592130563849,0.0852546039736,0.176792784956,0.443491039797,0.9845,0.9778
AB_p_err,154,0.341149664467,0.597622769521,0.688000065206,0.554535390253,0.9684,0.8944
AB_p_err,155,0.701520439811,0.761383423108,0.81583504174,0.649143099297,0.9345,0.7556
AB_p_err,156,0.201935086534,0.56089195393,0.112694443657,0.209848067699,0.9763,0.9222
AB_p_err,157,0.0356634029515,0.698710034206,0.0820810481772,0.509292846475,0.9787,0.8833
AB_p_err,158,0.0828679887145,0.529886964499,0.694835862564,0.389605918136,0.9652,0.8611
AB_p_err,159,0.508602339527,0.618468864213,0.206560592322,0.664184524518,0.9746,0.9278
AB_p_err,160,0.892296295275,0.955125451535,0.24853604742,0.32049191368,0.952,0.8056
AB_p_err,161,0.67225151573,0.065671859461,0.603698320848,0.69161790734,0.974,0.9389
AB_p_err,162,0.242221553725,0.987116621872,0.630488490962,0.201495941325,0.9614,0.85
AB_p_err,163,0.170829092247,0.224686027243,0.672183942581,0.426607341899,0.9716,0.9222
AB_p_err,164,0.12912782071,0.802591811849,0.865196368979,0.723888874327,0.9456,0.7944
AB_p_err,165,0.156753545002,0.876490022753,0.6101386652,0.683370828368,0.9629,0.8556
AB_p_err,166,0.729104076493,0.198614161716,0.505834450058,0.807992256696,0.9582,0.9
AB_p_err,167,0.387061493627,0.20753891252,0.48397639582,0.332642017455,0.9787,0.9333
AB_p_err,168,0.222616471995,0.539007303459,0.608919758001,0.0623876984889,0.9675,0.8889
AB_p_err,169,0.841197269889,0.925175467343,0.4107130523,0.144496040613,0.9485,0.7944
AB_p_err,170,0.390135984405,0.498559178528,0.119643750117,0.14801970945,0.983,0.9389
AB_p_err,171,0.777115214444,0.516123011553,0.602197256286,0.773545687368,0.9556,0.85
AB_p_err,172,0.828915351947,0.200633676104,0.589012211007,0.886043741266,0.9705,0.9444
AB_p_err,173,0.907209609526,0.3568752014,0.647468286014,0.841051143566,0.9588,0.8778
AB_p_err,174,0.610326613911,0.547486963077,0.693867822377,0.148029687401,0.9477,0.8056
AB_p_err,175,0.413903256017,0.275217746029,0.567552779949,0.612640529817,0.9696,0.8944
AB_p_err,176,0.440082402724,0.238536861705,0.0308735345037,0.561034223915,0.988,0.9667
AB_p_err,177,0.942878689026,0.850501081902,0.317913785154,0.753129430374,0.9515,0.8056
AB_p_err,178,0.70140654385,0.557738252974,0.441679402428,0.932264304595,0.9591,0.8556
AB_p_err,179,0.0229535480727,0.900252771812,0.90421712087,0.785701445925,0.9573,0.8
AB_p_err,180,0.931844904169,0.646531461325,0.0607149483981,0.962460151252,0.9599,0.8556
AB_p_err,181,0.316995854159,0.565819475979,0.829194817068,0.914232193118,0.9599,0.8667
AB_p_err,182,0.392288861052,0.696419835384,0.0233659777782,0.439152991412,0.9827,0.9333
AB_p_err,183,0.910629625486,0.23315837942,0.228999661271,0.468062343081,0.9784,0.9722
AB_p_err,184,0.498996405105,0.108126078977,0.984595077476,0.658437606754,0.9681,0.9222
AB_p_err,185,0.858765650926,0.686454767695,0.604989280622,0.453110266995,0.9477,0.8
AB_p_err,186,0.794687496462,0.803122781626,0.315716597865,0.897722114434,0.9532,0.8167
AB_p_err,187,0.0753849568394,0.680413229095,0.800901601776,0.613100410511,0.9567,0.8222
AB_p_err,188,0.579604370716,0.497943648612,0.329986921714,0.909710945652,0.9652,0.8667
AB_p_err,189,0.109335659105,0.957491001893,0.742397405295,0.181716427342,0.9567,0.8111
AB_p_err,190,0.768622907745,0.0256855003124,0.103054556748,0.747066747468,0.9819,0.9944
AB_p_err,191,0.40909393225,0.0575137162858,0.561189966519,0.989972385464,0.9757,0.9333
AB_p_err,192,0.290394191116,0.759776484907,0.13762645996,0.153947135932,0.9719,0.8944
AB_p_err,193,0.252182814591,0.0467386498898,0.0782531037974,0.121616313445,0.986,0.9833
AB_p_err,194,0.235372661061,0.1960862127,0.0180797151804,0.00917401445341,0.9857,0.9778
AB_p_err,195,0.344096134129,0.788269939995,0.579070455385,0.719903215663,0.9629,0.8556
AB_p_err,196,0.81122997019,0.681584714041,0.425701284407,0.165600276385,0.952,0.8167
AB_p_err,197,0.28747345317,0.48690450038,0.937475198396,0.906008845756,0.9553,0.8444
AB_p_err,198,0.41391023622,0.143162200713,0.133257020386,0.78727000898,0.9883,0.9722
AB_p_err,199,0.566086388978,0.0718099514381,0.895622174772,0.250432090139,0.9629,0.8944
AB_p_err,200,0.403227119944,0.819110903364,0.555843807282,0.406624179773,0.9608,0.8389
AB_p_err,201,0.749610704887,0.782724761835,0.576117806652,0.259048944319,0.9465,0.7944
AB_p_err,202,0.231695499644,0.448935776133,0.107243437662,0.970854703064,0.9807,0.95
AB_p_err,203,0.121671321965,0.0502294529152,0.716196426785,0.942034634058,0.9713,0.9
AB_p_err,204,0.579980086225,0.140151983864,0.293782359395,0.721809438379,0.9784,0.95
AB_p_err,205,0.350665113411,0.240510951956,0.919286701816,0.2538133573,0.9573,0.8556
AB_p_err,206,0.184906790379,0.178095472476,0.200567018223,0.126468347168,0.9851,0.9778
AB_p_err,207,0.723970361983,0.801132870369,0.0201487386181,0.801154059486,0.9602,0.8611
AB_p_err,208,0.300067578879,0.945382180387,0.910141750044,0.221849912344,0.952,0.8167
AB_p_err,209,0.597936881378,0.400551642608,0.593076483015,0.932989870811,0.9635,0.8722
AB_p_err,210,0.631061174494,0.614542199217,0.864998581794,0.118045131404,0.9442,0.7944
AB_p_err,211,0.857278929614,0.391061487706,0.454696646547,0.954900460414,0.9643,0.8944
AB_p_err,212,0.951701498616,7.72085658314e-05,0.249228190688,0.11888979278,0.9819,0.9944
AB_p_err,213,0.139548144346,0.453489752009,0.486588605524,0.291879383868,0.974,0.9222
AB_p_err,214,0.144939873917,0.880257608368,0.0455742903219,0.612043388517,0.9708,0.8833
AB_p_err,215,0.403672059515,0.16525358398,0.569025097877,0.379806577142,0.9722,0.9111
AB_p_err,216,0.833916993554,0.496919109812,0.928715438323,0.880443919625,0.9365,0.7889
AB_p_err,217,0.766528614588,0.0529505277221,0.311965894153,0.0695296637793,0.9804,0.9889
AB_p_err,218,0.505197749119,0.800199883365,0.77060445163,0.339973386299,0.9602,0.8667
AB_p_err,219,0.189659172995,0.381016846866,0.0157561691158,0.801595428968,0.9836,0.9611
AB_p_err,220,0.405858201762,0.909104767343,0.298339516275,0.0378258591907,0.9675,0.8556
AB_p_err,221,0.703054770716,0.430559589482,0.625527944116,0.7646734385,0.9523,0.8389
AB_p_err,222,0.745780949076,0.249436571127,0.181233937601,0.518936445556,0.9766,0.9667
AB_p_err,223,0.118663050926,0.808459665228,0.843314852295,0.493762886413,0.9541,0.8056
AB_p_err,224,0.246688800149,0.413913084293,0.850150272993,0.267798803512,0.9626,0.8833
AB_p_err,225,0.303870007619,0.952634329498,0.397811351927,0.803708629942,0.9637,0.8556
AB_p_err,226,0.169306811402,0.944071664304,0.760298547579,0.75466039973,0.9561,0.8278
AB_p_err,227,0.703245619288,0.306113122272,0.97359517684,0.221154039398,0.945,0.8222
AB_p_err,228,0.681606105555,0.615686690543,0.85718143795,0.462229642355,0.9447,0.7944
AB_p_err,229,0.852419058981,0.487214953274,0.239932977975,0.970215323015,0.9661,0.8944
AB_p_err,230,0.918691872207,0.295358331072,0.409650590575,0.174463095647,0.9713,0.9389
AB_p_err,231,0.362239421077,0.493482517997,0.568962456164,0.117778418367,0.9658,0.8778
AB_p_err,232,0.860316119182,0.340196392402,0.713344054787,0.127972440662,0.9518,0.8556
AB_p_err,233,0.927022130319,0.834501457138,0.471985769394,0.438233637108,0.9494,0.8
AB_p_err,234,0.464834430136,0.216096966883,0.280382831979,0.856183953441,0.9778,0.9333
AB_p_err,235,0.870114591334,0.797999137529,0.784468615642,0.656620541983,0.9325,0.7444
AB_p_err,236,0.459969217339,0.13457038703,0.696013471221,0.740879653907,0.974,0.9278
AB_p_err,237,0.958185937015,0.567142871683,0.699317560782,0.00339324870794,0.948,0.8278
AB_p_err,238,0.954053107925,0.415271319708,0.0984328466081,0.090718979139,0.9678,0.9056
AB_p_err,239,0.973491482872,0.688766078208,0.928910279986,0.943354061201,0.9278,0.7333
AB_p_err,240,0.9470701227,0.0999532888946,0.522207945062,0.905908169601,0.9728,0.9556
AB_p_err,241,0.132564119603,0.720245784957,0.21493761381,0.0468642646845,0.9737,0.9056
AB_p_err,242,0.303441133673,0.0145116681248,0.567964954151,0.546616991669,0.9743,0.9333
AB_p_err,243,0.0213288422532,0.636225214953,0.921302157961,0.510920038427,0.9643,0.8444
AB_p_err,244,0.122669529873,0.755688654466,0.579731696217,0.46670439316,0.9643,0.8444
AB_p_err,245,0.602401120778,0.77238864865,0.0499913537853,0.0248920673344,0.9652,0.85
AB_p_err,246,0.68787834312,0.0893101723064,0.252653050581,0.861595985857,0.9848,0.9778
AB_p_err,247,0.537795196052,0.418459822329,0.585497074654,0.495513967713,0.9687,0.8944
AB_p_err,248,0.181881484396,0.648289869695,0.0383783051464,0.645755055326,0.9751,0.9111
AB_p_err,249,0.846889938911,0.139703844881,0.382492662789,0.237902669989,0.9772,0.9722
AB_p_err,250,0.828663049373,0.280565832169,0.226834818259,0.70530650696,0.9766,0.9611
AB_p_err,251,0.303942236953,0.223643235647,0.189085069114,0.165325535342,0.9819,0.9556
AB_p_err,252,0.642587734098,0.855946018963,0.968559024291,0.602328449809,0.9333,0.7333
AB_p_err,253,0.771728642455,0.791033963821,0.663697465903,0.942949193476,0.9418,0.7778
AB_p_err,254,0.193881611328,0.111105418968,0.435728571828,0.791270365395,0.9792,0.9556
AB_p_err,255,0.77906100317,0.525653638555,0.297217555937,0.41816426683,0.9629,0.8778
AB_p_err,256,0.0315374872999,0.539973469738,0.939240824081,0.420262736491,0.9711,0.8667
AB_p_err,257,0.233149422286,0.982951057605,0.822912818285,0.935250776479,0.9526,0.8167
AB_p_err,258,0.253439134482,0.782512121189,0.463166318434,0.109292171615,0.9637,0.8611
AB_p_err,259,0.689311352499,0.10516358496,0.581889469426,0.859364090629,0.9728,0.9278
AB_p_err,260,0.00104868883378,0.431444930827,0.580243278188,0.606184722491,0.9813,0.9222
AB_p_err,261,0.274322337375,0.756567562298,0.0843438544842,0.297810055289,0.9719,0.8944
AB_p_err,262,0.920199879792,0.952857168491,0.50472958406,0.525883546059,0.9485,0.7944
AB_p_err,263,0.924695815215,0.221012726546,0.414147396533,0.384580765803,0.974,0.9556
AB_p_err,264,0.702553848151,0.856090117159,0.516553339553,0.440333910188,0.9442,0.7833
AB_p_err,265,0.478889070048,0.662153838914,0.53906083792,0.71856136997,0.9684,0.8889
AB_p_err,266,0.276643401648,0.529616869278,0.416921365642,0.453048426042,0.9705,0.9
AB_p_err,267,0.658904616664,0.95513836094,0.860198144269,0.587406292642,0.9368,0.7444
AB_p_err,268,0.320665780492,0.700727056213,0.787028050902,0.73920867029,0.9629,0.8667
AB_p_err,269,0.285757957762,0.99267786617,0.48232162514,0.611731587469,0.9629,0.8556
AB_p_err,270,0.649822778155,0.610339401671,0.572929226209,0.496967956279,0.9588,0.8389
AB_p_err,271,0.706854353718,0.885053602199,0.229332702234,0.164324771623,0.9608,0.8444
AB_p_err,272,0.933767171918,0.675875739852,0.583024015773,0.342756666855,0.9485,0.8056
AB_p_err,273,0.895834141745,0.769676295014,0.710669951909,0.598611871352,0.9377,0.7667
AB_p_err,274,0.240220150825,0.226569544074,0.56857337509,0.673434525676,0.9754,0.9389
AB_p_err,275,0.128827687177,0.52117214329,0.62048067856,0.636527107024,0.9658,0.8889
AB_p_err,276,0.70584004103,0.459566842091,0.839068648477,0.467598405992,0.9415,0.8
AB_p_err,277,0.213395856709,0.371023048542,0.950154246584,0.544397439971,0.9596,0.8722
AB_p_err,278,0.468070839279,0.599208317779,0.731153156406,0.111666794799,0.967,0.8833
AB_p_err,279,0.514357027553,0.939765881337,0.759267086928,0.122911380879,0.9518,0.8111
AB_p_err,280,0.667342992975,0.0865958644454,0.16006307065,0.722111535085,0.9863,0.9833
AB_p_err,281,0.38629914495,0.432707340545,0.786060089936,0.810577191577,0.9649,0.8722
AB_p_err,282,0.336694131884,0.749138264448,0.63692184714,0.00473847435027,0.9655,0.8722
AB_p_err,283,0.294310396961,0.708461081504,0.873734508523,0.706342939393,0.9538,0.8278
AB_p_err,284,0.854356661206,0.403905060557,0.368847594799,0.905613536428,0.9658,0.9
AB_p_err,285,0.0137546294488,0.477467081619,0.562201183749,0.787649556493,0.981,0.9167
AB_p_err,286,0.17582487274,0.757843453859,0.713023822364,0.32396339457,0.9588,0.8444
AB_p_err,287,0.715504782713,0.864469851056,0.184899367727,0.653877058291,0.9608,0.8444
AB_p_err,288,0.814531637433,0.308482143849,0.892287542662,0.271513768643,0.9427,0.8278
AB_p_err,289,0.778437086006,0.566968520842,0.215414091983,0.972059864529,0.9643,0.8833
AB_p_err,290,0.381121264671,0.465344297163,0.415847157397,0.449593752777,0.9772,0.9167
AB_p_err,291,0.621882570384,0.445943406684,0.820367525189,0.879708778585,0.9497,0.8222
AB_p_err,292,0.123344944694,0.711025749077,0.40543340979,0.500495354309,0.9687,0.8611
AB_p_err,293,0.021639707201,0.208735786746,0.322758199957,0.213518475029,0.988,0.95
AB_p_err,294,0.309601766518,0.904338995889,0.00712672402633,0.892785266696,0.9737,0.8889
AB_p_err,295,0.267184794604,0.405592301065,0.0949113997369,0.0340503223349,0.9816,0.9556
AB_p_err,296,0.176015394066,0.476754308436,0.0466657142948,0.0904269604129,0.9778,0.9278
AB_p_err,297,0.679577241038,0.0965189496865,0.169216544377,0.633591981254,0.9854,0.9778
AB_p_err,298,0.759254507936,0.895872685969,0.478417706544,0.928838859391,0.9477,0.7944
AB_p_err,299,0.704300966592,0.689140230568,0.594810734348,0.593235194995,0.9444,0.7889
AB_p_err,300,0.0608147307939,0.451175416313,0.0136455599671,0.701302887953,0.9863,0.9278
AB_p_err,301,0.0918857368322,0.402567937443,0.490248817838,0.239009942394,0.974,0.8944
AB_p_err,302,0.101310809958,0.25566357766,0.958835393689,0.303897566682,0.9599,0.85
AB_p_err,303,0.537179217588,0.0502731689261,0.515520276671,0.0567941218465,0.9804,0.9611
AB_p_err,304,0.281428465914,0.735127398278,0.783611911206,0.511290875416,0.9588,0.8444
AB_p_err,305,0.484080245846,0.554687395682,0.839795765361,0.961275938552,0.9626,0.8667
AB_p_err,306,0.120546256046,0.441799531317,0.115546449015,0.364803655606,0.9827,0.9278
AB_p_err,307,0.319344228473,0.307839832187,0.059729011219,0.434672607814,0.9801,0.95
AB_p_err,308,0.781533439498,0.203634843855,0.792547529712,0.782992917453,0.9529,0.8778
AB_p_err,309,0.855516145041,0.659139965213,0.683804686193,0.0790764016702,0.9462,0.8056
AB_p_err,310,0.501927669612,0.781508604199,0.866090577272,0.616226896746,0.9576,0.8556
AB_p_err,311,0.174668232252,0.0121778704825,0.781104043341,0.928264999282,0.9728,0.9333
AB_p_err,312,0.595312883433,0.248303981396,0.831661391493,0.351148978302,0.9526,0.85
AB_p_err,313,0.489257166216,0.311216642146,0.439179374625,0.824302501177,0.9716,0.9222
AB_p_err,314,0.191850048089,0.224813734038,0.47746860916,0.73060717095,0.9775,0.9444
AB_p_err,315,0.785211560764,0.0830091469588,0.362379793009,0.19240987272,0.9787,0.9778
AB_p_err,316,0.887547586696,0.23093838942,0.217508238374,0.938335382957,0.9784,0.9722
AB_p_err,317,0.327190525445,0.939051170921,0.196990520958,0.0473475199152,0.9635,0.8444
AB_p_err,318,0.170222318019,0.0308094211399,0.962394582051,0.217777111904,0.9626,0.8944
AB_p_err,319,0.599007370358,0.448972337083,0.923089495403,0.91661700446,0.9453,0.8056
AB_p_err,320,0.470685538867,0.824150668578,0.843451817594,0.764047670117,0.9573,0.8333
AB_p_err,321,0.959873471766,0.82985424182,0.132343189485,0.472658682534,0.9529,0.8111
AB_p_err,322,0.72991598564,0.393792529454,0.768865284442,0.905594858671,0.9442,0.8333
AB_p_err,323,0.666755550862,0.899251174091,0.120670146249,0.155502676026,0.9617,0.8278
AB_p_err,324,0.9714322274,0.938498455527,0.893233852646,0.830772813756,0.9243,0.7111
AB_p_err,325,0.42240776107,0.1807409267,0.10166702163,0.965973267287,0.9883,0.9722
AB_p_err,326,0.707936662415,0.16884298342,0.500954204892,0.0566604707659,0.9678,0.9222
AB_p_err,327,0.547408872631,0.904809511923,0.735347715165,0.291204881376,0.9535,0.8167
AB_p_err,328,0.781805175517,0.601922425909,0.744762392076,0.276642928159,0.9442,0.8111
AB_p_err,329,0.587692921159,0.00143289203279,0.6291743451,0.26060456714,0.9693,0.9222
AB_p_err,330,0.163550369114,0.422924298204,0.361036056221,0.0594010134456,0.9778,0.9389
AB_p_err,331,0.803341253645,0.743984390867,0.890960027019,0.76513034543,0.9269,0.7278
AB_p_err,332,0.255243347815,0.850572331713,0.142401345362,0.432071466803,0.9711,0.8889
AB_p_err,333,0.121473355709,0.117576047892,0.194786747458,0.255748002799,0.9865,0.9556
AB_p_err,334,0.533896801964,0.543733727515,0.563360198447,0.883508861703,0.9658,0.8722
AB_p_err,335,0.827592499568,0.277509032396,0.92660861788,0.0512298794912,0.9444,0.8389
AB_p_err,336,0.238738211032,0.420008528918,0.36929246974,0.450850614221,0.9772,0.9389
AB_p_err,337,0.75197872146,0.339496546831,0.0144602038807,0.982479926458,0.9713,0.9333
AB_p_err,338,0.384736168476,0.845636743678,0.678178932272,0.495365827928,0.9599,0.8333
AB_p_err,339,0.150233064916,0.796065858787,0.37963678238,0.840060235326,0.9681,0.8778
AB_p_err,340,0.0458804143046,0.414367465401,0.322803513606,0.274851826349,0.9784,0.9
AB_p_err,341,0.406322995217,0.377871102598,0.381533955898,0.631800949781,0.9789,0.9278
AB_p_err,342,0.99941362228,0.929275776139,0.991602723028,0.888825581479,0.9228,0.7056
AB_p_err,343,0.244113581194,0.332709750005,0.503427587863,0.413165424851,0.9746,0.9333
AB_p_err,344,0.347265735609,0.599059765612,0.870766602411,0.488171493886,0.9538,0.8333
AB_p_err,345,0.656494859645,0.503356937825,0.794962602179,0.810422125099,0.9491,0.8111
AB_p_err,346,0.401803224778,0.175149425202,0.61008944072,0.562031822904,0.9722,0.9111
AB_p_err,347,0.353384533279,0.0590090760978,0.175716378467,0.491468551235,0.986,0.9778
AB_p_err,348,0.604369722235,0.905624678289,0.739541214526,0.789136073845,0.9406,0.7611
AB_p_err,349,0.713590908,0.636261669103,0.665988034453,0.310570860954,0.945,0.8
AB_p_err,350,0.083856548821,0.324405596601,0.794220102824,0.642999975188,0.9635,0.8611
AB_p_err,351,0.630259128826,0.275801391636,0.31116944707,0.718355942894,0.9769,0.9389
AB_p_err,352,0.791946703665,0.112288513915,0.580045490496,0.928744107642,0.9713,0.95
AB_p_err,353,0.111080492643,0.209725436203,0.179374148826,0.0341494385417,0.9871,0.9556
AB_p_err,354,0.558422591545,0.444757120511,0.988799365099,0.155330292707,0.9535,0.8389
AB_p_err,355,0.34504516867,0.837226154766,0.83571864085,0.973347900546,0.9482,0.7944
AB_p_err,356,0.857127388236,0.738027716854,0.988562751364,0.32662691646,0.9263,0.7278
AB_p_err,357,0.67826518186,0.715254976304,0.357208160543,0.383696539243,0.9623,0.8389
AB_p_err,358,0.754489879655,0.404723382186,0.660997251846,0.446562136463,0.9561,0.8667
AB_p_err,359,0.999212688718,0.377654472466,0.100901798399,0.365714251879,0.9696,0.9167
AB_p_err,360,0.498566960077,0.00431107768727,0.72790557238,0.943070613278,0.9728,0.9444
AB_p_err,361,0.25921286393,0.573669982179,0.0226846309604,0.133040669233,0.9769,0.9222
AB_p_err,362,0.0201657386723,0.0127365721453,0.00543313684818,0.342516713395,0.9965,0.9889
AB_p_err,363,0.287126452842,0.689199302121,0.683344048096,0.399874872204,0.9611,0.8556
AB_p_err,364,0.109435799315,0.405489927153,0.147040239119,0.314292792505,0.9827,0.9278
AB_p_err,365,0.585337025257,0.905552229253,0.97607999045,0.790419725486,0.9327,0.7389
AB_p_err,366,0.120794895284,0.926494300227,0.0222211307219,0.107038929899,0.9795,0.8889
AB_p_err,367,0.0349451535961,0.318279514393,0.796724092311,0.987730466157,0.9737,0.8889
AB_p_err,368,0.704688997556,0.851546459117,0.339218839963,0.812055378284,0.9579,0.8333
AB_p_err,369,0.888756222519,0.463728347521,0.566824905036,0.130664090718,0.9588,0.8667
AB_p_err,370,0.823144764214,0.849984769993,0.627487714083,0.291642452108,0.9412,0.7667
AB_p_err,371,0.237628267532,0.0879022484038,0.0517421959853,0.715706469663,0.9874,0.9889
AB_p_err,372,0.630724165838,0.0905439705046,0.301933079359,0.787690074299,0.9813,0.9667
AB_p_err,373,0.487514143333,0.652864116651,0.655610107229,0.370829736396,0.9652,0.8889
AB_p_err,374,0.555991520265,0.418288126329,0.913933997889,0.224263107945,0.9567,0.8556
AB_p_err,375,0.96547383878,0.272826896065,0.585113562223,0.666099222441,0.9678,0.9278
AB_p_err,376,0.100754819489,0.639449297091,0.476797433597,0.0639906051849,0.9705,0.8722
AB_p_err,377,0.540124966435,0.878793437388,0.846726208893,0.939406370981,0.9485,0.8
AB_p_err,378,0.73265295988,0.157327971204,0.766580264181,0.845011332192,0.9512,0.8778
AB_p_err,379,0.609891865218,0.242885130354,0.771153188818,0.299798602905,0.9582,0.8722
AB_p_err,380,0.861241749085,0.694214211277,0.408939509983,0.774170421941,0.952,0.8167
AB_p_err,381,0.925194322521,0.18462614601,9.65380318463e-05,0.138102740188,0.9807,0.9833
AB_p_err,382,0.264749664203,0.931667940127,0.45079638223,0.42097816238,0.9629,0.8556
AB_p_err,383,0.991471289553,0.129906604847,0.286517337712,0.509988840251,0.9787,0.9778
AB_p_err,384,0.00928816956419,0.425728399929,0.990049728835,0.00724203206416,0.9667,0.8667
AB_p_err,385,0.536819000817,0.1554732555,0.667952126867,0.582279039048,0.9705,0.9167
AB_p_err,386,0.567077319104,0.805026295763,0.547667393661,0.0316920883351,0.9605,0.8389
AB_p_err,387,0.183134276579,0.137565313359,0.844512746729,0.597665744081,0.9675,0.9111
AB_p_err,388,0.0425026720633,0.139696336585,0.158474497638,0.0567853044826,0.9883,0.9556
AB_p_err,389,0.853257043442,0.67130680116,0.667192174962,0.528494582628,0.9444,0.7944
AB_p_err,390,0.720673047578,0.0785186697151,0.891967241757,0.619775467385,0.9491,0.8722
AB_p_err,391,0.648735841144,0.263535166722,0.614283311872,0.97721498658,0.969,0.9111
AB_p_err,392,0.668059240269,0.758172234943,0.506196196284,0.0106415114428,0.955,0.8111
AB_p_err,393,0.505517156747,0.402838389618,0.762414099885,0.734750030885,0.9646,0.8944
AB_p_err,394,0.351270189164,0.780603418217,0.111955797426,0.795065805671,0.974,0.8944
AB_p_err,395,0.413943390248,0.381638404633,0.165575834708,0.248099242867,0.9819,0.9389
AB_p_err,396,0.0343734747003,0.0684540301893,0.809292133215,0.608148660179,0.9766,0.9111
AB_p_err,397,0.0459579357724,0.433769570323,0.664788736637,0.101369986405,0.974,0.8833
AB_p_err,398,0.797820775643,0.132072266772,0.0271880326465,0.984369773213,0.9801,0.9833
AB_p_err,399,0.266490186946,0.396936051062,0.0216335191988,0.5700418039,0.9822,0.9556
AB_p_err,400,0.532353221247,0.381000678516,0.90708751655,0.75145178864,0.9558,0.8556
AB_p_err,401,0.115621128771,0.701424500022,0.702651091728,0.00133714451413,0.9608,0.8333
AB_p_err,402,0.860864056889,0.715635246193,0.464444331483,0.0397481252043,0.952,0.8167
AB_p_err,403,0.681527701437,0.364420170508,0.256090856123,0.15801883931,0.9743,0.9111
AB_p_err,404,0.915828269458,0.244136649139,0.459463641883,0.371712321977,0.9731,0.95
AB_p_err,405,0.278289809859,0.722279414274,0.839592813886,0.0693824360221,0.9544,0.8278
AB_p_err,406,0.193837485325,0.407438355194,0.180583817355,0.563759175057,0.9807,0.95
AB_p_err,407,0.413112838601,0.184661891436,0.258459227464,0.614939275681,0.9825,0.95
AB_p_err,408,0.790422554797,0.299703444358,0.800262068517,0.0629832752693,0.948,0.85
AB_p_err,409,0.0988828831931,0.992623415155,0.241692181196,0.651778566887,0.9687,0.85
AB_p_err,410,0.536150721144,0.557935944303,0.428087697617,0.990455642925,0.9673,0.8778
AB_p_err,411,0.496371653509,0.281354433934,0.895801298248,0.599119338644,0.9637,0.8944
AB_p_err,412,0.851292351426,0.277046465394,0.809543714436,0.297255201385,0.9474,0.85
AB_p_err,413,0.742507719245,0.460533576384,0.781647056639,0.788696145632,0.9392,0.8056
AB_p_err,414,0.428282165725,0.509598231767,0.601184603975,0.043298841031,0.967,0.8778
AB_p_err,415,0.332813396408,0.22606342884,0.983150680542,0.753659373284,0.962,0.8833
AB_p_err,416,0.93915862254,0.128461427833,0.474605854645,0.826428635004,0.9757,0.9667
AB_p_err,417,0.316050173731,0.991633852122,0.424219138853,0.547934262396,0.9561,0.8167
AB_p_err,418,0.331221953179,0.610236482361,0.451812465302,0.721097926001,0.9699,0.9
AB_p_err,419,0.801921508404,0.655159126586,0.0566646754341,0.0301535303634,0.9599,0.8556
AB_p_err,420,0.664674972277,0.981193935877,0.57333254275,0.72778168509,0.9509,0.7889
AB_p_err,421,0.0523963563186,0.537440219488,0.602312809182,0.601979519681,0.9728,0.8722
AB_p_err,422,0.0266531860761,0.373948427216,0.493224373493,0.868295636061,0.9857,0.9389
AB_p_err,423,0.672001334976,0.334281338749,0.55673764577,0.464804146,0.969,0.9
AB_p_err,424,0.146095121476,0.392244280653,0.21426353275,0.604775845943,0.9807,0.95
AB_p_err,425,0.941753390129,0.0599647841916,0.490767682207,0.674474486849,0.9775,0.9778
AB_p_err,426,0.224772271341,0.888990913016,0.711526300841,0.759487777375,0.9579,0.8389
AB_p_err,427,0.195284999218,0.641481957695,0.706103330764,0.785524274701,0.9632,0.8722
AB_p_err,428,0.296761328058,0.0506999362321,0.917533278356,0.142236453109,0.9655,0.9056
AB_p_err,429,0.683142193797,0.154856151342,0.456985614363,0.195592459026,0.9787,0.95
AB_p_err,430,0.837720139219,0.092154332985,0.824241840518,0.952498799959,0.9509,0.8722
AB_p_err,431,0.161821328804,0.487229640711,0.194985324211,0.77854044478,0.9772,0.9278
AB_p_err,432,0.567516834821,0.866547597896,0.223016805515,0.904701252115,0.9675,0.8611
AB_p_err,433,0.684591466979,0.526375901965,0.834151891448,0.624046325814,0.9485,0.8111
AB_p_err,434,0.196906583117,0.958193561649,0.784861979834,0.156319680764,0.9553,0.8222
AB_p_err,435,0.622419693622,0.171102665521,0.602011213978,0.00748285578565,0.9708,0.9222
AB_p_err,436,0.432872169822,0.216668655829,0.571214908873,0.256575628199,0.9705,0.9
AB_p_err,437,0.491388196326,0.765639536197,0.248276814627,0.0318681880679,0.9708,0.9056
AB_p_err,438,0.248587236701,0.944724324911,0.796138662602,0.152223771289,0.9556,0.8278
AB_p_err,439,0.215373872329,0.85625893538,0.0294536718067,0.807092734196,0.9708,0.8833
AB_p_err,440,0.12708779724,0.385461299921,0.251275524422,0.29047752386,0.9789,0.95
AB_p_err,441,0.656613764611,0.950717269873,0.690310235707,0.507619668406,0.9404,0.7556
AB_p_err,442,0.998778119067,0.0706210819721,0.176862600081,0.609219273108,0.981,0.9889
AB_p_err,443,0.275900740347,0.325991301676,0.111986832831,0.676641256126,0.9833,0.9667
AB_p_err,444,0.548297270332,0.368890858581,0.463330201058,0.507302816912,0.9725,0.9111
AB_p_err,445,0.860477433839,0.293575701551,0.647631356072,0.18828482591,0.9649,0.9167
AB_p_err,446,0.0891749744022,0.979922066717,0.884598147309,0.71095644697,0.9518,0.7944
AB_p_err,447,0.307043755134,0.221873031232,0.441422692773,0.593777080815,0.9731,0.9222
AB_p_err,448,0.266564587245,0.599943729466,0.0883782243355,0.898527602894,0.9763,0.9222
AB_p_err,449,0.780598716276,0.0925439036235,0.601841994555,0.676503129786,0.9713,0.95
AB_p_err,450,0.193839089038,0.294741140664,0.373219785589,0.685452881598,0.9795,0.95
AB_p_err,451,0.47002919858,0.273688547556,0.912239678104,0.589565005517,0.9652,0.8833
AB_p_err,452,0.947716193773,0.0916697110723,0.332389161819,0.151566589011,0.9787,0.9778
AB_p_err,453,0.556322703393,0.978797468167,0.39600096237,0.972296875523,0.9608,0.8333
AB_p_err,454,0.681988568286,0.909004097,0.815796598343,0.0162590273509,0.9406,0.7611
AB_p_err,455,0.113627879189,0.512021418594,0.451282781192,0.935245014251,0.9731,0.8889
AB_p_err,456,0.345811086489,0.429932557064,0.581889586483,0.335433583545,0.9658,0.8833
AB_p_err,457,0.742508535194,0.265456418423,0.396681943061,0.965346773133,0.9658,0.9222
AB_p_err,458,0.936682357567,0.148716057242,0.546543625918,0.712172750198,0.9728,0.9556
AB_p_err,459,0.863963727533,0.294338888447,0.311175416011,0.333890585122,0.9743,0.95
AB_p_err,460,0.733697053581,0.830233285986,0.486092836403,0.946065316402,0.9421,0.7944
AB_p_err,461,0.867856781042,0.520953744041,0.763786096509,0.404121456282,0.9421,0.8056
AB_p_err,462,0.99826098277,0.0645822975001,0.196333444191,0.130644558029,0.981,0.9889
AB_p_err,463,0.0790596313084,0.0801110550362,0.0806938286289,0.0815617599777,0.9909,0.9722
AB_p_err,464,0.573650841428,0.940049833937,0.919543972628,0.590339438364,0.9357,0.75
AB_p_err,465,0.508695912087,0.846283703561,0.772901239665,0.276233249124,0.9602,0.8667
AB_p_err,466,0.61377787848,0.123905427329,0.569663232439,0.779834921201,0.9722,0.9278
AB_p_err,467,0.868540902849,0.289423012961,0.339997685289,0.467072126715,0.9751,0.9556
AB_p_err,468,0.101899167701,0.754224115796,0.115004297631,0.107959918906,0.9766,0.8889
AB_p_err,469,0.275551341024,0.295474813024,0.122459133027,0.212630413553,0.9833,0.9667
AB_p_err,470,0.999614837486,0.630719839088,0.559000199839,0.600226352333,0.9544,0.8389
AB_p_err,471,0.329864015532,0.702409051992,0.0996972128603,0.0528594680028,0.9737,0.9056
AB_p_err,472,0.36728547579,0.0259262190115,0.107171950328,0.309441872964,0.9918,0.9944
AB_p_err,473,0.790701597297,0.340174139101,0.796133677438,0.268348189899,0.9459,0.8333
AB_p_err,474,0.809016375871,0.993226012205,0.888701506069,0.583872021053,0.9243,0.7111
AB_p_err,475,0.465223481288,0.847219665717,0.431822194113,0.944866033933,0.9664,0.8611
AB_p_err,476,0.562443285017,0.681689358064,0.0411846812482,0.930697931223,0.9716,0.8833
AB_p_err,477,0.272431062177,0.889520752722,0.161130196147,0.500451651974,0.9711,0.8889
AB_p_err,478,0.159903485417,0.571859511056,0.548554937127,0.696417459856,0.969,0.8944
AB_p_err,479,0.96310232057,0.71122370695,0.296663335209,0.189609030691,0.955,0.8278
AB_p_err,480,0.769308721279,0.0389422276405,0.754203077501,0.00705162094274,0.9585,0.9056
AB_p_err,481,0.82532777289,0.189450253873,0.65687959188,0.474647456409,0.9661,0.9278
AB_p_err,482,0.620420704303,0.636172609872,0.333334326703,0.360581084338,0.9637,0.8556
AB_p_err,483,0.929904468539,0.430295927799,0.363173518838,0.842110162059,0.9655,0.8944
AB_p_err,484,0.0109078128919,0.520493277078,0.644742176505,0.0148221008138,0.9781,0.9056
AB_p_err,485,0.75362313336,0.5767032841,0.185931709279,0.830081813974,0.9626,0.8778
AB_p_err,486,0.566251926048,0.448538483689,0.850823358804,0.669920721516,0.9564,0.85
AB_p_err,487,0.646665426005,0.977286801173,0.192381845147,0.636028930965,0.9608,0.8222
AB_p_err,488,0.00299700835726,0.488960959958,0.697753526073,0.98913133422,0.9766,0.9
AB_p_err,489,0.180348910939,0.0820215211279,0.137600705529,0.648828126292,0.986,0.9833
AB_p_err,490,0.855906987384,0.583658330434,0.332639322486,0.911753746931,0.962,0.8722
AB_p_err,491,0.312641117433,0.216878752924,0.832385484447,0.114955326033,0.9643,0.8944
AB_p_err,492,0.95108409859,0.950227627675,0.928442293025,0.595669023048,0.9243,0.7111
AB_p_err,493,0.125439858112,0.145830589513,0.556257501506,0.0246332778166,0.9728,0.9333
AB_p_err,494,0.918214253771,0.678985165509,0.625999411569,0.882364362236,0.9456,0.7944
AB_p_err,495,0.198493955122,0.135463246396,0.664264887532,0.10220408554,0.9749,0.9389
AB_p_err,496,0.237374481714,0.305543552574,0.350489467835,0.957123077274,0.9804,0.9556
AB_p_err,497,0.973783660545,0.687555364332,0.819183274756,0.163408064887,0.9307,0.7444
AB_p_err,498,0.984021717607,0.141745608482,0.949718913243,0.91802627175,0.948,0.8611
AB_p_err,499,0.149242306299,0.204482688364,0.85405536163,0.165407042393,0.9652,0.9
AB_p_err,500,0.57557076414,0.165260968807,0.108147741747,0.426964078676,0.9827,0.9667
AB_p_err,501,0.383258305059,0.152674347861,0.644866121065,0.930534689104,0.9722,0.9111
AB_p_err,502,0.961988924608,0.153891909427,0.263525863007,0.851482873445,0.9787,0.9778
AB_p_err,503,0.266487069636,0.570051356298,0.577111424483,0.462641942499,0.9675,0.8889
AB_p_err,504,0.105477327523,0.224669722035,0.824645017263,0.266743154409,0.9637,0.8667
AB_p_err,505,0.979510021598,0.30838234998,0.571351314288,0.10729149553,0.9667,0.9167
AB_p_err,506,0.451267938676,0.433927734934,0.524115018358,0.220861927594,0.9702,0.8944
AB_p_err,507,0.343826467477,0.270789995371,0.555893415936,0.199660464624,0.9743,0.9278
AB_p_err,508,0.93266035619,0.720362468725,0.217579037483,0.606174963615,0.9564,0.8333
AB_p_err,509,0.188934154408,0.243410617142,0.728892215009,0.425461222546,0.9702,0.9167
AB_p_err,510,0.230377221984,0.697167785136,0.779899841736,0.450875657446,0.9596,0.85
AB_p_err,511,0.727192900718,0.631616883433,0.401185031902,0.249119171178,0.952,0.8389
AB_p_err,512,0.0405043596807,0.211297894936,0.432760834288,0.324512186206,0.9836,0.9333
AB_p_err,513,0.998676345713,0.580517548204,0.0585255867145,0.135348484241,0.9635,0.8778
AB_p_err,514,0.721307189669,0.294589538782,0.788715760553,0.692260878305,0.9453,0.8444
AB_p_err,515,0.307954902308,0.467148057033,0.165665170734,0.901161526559,0.9775,0.9278
AB_p_err,516,0.0582026664763,0.323820496915,0.566554632911,0.0964168242605,0.9772,0.9
AB_p_err,517,0.491012711062,0.0497113415333,0.112783380645,0.101060273026,0.986,0.9944
AB_p_err,518,0.990752173232,0.614711435259,0.424347037581,0.960396088945,0.9573,0.85
AB_p_err,519,0.212719419563,0.898208570555,0.873310388519,0.350907595707,0.9512,0.8111
AB_p_err,520,0.639190903356,0.144936426504,0.0670231691162,0.151032029055,0.986,0.9778
AB_p_err,521,0.401906916007,0.39272002686,0.843332074072,0.526890828597,0.962,0.8611
AB_p_err,522,0.112865117924,0.421561788484,0.228192462607,0.434930720241,0.9798,0.9167
AB_p_err,523,0.321554737585,0.418209774627,0.801868010194,0.877428503131,0.9661,0.8944
AB_p_err,524,0.582599433257,0.885359879505,0.704391644284,0.0706145245792,0.9421,0.7722
AB_p_err,525,0.712091692593,0.241531230788,0.853022746225,0.320998328698,0.9485,0.8444
AB_p_err,526,0.649216743121,0.937135198823,0.273615086579,0.767869623005,0.9602,0.8222
AB_p_err,527,0.711023814005,0.281718745013,0.381583599799,0.886414032536,0.9746,0.9389
AB_p_err,528,0.266758295821,0.537673109183,0.0135116099673,0.316904337665,0.9784,0.9278
AB_p_err,529,0.695178133612,0.165505434967,0.747429773936,0.143077526099,0.9596,0.8778
AB_p_err,530,0.912535329716,0.998799678838,0.819893680715,0.402204935348,0.9272,0.7222
AB_p_err,531,0.264288280069,0.888288656009,0.0413100214397,0.0142166563353,0.9716,0.8889
AB_p_err,532,0.680865988718,0.876027786865,0.0316952334515,0.00826766082848,0.9632,0.8333
AB_p_err,533,0.296436431446,0.749151335709,0.819520588092,0.989451698002,0.9561,0.8389
AB_p_err,534,0.411669427738,0.462454854214,0.311611403999,0.828270190097,0.9781,0.9222
AB_p_err,535,0.245520956865,0.11449787911,0.169715350699,0.733793685987,0.9851,0.9778
AB_p_err,536,0.144964971379,0.402602957783,0.248327421492,0.480102410077,0.9792,0.9444
AB_p_err,537,0.372957960019,0.234558326695,0.138485250583,0.947747899124,0.9865,0.9611
AB_p_err,538,0.178042797214,0.956288092151,0.166006140558,0.376373455084,0.9684,0.8722
AB_p_err,539,0.228445093175,0.986047511655,0.15115930401,0.988547278202,0.9702,0.8833
AB_p_err,540,0.363881484361,0.929339083481,0.28140328542,0.581455904076,0.9649,0.85
AB_p_err,541,0.500302097704,0.734495608365,0.647157065939,0.417723200737,0.9643,0.8833
AB_p_err,542,0.691821908878,0.688495257972,0.46067293281,0.125210206977,0.9596,0.8333
AB_p_err,543,0.713443896993,0.0823835137212,0.450725158984,0.715670890057,0.9731,0.9444
AB_p_err,544,0.0484328569806,0.666781362345,0.139449605264,0.878014336314,0.9766,0.8778
AB_p_err,545,0.34767091627,0.736815372004,0.920180760716,0.637598301003,0.9512,0.8167
AB_p_err,546,0.315720842695,0.122461678245,0.0464903021589,0.491241321128,0.9845,0.9778
AB_p_err,547,0.675092580286,0.845643285713,0.845673898565,0.0749325233553,0.9392,0.7556
AB_p_err,548,0.673689288155,0.0454376447273,0.180303578018,0.537472881825,0.9871,0.9889
AB_p_err,549,0.80000871912,0.249556804258,0.322625209233,0.302620135173,0.976,0.9611
AB_p_err,550,0.910933210564,0.4927195677,0.995470080007,0.860166159569,0.9351,0.7833
AB_p_err,551,0.224653987175,0.0518309261254,0.829940429035,0.847188980778,0.9684,0.9167
AB_p_err,552,0.587025157813,0.899400903103,0.232444046528,0.01590746137,0.9626,0.8389
AB_p_err,553,0.916508018609,0.0833858525491,0.658024861759,0.228688120555,0.967,0.9333
AB_p_err,554,0.374842691643,0.429396892103,0.189222602122,0.231620088198,0.981,0.9333
AB_p_err,555,0.234616123992,0.404987897614,0.175433759247,0.0195932805188,0.9816,0.9556
AB_p_err,556,0.922211391264,0.492176979398,0.736612675731,0.327430695855,0.9459,0.8222
AB_p_err,557,7.93727488384e-05,0.863751974335,0.432177953027,0.71846715693,0.9749,0.8667
AB_p_err,558,0.0513804086515,0.378103809167,0.136315893386,0.333938493501,0.9836,0.9222
AB_p_err,559,0.158932494425,0.994187166057,0.303719801147,0.689944730008,0.967,0.8667
AB_p_err,560,0.158948318622,0.370489679073,0.181950436376,0.670496759201,0.9816,0.9556
AB_p_err,561,0.970036896891,0.556882318002,0.236623450032,0.740136672077,0.9643,0.8833
AB_p_err,562,0.494757580904,0.305382978131,0.331207996853,0.686459946803,0.9746,0.9333
AB_p_err,563,0.36094581218,0.88196063986,0.110562664078,0.953510230629,0.9722,0.8778
AB_p_err,564,0.835051684796,0.876464408778,0.496706001411,0.902736181067,0.9485,0.7944
AB_p_err,565,0.532837970678,0.894146183427,0.862143957508,0.369861898824,0.9453,0.7889
AB_p_err,566,0.0883021740063,0.753787040788,0.530419004315,0.100201983268,0.9658,0.85
AB_p_err,567,0.320120241826,0.98926979843,0.484732799983,0.195679685185,0.9547,0.8111
AB_p_err,568,0.494510470117,0.322252051586,0.599312225046,0.418771807549,0.9687,0.9111
AB_p_err,569,0.52606926802,0.763154361064,0.687235039099,0.0989577027541,0.9541,0.8222
AB_p_err,570,0.186556182609,0.926680392913,0.622397880622,0.117783716729,0.9629,0.8556
AB_p_err,571,0.386649499271,0.813231482108,0.577487877473,0.480501812792,0.9617,0.8444
AB_p_err,572,0.924879438989,0.616193635482,0.482968111869,0.962364301698,0.9573,0.85
AB_p_err,573,0.194740595705,0.385149474538,0.21656827734,0.343759661322,0.9816,0.9556
AB_p_err,574,0.244967336679,0.597328598783,0.213366391695,0.43909209402,0.9763,0.9222
AB_p_err,575,0.055395626614,0.402591635271,0.102546098636,0.2632085267,0.9842,0.9222
AB_p_err,576,0.455988462367,0.90589486077,0.685585250246,0.454269622757,0.9556,0.8111
AB_p_err,577,0.481718479717,0.778477449642,0.41634025497,0.115732823571,0.9699,0.8833
AB_p_err,578,0.27093650224,0.709749523818,0.368154243589,0.527587303894,0.9684,0.8833
AB_p_err,579,0.202464830419,0.824100118536,0.659205547098,0.945462142457,0.9599,0.8444
AB_p_err,580,0.45157303125,0.671377077948,0.968200741043,0.823814589313,0.9599,0.85
AB_p_err,581,0.328780578805,0.94357133391,0.972960244872,0.39968002306,0.9462,0.7833
AB_p_err,582,0.449541959517,0.380252746148,0.092775329202,0.105182989732,0.9842,0.95
AB_p_err,583,0.697189183558,0.986001788452,0.917126561146,0.203802069999,0.9345,0.7333
AB_p_err,584,0.878803059813,0.462354800017,0.979988030687,0.0175253486545,0.9365,0.7889
AB_p_err,585,0.47636289179,0.0650465990043,0.751306257654,0.560354015061,0.9757,0.9389
AB_p_err,586,0.776600254638,0.399480245374,0.619800467961,0.585190660327,0.9585,0.8722
AB_p_err,587,0.757455319908,0.0310796374865,0.922550496458,0.450373772688,0.9512,0.8833
AB_p_err,588,0.0808562448905,0.383163211039,0.125431817997,0.739172796499,0.9827,0.9278
AB_p_err,589,0.658241943163,0.913932718054,0.954354936929,0.00469596297649,0.9333,0.7333
AB_p_err,590,0.623524291498,0.865500824942,0.202756915914,0.427461752305,0.9611,0.8278
AB_p_err,591,0.203474307373,0.654265068262,0.153860677435,0.556208126996,0.9746,0.9111
AB_p_err,592,0.954014137577,0.487196040952,0.971038845974,0.756597456289,0.9365,0.7889
AB_p_err,593,0.245674680379,0.227675453008,0.969894180868,0.695961868906,0.9608,0.8833
AB_p_err,594,0.223449436248,0.585922852374,0.336158218983,0.624558185197,0.9734,0.9111
AB_p_err,595,0.376696198424,0.0630899008021,0.778263273204,0.783119932551,0.9728,0.9222
AB_p_err,596,0.793937189969,0.557296745725,0.40587517837,0.449050468294,0.9599,0.8667
AB_p_err,597,0.222138637196,0.0812268298636,0.0248213958416,0.0463647523706,0.9874,0.9889
AB_p_err,598,0.202936347805,0.739359972707,0.898208520786,0.435955174058,0.9529,0.8222
AB_p_err,599,0.234931522347,0.223911275545,0.0616776976523,0.268893203645,0.9848,0.9722
AB_p_err,600,0.850680898268,0.220350167367,0.694631320808,0.701957954213,0.9594,0.9
AB_p_err,601,0.271648825312,0.785549917052,0.12453752291,0.800571194568,0.9711,0.8889
AB_p_err,602,0.194467013124,0.955500000645,0.66922196411,0.600459139742,0.9582,0.8333
AB_p_err,603,0.0221808112216,0.934912430285,0.0427185311233,0.442443456428,0.9789,0.8778
AB_p_err,604,0.607919935539,0.440457678439,0.871181518068,0.577979893208,0.9453,0.8056
AB_p_err,605,0.782166623591,0.926839489339,0.235434190885,0.592906800457,0.952,0.8056
AB_p_err,606,0.391346965925,0.877840968343,0.960926634897,0.853167122474,0.9523,0.8
AB_p_err,607,0.43724981305,0.495715664921,0.763755118691,0.219064625878,0.964,0.8667
AB_p_err,608,0.4336899348,0.982103960006,0.127052446789,0.249671075364,0.9708,0.8611
AB_p_err,609,0.505631133087,0.77840219455,0.459600142196,0.830532285696,0.9675,0.8944
AB_p_err,610,0.0710934088407,0.0075208995412,0.792492918184,0.304580543844,0.967,0.8833
AB_p_err,611,0.88792024675,0.59956520816,0.83800650116,0.654351747456,0.9377,0.7889
AB_p_err,612,0.939861964195,0.240265765676,0.327348992558,0.298150819242,0.976,0.9611
AB_p_err,613,0.602769609205,0.345796824837,0.197850091095,0.469044235734,0.976,0.9222
AB_p_err,614,0.0130678309224,0.0106122377505,0.401819346685,0.403544323322,0.9915,0.9722
AB_p_err,615,0.730670433525,0.549207740422,0.914640560592,0.44813491823,0.936,0.7889
AB_p_err,616,0.447212496235,0.694016188092,0.510225352797,0.442827813787,0.969,0.8833
AB_p_err,617,0.86773316149,0.484807854604,0.865109250246,0.0362980254815,0.9365,0.7889
AB_p_err,618,0.616774494937,0.410296732071,0.784891725174,0.552738285257,0.9512,0.8278
AB_p_err,619,0.0885071191785,0.960944950658,0.824917167317,0.531971623693,0.9532,0.8
AB_p_err,620,0.672923787605,0.493485229921,0.963657354295,0.892557200172,0.9421,0.7889
AB_p_err,621,0.807830535441,0.873189576749,0.31669299505,0.4314233047,0.9515,0.8056
AB_p_err,622,0.48469255024,0.299652761368,0.6903141271,0.537372334353,0.9702,0.9
AB_p_err,623,0.0517855200876,0.740227819564,0.28299013592,0.161476164465,0.9705,0.85
AB_p_err,624,0.486065079093,0.161926596346,0.249642231169,0.366586207999,0.9804,0.9667
AB_p_err,625,0.476843457729,0.261047070143,0.991373850303,0.53631035164,0.9646,0.8833
AB_p_err,626,0.303066311196,0.586804196255,0.505072288269,0.976661480407,0.967,0.8833
AB_p_err,627,0.180018611177,0.26627270417,0.813322965489,0.420347496639,0.9658,0.9
AB_p_err,628,0.398391178399,0.536634348711,0.0480782090259,0.0199686372899,0.9836,0.9389
AB_p_err,629,0.216612184693,0.432232398591,0.763568959788,0.16399253141,0.9675,0.9
AB_p_err,630,0.326355207133,0.657976146351,0.262548249516,0.83637640234,0.9743,0.9167
AB_p_err,631,0.0195103611004,0.939161471237,0.156176818077,0.841031788632,0.9789,0.8778
AB_p_err,632,0.791423406544,0.752239533556,0.961190864258,0.814366596709,0.9269,0.7278
AB_p_err,633,0.154746227986,0.825251794656,0.701824591799,0.242463844337,0.957,0.8333
AB_p_err,634,0.685300927638,0.847437274262,0.670883413929,0.346448742077,0.9462,0.7778
AB_p_err,635,0.00781836855083,0.797611236491,0.226220844548,0.317994727684,0.9825,0.9
AB_p_err,636,0.84207353194,0.010552545723,0.514762914111,0.395939955476,0.9746,0.9667
AB_p_err,637,0.949008669199,0.417963729137,0.819145220512,0.734255980833,0.9412,0.8111
AB_p_err,638,0.362632976919,0.170673827092,0.856652396414,0.253503716936,0.9599,0.8667
AB_p_err,639,0.523641279842,0.0876044605887,0.955414505023,0.916253901915,0.9611,0.8889
AB_p_err,640,0.108052375977,0.955634625906,0.100987331307,0.0642788194611,0.9746,0.8722
AB_p_err,641,0.734830683277,0.855405859162,0.590757488099,0.635162287478,0.9377,0.7778
AB_p_err,642,0.0030027533323,0.942374171852,0.731504559051,0.251633788623,0.9652,0.8278
AB_p_err,643,0.878704581973,0.111105391838,0.553377508268,0.243217428965,0.9728,0.9556
AB_p_err,644,0.703156290378,0.281502604366,0.670053800037,0.521402450406,0.9564,0.8722
AB_p_err,645,0.387771531998,0.995579949892,0.512593563541,0.0136685327976,0.9585,0.8167
AB_p_err,646,0.202443794202,0.24074713336,0.515755948349,0.882131354055,0.976,0.9389
AB_p_err,647,0.450802103725,0.501149054461,0.363946203611,0.0960967381996,0.9757,0.9111
AB_p_err,648,0.658468927864,0.791149721599,0.680794673761,0.0618263943423,0.9465,0.7833
AB_p_err,649,0.0719881220393,0.256359728151,0.07808174097,0.829224011958,0.9892,0.9611
AB_p_err,650,0.156883096175,0.0742305104745,0.929262663222,0.431331136789,0.9655,0.9056
AB_p_err,651,0.900178153265,0.604985466272,0.32992898593,0.260549620842,0.962,0.8722
AB_p_err,652,0.0726673414962,0.694589918042,0.951524351235,0.517548540456,0.9529,0.8056
AB_p_err,653,0.827169322478,0.515219717315,0.969666179814,0.565467207676,0.9357,0.7833
AB_p_err,654,0.395021320892,0.549792884806,0.222204600067,0.948098275997,0.9778,0.9167
AB_p_err,655,0.15056832461,0.729506550875,0.131763530826,0.213505802721,0.9719,0.8944
AB_p_err,656,0.504609684829,0.118242934131,0.520647865756,0.174880129593,0.9766,0.9556
AB_p_err,657,0.95298957956,0.496465559795,0.700766589175,0.299609804567,0.9488,0.8333
AB_p_err,658,0.757956515001,0.718697560196,0.579720179758,0.934275440586,0.9482,0.8056
AB_p_err,659,0.311992650789,0.541283328787,0.259637851098,0.446919599308,0.9731,0.9167
AB_p_err,660,0.74581588368,0.866413352329,0.516838568522,0.0590738857695,0.9447,0.7833
AB_p_err,661,0.549141209068,0.731163825541,0.751792567353,0.833783807357,0.9538,0.8222
AB_p_err,662,0.603876985889,0.286730276209,0.282830243779,0.24261778323,0.9784,0.9444
AB_p_err,663,0.377496824337,0.267966839573,0.11756772964,0.54467917675,0.9865,0.9611
AB_p_err,664,0.389503623119,0.715125426833,0.283948218598,0.666334073548,0.9746,0.9
AB_p_err,665,0.564399733293,0.617833716531,0.504619818722,0.413361653534,0.9673,0.8778
AB_p_err,666,0.724572478735,0.223017136872,0.845026144885,0.870456454236,0.9456,0.85
AB_p_err,667,0.9964898972,0.502140334405,0.529598685586,0.976300512609,0.957,0.8556
AB_p_err,668,0.994473468482,0.0440926278929,0.840039912906,0.408669620425,0.9512,0.8778
AB_p_err,669,0.716532399669,0.761343196261,0.42982233301,0.17471011628,0.9474,0.8167
AB_p_err,670,0.816730635671,0.041931798146,0.342159940673,0.688103180269,0.9804,0.9889
AB_p_err,671,0.889580872994,0.163527029008,0.219270207272,0.267755358282,0.9801,0.9833
AB_p_err,672,0.101352635486,0.667657160372,0.449064061698,0.613112880814,0.9696,0.8667
AB_p_err,673,0.183587237582,0.130264958148,0.675498991784,0.430533156992,0.9734,0.9333
AB_p_err,674,0.161024580093,0.727612714714,0.277357823745,0.641567576978,0.9705,0.8889
AB_p_err,675,0.399459869401,0.744865196357,0.446200388481,0.919318174505,0.9722,0.8889
AB_p_err,676,0.901491497667,0.159144784051,0.0167648350329,0.588926513038,0.9801,0.9833
AB_p_err,677,0.459893058833,0.449965756725,0.181171462392,0.940564308265,0.9763,0.9167
AB_p_err,678,0.359706513549,0.438669373567,0.89685534774,0.208575712462,0.9564,0.8444
AB_p_err,679,0.692158847576,0.0475020136981,0.25574273763,0.902936126164,0.9857,0.9833
AB_p_err,680,0.852181956594,0.327424961624,0.847492246838,0.288021502558,0.9433,0.8278
AB_p_err,681,0.479377600193,0.410735411707,0.333613725981,0.239344323755,0.9766,0.9222
AB_p_err,682,0.775222608299,0.444819949852,0.423883289741,0.727420597321,0.9626,0.8833
AB_p_err,683,0.575477624868,0.287770968115,0.29663877971,0.27781511738,0.9766,0.9389
AB_p_err,684,0.648509359887,0.0150089243469,0.847616904781,0.284535543105,0.9594,0.8833
AB_p_err,685,0.372752236943,0.0388704953297,0.691935548925,0.519609221321,0.9743,0.9278
AB_p_err,686,0.112595162138,0.958270015659,0.953006376915,0.922086481851,0.9503,0.7889
AB_p_err,687,0.299506304272,0.291096608835,0.899404662342,0.44224434804,0.9643,0.8944
AB_p_err,688,0.0966447202039,0.505227740985,0.586451170389,0.677699506416,0.9687,0.8722
AB_p_err,689,0.69412565112,0.470789378383,0.0393372795385,0.217981635095,0.9728,0.8944
AB_p_err,690,0.487399952018,0.965990799464,0.577787141899,0.46397404866,0.9599,0.8556
AB_p_err,691,0.675330718106,0.593521802705,0.495246165469,0.416911342483,0.9594,0.8389
AB_p_err,692,0.337741734572,0.294228773788,0.673382940286,0.364319771289,0.9743,0.9278
AB_p_err,693,0.902705905424,0.308808159995,0.844152106777,0.621404583853,0.9442,0.8333
AB_p_err,694,0.0439384915387,0.931976458843,0.379772306878,0.939925830811,0.9661,0.8222
AB_p_err,695,0.206982924265,0.99146673707,0.889953021408,0.528522949114,0.9494,0.8
AB_p_err,696,0.926198967919,0.726745997856,0.680347468426,0.368841254478,0.9436,0.7889
AB_p_err,697,0.550797350262,0.781974082479,0.687691427704,0.744781416464,0.9553,0.8278
AB_p_err,698,0.238977202209,0.0945264405688,0.961499779851,0.319464307259,0.9632,0.8944
AB_p_err,699,0.163799196237,0.890371240716,0.651732816807,0.0807282418092,0.9614,0.85
AB_p_err,700,0.978736573409,0.0680381837179,0.939624101421,0.0972466511996,0.9488,0.8667
AB_p_err,701,0.204823733503,0.665520924079,0.587917582091,0.193441809184,0.9664,0.8778
AB_p_err,702,0.780243480656,0.387086073047,0.616489541308,0.00911362047603,0.9585,0.8722
AB_p_err,703,0.889761581899,0.623475337613,0.701628955499,0.617398466005,0.9453,0.8111
AB_p_err,704,0.671210453182,0.331159161801,0.334663342536,0.777033428411,0.9763,0.9278
AB_p_err,705,0.484905329489,0.650844106787,0.597073518296,0.936676976512,0.9684,0.8889
AB_p_err,706,0.205227457374,0.600041880533,0.190553549015,0.637456929162,0.9763,0.9222
AB_p_err,707,0.940667780656,0.56866526296,0.336757200853,0.185135592516,0.9629,0.8778
AB_p_err,708,0.081782579661,0.371435611761,0.586252446312,0.651161812087,0.9705,0.8833
AB_p_err,709,0.762847392667,0.860147231909,0.555446935482,0.416805200028,0.9447,0.7833
AB_p_err,710,0.815546109417,0.0644091782576,0.395351455741,0.593333587854,0.9781,0.9778
AB_p_err,711,0.256141831124,0.38200241298,0.434298184315,0.71032913936,0.9766,0.9389
AB_p_err,712,0.516896095155,0.874302527712,0.835956546155,0.313166729995,0.9482,0.8
AB_p_err,713,0.185862954751,0.507303738724,0.465547911686,0.948490251766,0.9713,0.9056
AB_p_err,714,0.581056342779,0.546543352869,0.798628691115,0.00825462593781,0.9453,0.8
AB_p_err,715,0.380109007983,0.839587742985,0.935503616728,0.802594372314,0.955,0.8167
AB_p_err,716,0.596865319081,0.897012092679,0.0242879028136,0.0616097713634,0.9655,0.85
AB_p_err,717,0.211148529552,0.976589983759,0.350686569637,0.388471397531,0.967,0.8667
AB_p_err,718,0.872141293442,0.405664055696,0.678583241297,0.208718454376,0.9541,0.8556
AB_p_err,719,0.716112675992,0.875804974073,0.11832367904,0.858972095053,0.9588,0.8556
AB_p_err,720,0.646331308118,0.742245941769,0.852695141351,0.334278413137,0.9404,0.7667
AB_p_err,721,0.744132685289,0.570438190066,0.225833324542,0.982566305079,0.9596,0.8722
AB_p_err,722,0.844861825775,0.187561286702,0.95955794781,0.245498515831,0.9471,0.8556
AB_p_err,723,0.89239005101,0.223222302276,0.610522058749,0.157111082339,0.9681,0.9333
AB_p_err,724,0.517709091639,0.417699544923,0.076767707255,0.212600038703,0.9769,0.9222
AB_p_err,725,0.642749532267,0.879355899678,0.826334007926,0.0250575484304,0.9406,0.7611
AB_p_err,726,0.334499177009,0.400682201082,0.868056692414,0.376066781332,0.9602,0.8722
AB_p_err,727,0.00193966789548,0.342048713529,0.188909899344,0.347449860363,0.993,0.9667
AB_p_err,728,0.633203813725,0.296638355532,0.488303279416,0.957263714269,0.9716,0.9167
AB_p_err,729,0.834564363485,0.981917466361,0.629022347456,0.858960818839,0.9412,0.7667
AB_p_err,730,0.164610740658,0.691632961943,0.96853424357,0.834589242391,0.9503,0.8167
AB_p_err,731,0.0746629532007,0.000211893288041,0.872596331057,0.287143366962,0.9649,0.8778
AB_p_err,732,0.618740949777,0.89997779692,0.912298573221,0.719135961241,0.9357,0.7444
AB_p_err,733,0.972828817274,0.504257570123,0.912366388163,0.977695825027,0.9357,0.7833
AB_p_err,734,0.293275310761,0.827147799235,0.473076173436,0.946792904218,0.9637,0.8611
AB_p_err,735,0.394633546868,0.14553961624,0.98496459478,0.0449566884034,0.9649,0.8833
AB_p_err,736,0.508957336123,0.0388231327872,0.524599358778,0.134785943091,0.9784,0.9667
AB_p_err,737,0.353496649799,0.940887389625,0.239834810639,0.78515701864,0.9652,0.85
AB_p_err,738,0.959055977873,0.802662835929,0.0741073180473,0.776974504321,0.9538,0.8167
AB_p_err,739,0.320918336262,0.968387931517,0.536734610418,0.285006134347,0.9567,0.8167
AB_p_err,740,0.707021872962,0.300442683029,0.498739217329,0.378852785612,0.9626,0.8889
AB_p_err,741,0.794307477607,0.990060747446,0.987296720953,0.0848432240146,0.9228,0.7056
AB_p_err,742,0.31263672176,0.369019824681,0.463106546437,0.264127400063,0.9722,0.9222
AB_p_err,743,0.507415498987,0.318489833473,0.856440367553,0.800768411053,0.9626,0.8889
AB_p_err,744,0.761731133568,0.604396415593,0.432883681046,0.201673302477,0.9582,0.8611
AB_p_err,745,0.233979368507,0.177840230984,0.0821707738043,0.606855991826,0.9851,0.9778
AB_p_err,746,0.989137387273,0.191264763062,0.191722021545,0.670140397453,0.9792,0.9778
AB_p_err,747,0.812794108478,0.410666623086,0.302207399672,0.484649491605,0.9664,0.9
AB_p_err,748,0.981657550059,0.447309882859,0.640657111036,0.368866419075,0.9553,0.8556
AB_p_err,749,0.340262695719,0.0422908525694,0.877026237431,0.255695340687,0.9655,0.9056
AB_p_err,750,0.748867645044,0.618055205587,0.522603111396,0.533027262041,0.9535,0.8389
AB_p_err,751,0.411244377866,0.855684928389,0.656243293668,0.576030886478,0.9591,0.8278
AB_p_err,752,0.0805888893838,0.134820634925,0.664081290464,0.130147830138,0.9719,0.9
AB_p_err,753,0.996327896682,0.294042206845,0.9151568374,0.0594390193048,0.9436,0.8333
AB_p_err,754,0.895338761412,0.950049607304,0.517186173914,0.843533951589,0.9456,0.7833
AB_p_err,755,0.726213306896,0.546223418461,0.377169128206,0.285847793661,0.9582,0.8667
AB_p_err,756,0.889164519356,0.547678022663,0.422511783237,0.504859743495,0.9599,0.8667
AB_p_err,757,0.683603770128,0.7085550053,0.388921768609,0.797538921777,0.9608,0.8333
AB_p_err,758,0.931573086758,0.558223816243,0.989252652384,0.34895681106,0.9342,0.7778
AB_p_err,759,0.668682153011,0.618566918979,0.656639253498,0.967066888875,0.9544,0.8222
AB_p_err,760,0.37181971157,0.623288454793,0.195189780565,0.49120727314,0.9792,0.9222
AB_p_err,761,0.724075254945,0.351214588477,0.239200402046,0.742070090726,0.9675,0.9222
AB_p_err,762,0.252392095923,0.967659967951,0.284675311323,0.766083735806,0.9687,0.8778
AB_p_err,763,0.28698451104,0.693548936532,0.216891851301,0.725242376462,0.9728,0.9
AB_p_err,764,0.725470673471,0.627444014155,0.474914783561,0.725935939499,0.9456,0.8167
AB_p_err,765,0.742574819228,0.850458940983,0.26008613763,0.643202787137,0.9529,0.8333
AB_p_err,766,0.782655718294,0.441087483323,0.853823384157,0.349575754767,0.9389,0.8
AB_p_err,767,0.0699465244139,0.195620250828,0.187963737849,0.0885965274448,0.9871,0.9556
AB_p_err,768,0.0371062325679,0.509125225144,0.000777663926455,0.311293231769,0.9845,0.9167
AB_p_err,769,0.179642769356,0.75423796698,0.44668534872,0.711161212649,0.9661,0.8722
AB_p_err,770,0.656985529279,0.499237447252,0.583179014628,0.57167036393,0.9605,0.85
AB_p_err,771,0.531056174119,0.460788360488,0.953333257699,0.564613403414,0.9515,0.8278
AB_p_err,772,0.302308241309,0.0989889290071,0.156011932541,0.63692242003,0.9836,0.9667
AB_p_err,773,0.70182449408,0.552294920323,0.173882427296,0.902456115444,0.967,0.8833
AB_p_err,774,0.253257884783,0.152204724176,0.219372454774,0.326949689097,0.9851,0.9778
AB_p_err,775,0.843901112536,0.210169019121,0.632494036284,0.894055367002,0.9675,0.9333
AB_p_err,776,0.461235226409,0.205305339077,0.895025924338,0.696587253587,0.9655,0.8889
AB_p_err,777,0.402918057917,0.69019027483,0.930005122129,0.12711230057,0.9602,0.85
AB_p_err,778,0.794736770328,0.967690256853,0.926469903876,0.184773785279,0.9243,0.7111
AB_p_err,779,0.644434343716,0.631359451437,0.813436989128,0.989308890604,0.9477,0.8056
AB_p_err,780,0.693899159347,0.482188465311,0.97194633011,0.0858099543474,0.9421,0.7889
AB_p_err,781,0.485854645394,0.757709956997,0.273152520978,0.252506725858,0.9731,0.9
AB_p_err,782,0.174487531211,0.801723093144,0.113291233702,0.771681782338,0.9711,0.8889
AB_p_err,783,0.0760099794756,0.782024732121,0.633170359815,0.00138031122854,0.9635,0.8389
AB_p_err,784,0.685197353247,0.483150696315,0.229435974569,0.0450683854185,0.9713,0.8889
AB_p_err,785,0.508985979412,0.38262411111,0.853265786247,0.383254676096,0.9626,0.8889
AB_p_err,786,0.588869961438,0.783474253682,0.525198315626,0.0385026905249,0.9541,0.8111
AB_p_err,787,0.873268736972,0.529987449956,0.762326375921,0.187386600616,0.9421,0.8056
AB_p_err,788,0.426392313017,0.853790632614,0.592530021626,0.441594700687,0.9591,0.8278
AB_p_err,789,0.326877203948,0.381838220199,0.0470614595257,0.448203631382,0.9816,0.9556
AB_p_err,790,0.32298238878,0.358061093682,0.00712378638539,0.884685258057,0.983,0.9611
AB_p_err,791,0.266520087418,0.00918038642856,0.567085746063,0.838901272964,0.9772,0.95
AB_p_err,792,0.67046749047,0.0839645064159,0.0497872259816,0.291227848615,0.9877,0.9889
AB_p_err,793,0.386289875584,0.194517563879,0.54497879365,0.0372159008021,0.9713,0.9056
AB_p_err,794,0.796737515357,0.602742404832,0.474777358716,0.237726172355,0.9591,0.8611
AB_p_err,795,0.804796891635,0.205614903287,0.297578795238,0.185566160867,0.9778,0.9722
AB_p_err,796,0.507648386003,0.559275534379,0.791869507699,0.299967436575,0.9614,0.8778
AB_p_err,797,0.553535287345,0.570789434633,0.0399255836933,0.832266250623,0.9751,0.9056
AB_p_err,798,0.923378345388,0.998654022876,0.300331367546,0.406237452813,0.9515,0.8056
AB_p_err,799,0.962504714941,0.586140731696,0.549174151443,0.970203156475,0.9561,0.85
AB_p_err,800,0.0989548386725,0.074980357647,0.371893724132,0.171489163876,0.9807,0.9333
AB_p_err,801,0.336509298818,0.90672793632,0.900044340053,0.163827482979,0.948,0.7944
AB_p_err,802,0.422263044159,0.972579238491,0.113415875267,0.602024082738,0.9708,0.8611
AB_p_err,803,0.474646143329,0.651854870933,0.906383463151,0.299601764916,0.9626,0.8667
AB_p_err,804,0.670999718003,0.0771152727604,0.121576257061,0.12351851299,0.9863,0.9833
AB_p_err,805,0.859950144087,0.592927918357,0.675787206967,0.666649751592,0.9506,0.8333
AB_p_err,806,0.975428738055,0.45312425075,0.975039278177,0.337062671476,0.9374,0.7944
AB_p_err,807,0.703914765376,0.576413977041,0.173641219866,0.751479383955,0.9661,0.8778
AB_p_err,808,0.510622360021,0.0153181339747,0.292620314195,0.630416866866,0.9827,0.9833
AB_p_err,809,0.205824848346,0.267789407637,0.158822211754,0.550992319677,0.9833,0.9667
AB_p_err,810,0.420726969852,0.807616323789,0.00372027344932,0.174026847832,0.9792,0.9111
AB_p_err,811,0.326663606635,0.316797335203,0.878040398191,0.664961998341,0.9611,0.8778
AB_p_err,812,0.149489498553,0.129557939264,0.740102660536,0.112736766245,0.9719,0.9278
AB_p_err,813,0.0591903470487,0.230910239313,0.0638972992049,0.922598958482,0.9901,0.9556
AB_p_err,814,0.00769228673545,0.134224175686,0.838880760707,0.969806759156,0.9743,0.9
AB_p_err,815,0.992783604031,0.355799542641,0.217623213418,0.347432212901,0.9705,0.9222
AB_p_err,816,0.0420708787222,0.246419510117,0.891399367711,0.550086084479,0.974,0.8944
AB_p_err,817,0.426885412978,0.169658303201,0.96390545884,0.267459186792,0.9664,0.8889
AB_p_err,818,0.777900460784,0.802237757438,0.0213654468277,0.643128656804,0.9538,0.8167
AB_p_err,819,0.183680712799,0.307195114416,0.27039935015,0.758594465995,0.981,0.9556
AB_p_err,820,0.501861730958,0.441647875281,0.0467701575605,0.700839995463,0.9787,0.9444
AB_p_err,821,0.712750469409,0.561387235461,0.97967459603,0.272097237827,0.9398,0.7889
AB_p_err,822,0.85068188668,0.919106766965,0.94685227535,0.778936341767,0.9243,0.7111
AB_p_err,823,0.576482677917,0.509381021171,0.150862549289,0.427429318666,0.9687,0.8778
AB_p_err,824,0.96913319976,0.515483789337,0.793568403293,0.343656973119,0.9406,0.8
AB_p_err,825,0.760535186647,0.911604609909,0.889990360954,0.578359718839,0.9249,0.7167
AB_p_err,826,0.215360108157,0.322186096384,0.41218776085,0.780183662294,0.9781,0.9444
AB_p_err,827,0.942352674881,0.349746799351,0.349685295605,0.516301659974,0.969,0.9167
AB_p_err,828,0.20474228907,0.00908143991743,0.263718389724,0.242652069471,0.9845,0.9778
AB_p_err,829,0.0253486007248,0.43816769313,0.478670754616,0.179818980901,0.9857,0.9389
AB_p_err,830,0.0397337453232,0.458389270734,0.542090528291,0.359820727361,0.976,0.8889
AB_p_err,831,0.756588828808,0.332063076695,0.195315752775,0.703437478306,0.9713,0.9333
AB_p_err,832,0.839833182946,0.490625464432,0.484334182933,0.764793527508,0.9608,0.8722
AB_p_err,833,0.337894516451,0.911257985435,0.817062363605,0.560221273103,0.9509,0.8056
AB_p_err,834,0.335743208364,0.087161826345,0.21169202801,0.86244851929,0.9845,0.9778
AB_p_err,835,0.114144497127,0.861037293009,0.627587854682,0.63517501455,0.9617,0.8278
AB_p_err,836,0.13646802975,0.734591927671,0.867735546042,0.861967864798,0.9529,0.8222
AB_p_err,837,0.575290058362,0.382903667107,0.46959465177,0.849830379718,0.967,0.8889
AB_p_err,838,0.664190814978,0.0740837227565,0.253719475846,0.327603196674,0.9848,0.9778
AB_p_err,839,0.615110958639,0.523359591741,0.269714183426,0.094685688212,0.9661,0.8667
AB_p_err,840,0.518638706385,0.951968422169,0.462828989225,0.337433972554,0.9585,0.8278
AB_p_err,841,0.418218377556,0.276152183718,0.382279975161,0.647726422343,0.9798,0.9333
AB_p_err,842,0.5226843045,0.928008507026,0.472478858749,0.736246503128,0.9594,0.8333
AB_p_err,843,0.389811637551,0.87385852767,0.79255062166,0.44825985641,0.9538,0.8056
AB_p_err,844,0.651709991445,0.0910534516873,0.505639274501,0.476953111805,0.976,0.9444
AB_p_err,845,0.732564792098,0.606580187648,0.266418441178,0.00994996856026,0.9564,0.8556
AB_p_err,846,0.784075539577,0.455406213279,0.00786401372623,0.435227871609,0.967,0.9
AB_p_err,847,0.814696317897,0.777053269912,0.205809607655,0.93134576767,0.9538,0.8167
AB_p_err,848,0.168857519955,0.491432406998,0.717356210224,0.574053264724,0.964,0.8778
AB_p_err,849,0.812407804264,0.761874992246,0.644471775082,0.373337179939,0.9439,0.7833
AB_p_err,850,0.930409305504,0.982738740486,0.381454764777,0.127701255987,0.95,0.8
AB_p_err,851,0.222989218591,0.719060420807,0.187635305959,0.244607537727,0.9728,0.9
AB_p_err,852,0.519023824731,0.250225594626,0.97315122487,0.00982824075268,0.9558,0.8556
AB_p_err,853,0.966055610219,0.289150072098,0.95072852605,0.27130061214,0.9444,0.8389
AB_p_err,854,0.693604134309,0.453403009467,0.750563108366,0.486585156792,0.9509,0.8222
AB_p_err,855,0.360947998529,0.447437253581,0.886019442382,0.509159993784,0.9564,0.8444
AB_p_err,856,0.122690267553,0.196228760755,0.598041438312,0.0109043256752,0.974,0.9056
AB_p_err,857,0.874579398671,0.528834928477,0.902981264055,0.711963896775,0.9357,0.7833
AB_p_err,858,0.980294733275,0.941101417937,0.729747198882,0.612529002846,0.9336,0.7444
AB_p_err,859,0.236052476181,0.429629638494,0.382534260888,0.322011468462,0.9772,0.9389
AB_p_err,860,0.204162535149,0.576625343444,0.684904153513,0.715600253218,0.9646,0.8778
AB_p_err,861,0.572368617559,0.154505941515,0.34642727011,0.54782984087,0.9807,0.9556
AB_p_err,862,0.0895386101924,0.219543457106,0.397704471181,0.499553023271,0.9798,0.9278
AB_p_err,863,0.230823863577,0.154532634612,0.330917342842,0.866248354517,0.9822,0.9667
AB_p_err,864,0.0860137499253,0.522012706157,0.549421208215,0.836962977991,0.9687,0.8722
AB_p_err,865,0.00616391309184,0.578040911218,0.486971111728,0.914401597654,0.9813,0.9111
AB_p_err,866,0.0981484191272,0.392137561335,0.609010869696,0.358257988832,0.9696,0.8778
AB_p_err,867,0.851405942613,0.139729161507,0.980890760893,0.131249325084,0.948,0.8611
AB_p_err,868,0.958473802022,0.0636618225783,0.838588977487,0.134794576801,0.9518,0.8778
AB_p_err,869,0.737589583528,0.396375959712,0.545023473382,0.327837199334,0.9491,0.85
AB_p_err,870,0.990107341361,0.677876604542,0.0547555617446,0.00218968372677,0.9573,0.8389
AB_p_err,871,0.23423981943,0.478105016376,0.944701801334,0.571898501985,0.9553,0.8444
AB_p_err,872,0.749628461805,0.0917062010418,0.706726909341,0.296303541778,0.9626,0.9222
AB_p_err,873,0.0801796366296,0.85254786328,0.833343510161,0.173084476288,0.9532,0.8
AB_p_err,874,0.956085101572,0.179300069175,0.712981744796,0.35471192266,0.9588,0.9
AB_p_err,875,0.125456683281,0.0416095246109,0.157135521916,0.901925479792,0.9854,0.9833
AB_p_err,876,0.762978192206,0.396434432155,0.018415065338,0.232204978143,0.9678,0.9111
AB_p_err,877,0.241480710869,0.496142575658,0.644903726355,0.13731752598,0.967,0.8889
AB_p_err,878,0.373854362606,0.00501518038714,0.895479526402,0.422331846568,0.9699,0.9111
AB_p_err,879,0.288554637574,0.677980709106,0.348768968705,0.730511961007,0.9699,0.8889
AB_p_err,880,0.975989212151,0.879860984263,0.78170514643,0.330747434515,0.9307,0.7333
AB_p_err,881,0.934472092646,0.466156456875,0.726567233428,0.0579209452347,0.9459,0.8222
AB_p_err,882,0.781818874016,0.285864127877,0.535800996955,0.745914625552,0.9693,0.9333
AB_p_err,883,0.362583536941,0.289889078222,0.747139029967,0.388984489085,0.9632,0.8722
AB_p_err,884,0.990665371687,0.32822692302,0.699073958467,0.636232565156,0.9541,0.8667
AB_p_err,885,0.369937773217,0.345709814092,0.36022622239,0.760095658682,0.9789,0.9278
AB_p_err,886,0.514915826313,0.311360049085,0.339732920172,0.336794801053,0.9746,0.9222
AB_p_err,887,0.819497012287,0.968803213226,0.127463718826,0.782374836456,0.952,0.8056
AB_p_err,888,0.8945689034,0.779125853452,0.659605382922,0.463511184191,0.9424,0.7778
AB_p_err,889,0.548878116507,0.253790907207,0.525333574546,0.169154921079,0.9751,0.9278
AB_p_err,890,0.813654043876,0.445770168698,0.653392187788,0.684387401977,0.9553,0.8556
AB_p_err,891,0.384495336844,0.0685771071545,0.34491080316,0.230400708198,0.986,0.9722
AB_p_err,892,0.719935574515,0.63487710339,0.728889723515,0.667751521035,0.9363,0.7833
AB_p_err,893,0.743636399794,0.491061481122,0.526625507781,0.0908167309552,0.9456,0.8278
AB_p_err,894,0.286093598356,0.380979981272,0.1627370184,0.0702156977147,0.9825,0.9611
AB_p_err,895,0.0490568574579,0.316700339281,0.937850767267,0.968037143136,0.9716,0.8833
AB_p_err,896,0.905981866989,0.311160350958,0.205559515301,0.147379984514,0.974,0.9444
AB_p_err,897,0.179615980478,0.581162170084,0.496006322576,0.267059382932,0.969,0.8944
AB_p_err,898,0.697559080365,0.507892366084,0.868741130381,0.875107841332,0.9442,0.7944
AB_p_err,899,0.323419804738,0.397205200226,0.952196536467,0.426529026672,0.9602,0.8722
AB_p_err,900,0.936532275023,0.260378060655,0.492329031906,0.590559689063,0.9731,0.95
AB_p_err,901,0.241863051463,0.386179890557,0.0787008689868,0.796946180716,0.9825,0.9611
AB_p_err,902,0.695743911005,0.0129358209865,0.704962211801,0.759715251898,0.9623,0.8944
AB_p_err,903,0.668390600627,0.279387073894,0.386839006398,0.933541273337,0.9775,0.9389
AB_p_err,904,0.447131739558,0.502831112484,0.959856978136,0.326873134654,0.9611,0.8556
AB_p_err,905,0.429112276305,0.718872084382,0.542196737983,0.249463840564,0.9643,0.8611
AB_p_err,906,0.263187001589,0.720887830092,0.0685395210875,0.62776590249,0.9725,0.8944
AB_p_err,907,0.921109676921,0.167009787414,0.479216200844,0.867741932507,0.9757,0.9667
AB_p_err,908,0.0546762100956,0.0937693748478,0.737502432639,0.11932190299,0.9781,0.9167
AB_p_err,909,0.181624993318,0.818978154414,0.208065236283,0.513171690481,0.9702,0.8833
AB_p_err,910,0.495502537832,0.291841211868,0.201962708899,0.292999837647,0.9769,0.9444
AB_p_err,911,0.0515102633669,0.185192407859,0.791339641758,0.616903383594,0.9781,0.9167
AB_p_err,912,0.991488028779,0.672753526336,0.175471034016,0.140817678283,0.9573,0.8389
AB_p_err,913,0.667856468648,0.662814628131,0.11510964072,0.970528613479,0.967,0.8611
AB_p_err,914,0.366097680181,0.067303665619,0.534916665158,0.1852563815,0.9737,0.9278
AB_p_err,915,0.382704738384,0.319632113208,0.871427160189,0.289782683288,0.9629,0.8667
AB_p_err,916,0.583593532437,0.826988755544,0.712213249831,0.730733814148,0.9421,0.7722
AB_p_err,917,0.691128416818,0.374745548308,0.657129281024,0.700614704239,0.9591,0.8556
AB_p_err,918,0.915445663539,0.650261984347,0.0395503223901,0.0867984969704,0.9599,0.8556
AB_p_err,919,0.603372231022,0.0417398398292,0.107233765294,0.482395885728,0.9865,0.9889
AB_p_err,920,0.362579031857,0.229415362477,0.0298561185398,0.32396087883,0.9845,0.9556
AB_p_err,921,0.742597494853,0.843083370159,0.684273084673,0.128547150499,0.9357,0.7722
AB_p_err,922,0.469367670246,0.248286880916,0.269163694968,0.723886031237,0.9792,0.9389
AB_p_err,923,0.230713722059,0.817042082181,0.765203886836,0.489153707944,0.9579,0.8389
AB_p_err,924,0.0819883466714,0.73813289435,0.938852151227,0.261079075785,0.9529,0.8056
AB_p_err,925,0.38001925939,0.666628763573,0.532819840152,0.612956413496,0.9661,0.8722
AB_p_err,926,0.0501634879917,0.0930411122798,0.810314146908,0.276964651591,0.9766,0.9111
AB_p_err,927,0.417101061312,0.0651819230764,0.933990784868,0.0935695007466,0.9699,0.9111
AB_p_err,928,0.735344332861,0.721575154139,0.904135866943,0.933297244043,0.9325,0.7667
AB_p_err,929,0.969479679527,0.52320808652,0.755823223694,0.206364656421,0.9436,0.8111
AB_p_err,930,0.496505884346,0.75744445504,0.310176538154,0.506303518949,0.9702,0.9056
AB_p_err,931,0.0189571039883,0.909885003296,0.500987837817,0.94555464006,0.9734,0.8611
AB_p_err,932,0.543057089949,0.808192429089,0.833780765673,0.947578642898,0.9509,0.8111
AB_p_err,933,0.809591089662,0.23627034226,0.944674934977,0.302456053329,0.9462,0.85
AB_p_err,934,0.574604803895,0.450871959302,0.231643380939,0.503900295028,0.9722,0.9
AB_p_err,935,0.853800951231,0.161320990199,0.278803094956,0.685237037974,0.9787,0.9778
AB_p_err,936,0.898082196801,0.89222436941,0.374726468233,0.462751258064,0.95,0.8
AB_p_err,937,0.650968994121,0.722904292507,0.78654798058,0.803440130672,0.9447,0.7833
AB_p_err,938,0.0328423189718,0.571696949319,0.159543608445,0.178283408267,0.9778,0.8889
AB_p_err,939,0.546943392009,0.0728790222583,0.838971252014,0.19157064466,0.9658,0.9056
AB_p_err,940,0.651136220044,0.384925602138,0.591094232459,0.0245030081087,0.9649,0.8778
AB_p_err,941,0.0209754586374,0.919578468176,0.367850354492,0.252528056433,0.974,0.8611
AB_p_err,942,0.553312009444,0.321290524497,0.476292297616,0.102722371053,0.9743,0.9222
AB_p_err,943,0.798913281735,0.017853130864,0.517721855343,0.424428399714,0.9746,0.9667
AB_p_err,944,0.943801996248,0.707185081329,0.447000272514,0.360322696385,0.952,0.8167
AB_p_err,945,0.939295691856,0.998522223491,0.620313485693,0.737298635624,0.9427,0.7722
AB_p_err,946,0.725416749179,0.719751583752,0.0108810455007,0.828433289583,0.962,0.8722
AB_p_err,947,0.778259698458,0.949257607924,0.0986120563616,0.512003061987,0.952,0.8056
AB_p_err,948,0.249578642059,0.859510420343,0.675667782277,0.825079317772,0.9594,0.8444
AB_p_err,949,0.51107571655,0.344650450565,0.988150145058,0.853114852856,0.9544,0.85
AB_p_err,950,0.0153563450657,0.574435765554,0.032031316333,0.416434963071,0.9886,0.9389
AB_p_err,951,0.876666304823,0.66029069233,0.581691846826,0.554716914448,0.9503,0.8167
AB_p_err,952,0.884617047204,0.458838432364,0.279603728198,0.732574617016,0.9646,0.8889
AB_p_err,953,0.414660798868,0.962399249032,0.0363572214174,0.235178218289,0.9722,0.8667
AB_p_err,954,0.675154581693,0.456640260355,0.443993400524,0.71142708914,0.9673,0.8778
AB_p_err,955,0.358692002116,0.619203629375,0.0877742846856,0.52784016577,0.981,0.9333
AB_p_err,956,0.581579962863,0.835089119438,0.421618872489,0.325939920776,0.9561,0.8167
AB_p_err,957,0.094923880634,0.843473957874,0.610997861109,0.420498662965,0.9617,0.8278
AB_p_err,958,0.101568112398,0.877115388603,0.749692965192,0.337261130303,0.9567,0.8111
AB_p_err,959,0.72168788027,0.704140804062,0.00765076407314,0.849244681762,0.962,0.8722
AB_p_err,960,0.604089709333,0.999876174998,0.267655398428,0.669399463082,0.9573,0.8111
AB_p_err,961,0.279507833981,0.947367069711,0.0101017288368,0.373385082193,0.9722,0.8889
AB_p_err,962,0.675339882605,0.671644753405,0.500180531415,0.697433428475,0.9567,0.8222
AB_p_err,963,0.0038054220948,0.687116419275,0.445275977334,0.0661327512335,0.9787,0.8944
AB_p_err,964,0.733365109811,0.596399201377,0.672640874394,0.856467719033,0.9415,0.8056
AB_p_err,965,0.381090367309,0.107870203894,0.534835533978,0.256811612532,0.974,0.9222
AB_p_err,966,0.266378876149,0.902528640436,0.287488177462,0.950051264558,0.9696,0.8833
AB_p_err,967,0.466578694071,0.637880838164,0.703774893095,0.904154814902,0.9684,0.8889
AB_p_err,968,0.79738833457,0.23110227925,0.501452598026,0.67829058172,0.974,0.9556
AB_p_err,969,0.239185552847,0.25670779268,0.315233308969,0.155523896131,0.9813,0.9611
AB_p_err,970,0.0747627143986,0.50147780174,0.998215960972,0.957409853423,0.9544,0.8222
AB_p_err,971,0.190785241776,0.840576706114,0.661808707882,0.512420036262,0.9599,0.8444
AB_p_err,972,0.938962904492,0.650171994296,0.966607124934,0.750961555081,0.9313,0.7556
AB_p_err,973,0.16260768336,0.853484486904,0.861321429251,0.284129260059,0.9512,0.8111
AB_p_err,974,0.0782583751606,0.143713413178,0.39128178516,0.322892038715,0.9807,0.9333
AB_p_err,975,0.758050111795,0.654010421755,0.640488980217,0.502789664096,0.9488,0.8167
AB_p_err,976,0.296374389145,0.516144618086,0.439285473588,0.828504136763,0.9716,0.9111
AB_p_err,977,0.904561202726,0.761611109395,0.651865501279,0.213377026076,0.9439,0.7833
AB_p_err,978,0.742479703305,0.452228965636,0.584020214892,0.432143070544,0.9474,0.8389
AB_p_err,979,0.0242763489927,0.439362695315,0.504642864178,0.86901290345,0.9842,0.9333
AB_p_err,980,0.446199563861,0.668833667123,0.439474057761,0.994931684246,0.9705,0.8889
AB_p_err,981,0.78218967079,0.412435561506,0.931216073174,0.44138510291,0.9383,0.8
AB_p_err,982,0.838530546722,0.427716802905,0.88227790791,0.93471719011,0.9374,0.7944
AB_p_err,983,0.179321613047,0.125223429574,0.173293372093,0.431637713014,0.9851,0.9778
AB_p_err,984,0.174231234652,0.899566844337,0.40093900711,0.949818621541,0.9673,0.8722
AB_p_err,985,0.739164613218,0.674678240737,0.564039786088,0.247901273862,0.9395,0.7889
AB_p_err,986,0.0286403093358,0.706453763026,0.792052385632,0.518784324906,0.967,0.85
AB_p_err,987,0.575433979166,0.0954775159958,0.658101176436,0.761839963994,0.9661,0.9056
AB_p_err,988,0.169469608092,0.905620100977,0.27464096656,0.768676227125,0.9687,0.8778
AB_p_err,989,0.395334675967,0.449514817983,0.382240584345,0.905182817045,0.9781,0.9222
AB_p_err,990,0.816145012707,0.682895562308,0.904562262989,0.0452059048309,0.9278,0.7333
AB_p_err,991,0.694033022198,0.0044376886074,0.615088213577,0.692061762702,0.9725,0.9333
AB_p_err,992,0.751548705059,0.541148417346,0.363002452542,0.601395243689,0.962,0.8778
AB_p_err,993,0.0952668423742,0.579115293601,0.0381018859263,0.618656920771,0.9854,0.9333
AB_p_err,994,0.298917711524,0.42220300239,0.152211592597,0.24132303507,0.9825,0.9611
AB_p_err,995,0.739514272605,0.409102477932,0.174841669396,0.642232692503,0.9658,0.9111
AB_p_err,996,0.750424051903,0.560618474751,0.475507250008,0.503163155707,0.9591,0.8667
AB_p_err,997,0.712419573832,0.676130570633,0.870357462075,0.784413345073,0.9354,0.7611
AB_p_err,998,0.731125933411,0.278487991122,0.67354476936,0.859854160711,0.952,0.8722
AB_p_err,999,0.277148363983,0.22180028316,0.787390523601,0.661412169152,0.9711,0.9222
AB_p_err,1000,0.777065777484,0.319019155298,0.360777068036,0.00693678728979,0.9725,0.9389
AB_p_err,1001,0.786965165135,0.403552456213,0.660987444903,0.237481796141,0.9556,0.8611
AB_p_err,1002,0.281981607063,0.837227745929,0.676991669464,0.680252471916,0.9594,0.8444
AB_p_err,1003,0.632664080928,0.855969529522,0.0166084087809,0.864317639711,0.964,0.8389
AB_p_err,1004,0.899794570956,0.82402635853,0.0717284545473,0.685831473882,0.9529,0.8111
AB_p_err,1005,0.271418015797,0.188910788125,0.649381884208,0.106930435058,0.9749,0.9389
AB_p_err,1006,0.575832130368,0.137158762326,0.972594246079,0.952842072916,0.9477,0.8333
AB_p_err,1007,0.925559443822,0.207844585685,0.438874719731,0.245072015504,0.9749,0.9611
AB_p_err,1008,0.0478143092486,0.0794066694623,0.39397984,0.607951800882,0.9854,0.9444
AB_p_err,1009,0.819918059754,0.157064605524,0.576418378108,0.701461298453,0.9728,0.9556
AB_p_err,1010,0.713448548473,0.844317881603,0.936114531208,0.212852185438,0.9336,0.75
AB_p_err,1011,0.0759944474355,0.11351200764,0.745895478882,0.36521483763,0.969,0.8889
AB_p_err,1012,0.953178235487,0.162216109917,0.225528864178,0.343494335441,0.9801,0.9833
AB_p_err,1013,0.96304502787,0.765315627801,0.0600373740281,0.745251022281,0.9547,0.8222
AB_p_err,1014,0.745548987959,0.829593167223,0.148286910604,0.183590514377,0.952,0.8111
AB_p_err,1015,0.47758134391,0.159544324888,0.270487097255,0.338431312809,0.981,0.95
AB_p_err,1016,0.924644488672,0.629417328851,0.254555123916,0.211422322859,0.9617,0.8667
AB_p_err,1017,0.00587923010643,0.946832900396,0.712477797387,0.949619318847,0.9652,0.8278
AB_p_err,1018,0.214789435232,0.359351302527,0.150696515527,0.218250185296,0.9825,0.9611
AB_p_err,1019,0.726508232714,0.727323705514,0.0630992550265,0.88623785001,0.9605,0.8667
AB_p_err,1020,0.568494824235,0.843788312209,0.639391574394,0.00640974962132,0.9538,0.8111
AB_p_err,1021,0.248605171262,0.0808238210971,0.107740332875,0.466458399206,0.986,0.9833
AB_p_err,1022,0.693072585103,0.200654421209,0.102547287315,0.663527716161,0.9845,0.9722
AB_p_err,1023,0.521205521228,0.837251582362,0.264847663575,0.781337743234,0.9614,0.8389
AB_p_skip,0,0.738137738463,0.137708409518,0.482563757835,0.694967547085,0.9614,0.9167
AB_p_skip,1,0.413751273912,0.612538966979,0.389726512612,0.782269361021,0.9763,0.9111
AB_p_skip,2,0.801549387908,0.340614148998,0.30365388238,0.208930205849,0.9708,0.9278
AB_p_skip,3,0.468799288578,0.922144088277,0.0134551572024,0.38595959767,0.9734,0.8833
AB_p_skip,4,0.841900656405,0.966335450306,0.999526950995,0.0793489288384,0.9228,0.7056
AB_p_skip,5,0.226081515692,0.886105407592,0.930896497211,0.0880237994969,0.9506,0.8111
AB_p_skip,6,0.329419003351,0.751403745567,0.559224097999,0.593590614159,0.9655,0.8722
AB_p_skip,7,0.852563467921,0.228554764791,0.54723791439,0.417286847561,0.9711,0.9444
AB_p_skip,8,0.128925711957,0.573573820185,0.830347804405,0.260288627432,0.9532,0.8389
AB_p_skip,9,0.0910207762132,0.871047730474,0.0686203525461,0.828176299344,0.976,0.8778
AB_p_skip,10,0.389121255417,0.0295454655327,0.32141612627,0.893977182742,0.986,0.9722
AB_p_skip,11,0.736382394165,0.101940581374,0.400568919219,0.302434442261,0.9696,0.95
AB_p_skip,12,0.265480576706,0.23001287687,0.576813982824,0.209371408196,0.9754,0.9389
AB_p_skip,13,0.927380741791,0.491303124253,0.790144252995,0.366424930341,0.9415,0.8056
AB_p_skip,14,0.215701951787,0.403778192952,0.237623856748,0.951047540739,0.9807,0.95
AB_p_skip,15,0.629736788805,0.114173274766,0.754950498342,0.770522420663,0.9591,0.8778
AB_p_skip,16,0.469361001071,0.566768531693,0.523186401724,0.33332206801,0.9684,0.8889
AB_p_skip,17,0.413168958682,0.263848225379,0.776624172531,0.762106765154,0.9675,0.8889
AB_p_skip,18,0.924151657772,0.64130934309,0.790665166841,0.876041391455,0.938,0.7833
AB_p_skip,19,0.395267918426,0.538485100066,0.100889486433,0.519978186605,0.9822,0.9333
AB_p_skip,20,0.43976887014,0.414617498827,0.977413469472,0.860481107321,0.962,0.8611
AB_p_skip,21,0.910990929323,0.0123673801284,0.324368708882,0.181897681682,0.9804,0.9889
AB_p_skip,22,0.36979945601,0.931069641354,0.975305362194,0.419970893494,0.9506,0.7889
AB_p_skip,23,0.731021585234,0.446221781429,0.165320183296,0.239813395893,0.9655,0.9056
AB_p_skip,24,0.714314131787,0.223307649182,0.61198689708,0.13213107487,0.9602,0.8889
AB_p_skip,25,0.0164520091476,0.0383192003245,0.386508944437,0.734064164159,0.9906,0.9667
AB_p_skip,26,0.734569280663,0.714987700833,0.933961711819,0.958534231997,0.931,0.7611
AB_p_skip,27,0.394713190605,0.868462823351,0.974302552121,0.636919176737,0.9523,0.8
AB_p_skip,28,0.957306123957,0.423592287875,0.654593990706,0.224789664209,0.9553,0.8556
AB_p_skip,29,0.575557960851,0.334786448032,0.964802179478,0.792289987613,0.945,0.8167
AB_p_skip,30,0.0868059646566,0.0848306028949,0.712837368944,0.0582133802934,0.9705,0.8944
AB_p_skip,31,0.972133921002,0.424592533534,0.540205279531,0.920899316158,0.9596,0.8722
AB_p_skip,32,0.420187159924,0.149776545324,0.635602125251,0.139583444765,0.9722,0.9111
AB_p_skip,33,0.888314068321,0.0861178579024,0.630256569615,0.597210503774,0.9684,0.9389
AB_p_skip,34,0.0570745006327,0.81024075863,0.295789248129,0.224621309939,0.9678,0.8333
AB_p_skip,35,0.898004036946,0.71047895414,0.786189491857,0.233340498275,0.9342,0.7556
AB_p_skip,36,0.335025487956,0.90513744348,0.66013178206,0.931245009906,0.9602,0.8389
AB_p_skip,37,0.942181250844,0.0954070810597,0.871978346586,0.514021558463,0.948,0.8611
AB_p_skip,38,2.76197595416e-05,0.864934806721,0.940168815987,0.509768429119,0.9582,0.8056
AB_p_skip,39,0.636276815925,0.411841959996,0.259545624911,0.150559010876,0.9696,0.8889
AB_p_skip,40,0.42221099904,0.856270536247,0.820273154489,0.582052154227,0.9532,0.8056
AB_p_skip,41,0.44836349436,0.684067789059,0.104831928907,0.251400971664,0.9792,0.9222
AB_p_skip,42,0.58917697419,0.464861209905,0.14215845917,0.458721369308,0.9713,0.8944
AB_p_skip,43,0.247783140482,0.860106152502,0.85981170955,0.317028788282,0.952,0.8167
AB_p_skip,44,0.0261783107196,0.651263825783,0.146013691649,0.545946991059,0.9877,0.9333
AB_p_skip,45,0.112808180919,0.767693045668,0.0149592740653,0.785850384381,0.983,0.9111
AB_p_skip,46,0.623710035348,0.54911315716,0.610391890012,0.983268065429,0.9553,0.8278
AB_p_skip,47,0.618009496323,0.499162431464,0.263029404353,0.442926744555,0.967,0.8722
AB_p_skip,48,0.19236116764,0.695826343353,0.824800273812,0.239598659894,0.9561,0.8389
AB_p_skip,49,0.140214976971,0.641941640003,0.512983536294,0.505241504154,0.969,0.8944
AB_p_skip,50,0.865838406939,0.18643491746,0.0441311983018,0.806823103437,0.9792,0.9778
AB_p_skip,51,0.967668674581,0.714296205094,0.737914918375,0.813101877657,0.9371,0.7667
AB_p_skip,52,0.3408919305,0.146196385803,0.557759491944,0.126163235629,0.9778,0.95
AB_p_skip,53,0.554206592133,0.810731212608,0.742941809323,0.00466285460262,0.9535,0.8167
AB_p_skip,54,0.573775151804,0.975006939901,0.135594104925,0.513280447087,0.9626,0.8389
AB_p_skip,55,0.170463187841,0.284696382806,0.397765073693,0.56276274965,0.9795,0.95
AB_p_skip,56,0.967801058346,0.79592189799,0.198862308231,0.241465497888,0.9538,0.8167
AB_p_skip,57,0.316469173139,0.22501119221,0.243345962995,0.664034705662,0.9789,0.95
AB_p_skip,58,0.492792027871,0.17986540777,0.727416292073,0.634870101666,0.9693,0.9222
AB_p_skip,59,0.835465365748,0.895064912739,0.979763864995,0.240244685923,0.9243,0.7111
AB_p_skip,60,0.843535564644,0.085602248472,0.253475470435,0.115503368956,0.9801,0.9833
AB_p_skip,61,0.471464599508,0.726935344315,0.795772970622,0.29113423572,0.9629,0.8611
AB_p_skip,62,0.216381243997,0.207103862965,0.730972358169,0.608967416251,0.9711,0.9222
AB_p_skip,63,0.630310116992,0.0554635056742,0.789984920253,0.499263396959,0.9617,0.8944
AB_p_skip,64,0.846244171101,0.786348646462,0.801827088843,0.598684140126,0.9304,0.7389
AB_p_skip,65,0.291116288242,0.753752035166,0.275210576423,0.85086089861,0.9705,0.8889
AB_p_skip,66,0.722491506894,0.360420671878,0.251494711485,0.627123348275,0.9661,0.9167
AB_p_skip,67,0.45872505056,0.461436410301,0.203398249303,0.256023320911,0.9754,0.9111
AB_p_skip,68,0.249390413415,0.306417064402,0.49493991991,0.428376848511,0.9746,0.9333
AB_p_skip,69,0.53769648128,0.274905615569,0.548561314777,0.714909447119,0.9737,0.9222
AB_p_skip,70,0.316046288826,0.0779745395323,0.237470829205,0.902811366952,0.9825,0.9722
AB_p_skip,71,0.262519852387,0.675683116042,0.162723262192,0.503915820686,0.9728,0.9
AB_p_skip,72,0.574138883394,0.997536335233,0.940805854927,0.582168320494,0.9342,0.7444
AB_p_skip,73,0.751215609945,0.37216698718,0.549846608315,0.612264423032,0.9623,0.8944
AB_p_skip,74,0.5211571884,0.67193937516,0.864136176238,0.814012868036,0.948,0.8056
AB_p_skip,75,0.728083598406,0.815525592957,0.328469031589,0.00249976758749,0.9529,0.8333
AB_p_skip,76,0.597417285019,0.355544568369,0.389896548188,0.980828602649,0.9699,0.9
AB_p_skip,77,0.326424308735,0.81876987478,0.590979207419,0.590532144055,0.9629,0.8556
AB_p_skip,78,0.414168123505,0.126444847626,0.393655040804,0.0229836336373,0.9842,0.9611
AB_p_skip,79,0.501399131822,0.793447851903,0.826746942804,0.145338333718,0.9576,0.8556
AB_p_skip,80,0.919535902521,0.0890210040517,0.0790739626835,0.642854645037,0.9801,0.9833
AB_p_skip,81,0.565451733245,0.932071714385,0.803617835556,0.369409018509,0.95,0.8056
AB_p_skip,82,0.194632940837,0.694090404494,0.442037802488,0.133303571944,0.9678,0.8833
AB_p_skip,83,0.340984439742,0.54687664206,0.505954514263,0.980538261368,0.9708,0.9056
AB_p_skip,84,0.722902215863,0.653544221905,0.862896977402,0.878902202467,0.9333,0.7722
AB_p_skip,85,0.78808837748,0.929887520186,0.532434117422,0.6548984245,0.9456,0.7833
AB_p_skip,86,0.525834038954,0.938262847261,0.0436522858704,0.952290618411,0.9673,0.8611
AB_p_skip,87,0.784533869516,0.0773647444166,0.54425316418,0.921854310712,0.9728,0.9556
AB_p_skip,88,0.462887642572,0.329763294609,0.562893518568,0.615778099906,0.967,0.8833
AB_p_skip,89,0.928862305238,0.98142136133,0.0929551332593,0.352209703871,0.952,0.8056
AB_p_skip,90,0.918221795998,0.370706023444,0.573816935603,0.219751585731,0.9632,0.8944
AB_p_skip,91,0.964613614486,0.765897529492,0.0413132785395,0.621411311667,0.9547,0.8222
AB_p_skip,92,0.453131560726,0.058403246247,0.0240583411725,0.734225072034,0.9924,1
AB_p_skip,93,0.270384067859,0.851240144242,0.415411936178,0.260593931178,0.9652,0.8667
AB_p_skip,94,0.0344960130025,0.614432102415,0.23342901356,0.446191654081,0.9746,0.8722
AB_p_skip,95,0.0387340523141,0.111307517566,0.9670354096,0.943807817017,0.9751,0.9056
AB_p_skip,96,0.471971907771,0.212365481451,0.236766033669,0.301299680676,0.9807,0.9444
AB_p_skip,97,0.0463624725633,0.584131463811,0.214223904385,0.345016422967,0.9763,0.8833
AB_p_skip,98,0.512231430885,0.886655577745,0.262716034118,0.54505834944,0.9614,0.8389
AB_p_skip,99,0.0741728658158,0.549668386043,0.825085836994,0.226761217514,0.9602,0.8444
AB_p_skip,100,0.526440464705,0.45588208014,0.263383277912,0.124964120431,0.9684,0.8833
AB_p_skip,101,0.966062158556,0.193813962722,0.76954498331,0.535755499159,0.9544,0.8833
AB_p_skip,102,0.835080280081,0.448842646895,0.66000789566,0.119192620086,0.9538,0.85
AB_p_skip,103,0.343168718328,0.0673754297365,0.225189938192,0.868369052099,0.9845,0.9778
AB_p_skip,104,0.75518227387,0.183188507846,0.969252747837,0.61048133252,0.9477,0.8611
AB_p_skip,105,0.196827893539,0.0954514329477,0.0749257665232,0.81130613364,0.9851,0.9778
AB_p_skip,106,0.378200588376,0.256608096552,0.79552936251,0.760112550173,0.9661,0.8833
AB_p_skip,107,0.466701224259,0.62351732888,0.930562930693,0.386759579363,0.9626,0.8667
AB_p_skip,108,0.742172397353,0.305759300612,0.909453361778,0.958093036192,0.943,0.8333
AB_p_skip,109,0.222707685725,0.262602346488,0.382750682084,0.726364086745,0.9798,0.9556
AB_p_skip,110,0.554777289586,0.539202124882,0.517007598607,0.586353680884,0.9673,0.8778
AB_p_skip,111,0.190470685011,0.127688621206,0.0118538738252,0.352410996796,0.988,0.9889
AB_p_skip,112,0.531840861131,0.57767764215,0.614123041346,0.925027134488,0.9611,0.8556
AB_p_skip,113,0.324399977771,0.833058955875,0.513806266782,0.210121720775,0.9629,0.8556
AB_p_skip,114,0.942267374435,0.317816743026,0.354752903669,0.320724582934,0.9725,0.9389
AB_p_skip,115,0.193354847756,0.116700271906,0.507170432531,0.412053864768,0.9778,0.95
AB_p_skip,116,0.842427934935,0.596115217262,0.161484934707,0.405347688334,0.9635,0.8778
AB_p_skip,117,0.408330454433,0.75179603277,0.230563835765,0.61298389068,0.9751,0.9
AB_p_skip,118,0.522292132131,0.346538861243,0.154083815695,0.597571826172,0.9781,0.9333
AB_p_skip,119,0.0523912843441,0.0735772431209,0.289695045264,0.760439180435,0.9854,0.9444
AB_p_skip,120,0.14396997797,0.462606989164,0.841317559144,0.342600765386,0.9605,0.8667
AB_p_skip,121,0.045714593374,0.329901186501,0.846443888273,0.53248623184,0.9731,0.8889
AB_p_skip,122,0.0960410991083,0.827100685223,0.919307176068,0.631085826144,0.9512,0.7944
AB_p_skip,123,0.524137986474,0.758316706648,0.77397626476,0.373784319812,0.9512,0.8111
AB_p_skip,124,0.712066849175,0.656720709509,0.754097370296,0.193150602206,0.9383,0.7722
AB_p_skip,125,0.442879019646,0.108414759655,0.36095706145,0.612792922143,0.9845,0.9667
AB_p_skip,126,0.593525254717,0.780478534668,0.276144157419,0.80383355879,0.9605,0.8333
AB_p_skip,127,0.147570981139,0.229126876284,0.680115454594,0.106441139205,0.9716,0.9222
AB_p_skip,128,0.501264718536,0.828711189917,0.0239200031952,0.668612480536,0.9751,0.9222
AB_p_skip,129,0.139574625453,0.240521949048,0.807222272785,0.587768217667,0.9658,0.9
AB_p_skip,130,0.97552094316,0.52387286395,0.183625272536,0.187467019669,0.9643,0.8833
AB_p_skip,131,0.834845154428,0.455489148748,0.637086915388,0.682499881163,0.9553,0.8556
AB_p_skip,132,0.0855919055324,0.564642515423,0.868598707959,0.968261674756,0.9588,0.8389
AB_p_skip,133,0.54838288292,0.465461568041,0.376845147189,0.310514678933,0.9687,0.8833
AB_p_skip,134,0.600756204769,0.95438305906,0.842336709406,0.639341368255,0.9377,0.75
AB_p_skip,135,0.54800575015,0.112943310074,0.0242888963924,0.228309412237,0.9874,0.9833
AB_p_skip,136,0.715293904873,0.0413990677377,0.275034515558,0.0875448002269,0.9798,0.9722
AB_p_skip,137,0.891990517538,0.926834253297,0.768614971154,0.700317313909,0.9307,0.7333
AB_p_skip,138,0.861713900261,0.713319101932,0.253320424589,0.252559729332,0.9564,0.8333
AB_p_skip,139,0.0180684255771,0.894492108856,0.651901995608,0.0395247729258,0.9684,0.8444
AB_p_skip,140,0.485709939488,0.406479074707,0.308159670734,0.744906671126,0.9766,0.9222
AB_p_skip,141,0.183747077507,0.879660320925,0.257747880409,0.275463848172,0.9687,0.8778
AB_p_skip,142,0.699221870243,0.828799758039,0.692550057438,0.106725891597,0.9371,0.7611
AB_p_skip,143,0.185717407476,0.153940628024,0.831757754961,0.295046074749,0.9675,0.9111
AB_p_skip,144,0.0990282521232,0.999210408531,0.588787055419,0.150213005201,0.9617,0.8278
AB_p_skip,145,0.689748894025,0.546698623798,0.333135388795,0.804294413587,0.9658,0.8611
AB_p_skip,146,0.615887694336,0.263851377614,0.618443466747,0.816517215445,0.9684,0.9111
AB_p_skip,147,0.387659801434,0.549273791601,0.272194320208,0.477196801051,0.9763,0.9111
AB_p_skip,148,0.588612425647,0.841416425263,0.286445642095,0.842482826446,0.9596,0.8278
AB_p_skip,149,0.377380765651,0.737993848983,0.350046721709,0.841790804932,0.9737,0.8944
AB_p_skip,150,0.283446391638,0.441809625144,0.889574939746,0.715927594966,0.9626,0.8833
AB_p_skip,151,0.232375415547,0.403754200441,0.996568395506,0.167617636946,0.9567,0.8611
AB_p_skip,152,0.320285796847,0.805007525267,0.850267887115,0.721701671341,0.952,0.8167
AB_p_skip,153,0.159094086286,0.0887955503088,0.176792784956,0.443491039797,0.986,0.9833
AB_p_skip,154,0.811623234737,0.548668237516,0.688000065206,0.554535390253,0.948,0.8278
AB_p_skip,155,0.701669833895,0.648614429051,0.81583504174,0.649143099297,0.9363,0.7667
AB_p_skip,156,0.461209731291,0.558537660904,0.112694443657,0.209848067699,0.9784,0.9222
AB_p_skip,157,0.761060220515,0.41784890928,0.0820810481772,0.509292846475,0.967,0.9056
AB_p_skip,158,0.923937856739,0.670262182056,0.694835862564,0.389605918136,0.9409,0.7833
AB_p_skip,159,0.88367515897,0.661243928135,0.206560592322,0.664184524518,0.9582,0.8444
AB_p_skip,160,0.465294504335,0.167343590915,0.24853604742,0.32049191368,0.981,0.95
AB_p_skip,161,0.43842849334,0.58857730397,0.603698320848,0.69161790734,0.9661,0.8722
AB_p_skip,162,0.0312488278906,0.907501393059,0.630488490962,0.201495941325,0.9614,0.8056
AB_p_skip,163,0.0177754372226,0.572874399357,0.672183942581,0.426607341899,0.9754,0.8889
AB_p_skip,164,0.269990042654,0.392504123724,0.865196368979,0.723888874327,0.9626,0.8833
AB_p_skip,165,0.837381577466,0.0682915902561,0.6101386652,0.683370828368,0.9708,0.95
AB_p_skip,166,0.208693423448,0.834106379303,0.505834450058,0.807992256696,0.9629,0.8556
AB_p_skip,167,0.246985389406,0.430820021472,0.48397639582,0.332642017455,0.9743,0.9278
AB_p_skip,168,0.086054570816,0.75319473422,0.608919758001,0.0623876984889,0.9643,0.8444
AB_p_skip,169,0.907639277792,0.36760634466,0.4107130523,0.144496040613,0.9661,0.9056
AB_p_skip,170,0.0666685137876,0.0272471370857,0.119643750117,0.14801970945,0.9889,0.9667
AB_p_skip,171,0.395037894812,0.242854087033,0.602197256286,0.773545687368,0.9705,0.9
AB_p_skip,172,0.451649882035,0.12385697442,0.589012211007,0.886043741266,0.9731,0.9222
AB_p_skip,173,0.510145795779,0.705587870938,0.647468286014,0.841051143566,0.9664,0.8944
AB_p_skip,174,0.060046098943,0.858818535122,0.693867822377,0.148029687401,0.9629,0.8167
AB_p_skip,175,0.960751636979,0.213034960836,0.567552779949,0.612640529817,0.9711,0.9444
AB_p_skip,176,0.182387465585,0.184555948875,0.0308735345037,0.561034223915,0.9857,0.9778
AB_p_skip,177,0.926185621947,0.325787755096,0.317913785154,0.753129430374,0.9725,0.9389
AB_p_skip,178,0.280663541415,0.732278511908,0.441679402428,0.932264304595,0.9646,0.8667
AB_p_skip,179,0.219873096173,0.235761461898,0.90421712087,0.785701445925,0.9652,0.9
AB_p_skip,180,0.652257310892,0.620258103583,0.0607149483981,0.962460151252,0.9702,0.8778
AB_p_skip,181,0.231360190751,0.0650345190082,0.829194817068,0.914232193118,0.9684,0.9167
AB_p_skip,182,0.858091350155,0.158539422353,0.0233659777782,0.439152991412,0.9801,0.9833
AB_p_skip,183,0.686499130604,0.42905252289,0.228999661271,0.468062343081,0.9722,0.8944
AB_p_skip,184,0.853023986314,0.743843971509,0.984595077476,0.658437606754,0.9254,0.7222
AB_p_skip,185,0.706210574035,0.387286340785,0.604989280622,0.453110266995,0.9541,0.85
AB_p_skip,186,0.345740152815,0.744773653662,0.315716597865,0.897722114434,0.9702,0.8889
AB_p_skip,187,0.227061008149,0.534727533191,0.800901601776,0.613100410511,0.9617,0.8667
AB_p_skip,188,0.788824611894,0.208806826161,0.329986921714,0.909710945652,0.9778,0.9722
AB_p_skip,189,0.156612366235,0.762190798315,0.742397405295,0.181716427342,0.9588,0.8444
AB_p_skip,190,0.641592606234,0.750889686585,0.103054556748,0.747066747468,0.9643,0.8444
AB_p_skip,191,0.159860596732,0.136171863583,0.561189966519,0.989972385464,0.9778,0.95
AB_p_skip,192,0.441259902626,0.375477214117,0.13762645996,0.153947135932,0.9827,0.9444
AB_p_skip,193,0.0018014912479,0.0816340052842,0.0782531037974,0.121616313445,0.9956,0.9833
AB_p_skip,194,0.92368244934,0.372219732764,0.0180797151804,0.00917401445341,0.9705,0.9222
AB_p_skip,195,0.471413616836,0.531376098267,0.579070455385,0.719903215663,0.9684,0.8889
AB_p_skip,196,0.243489836565,0.156369792416,0.425701284407,0.165600276385,0.9792,0.9556
AB_p_skip,197,0.989188327353,0.444271432212,0.937475198396,0.906008845756,0.9374,0.7944
AB_p_skip,198,0.909145761175,0.593025732159,0.133257020386,0.78727000898,0.9635,0.8778
AB_p_skip,199,0.957841632712,0.363897597321,0.895622174772,0.250432090139,0.9401,0.8111
AB_p_skip,200,0.556294855145,0.237774235476,0.555843807282,0.406624179773,0.9737,0.9222
AB_p_skip,201,0.0267349953967,0.0756021614677,0.576117806652,0.259048944319,0.9854,0.9444
AB_p_skip,202,0.0186644732714,0.654732918015,0.107243437662,0.970854703064,0.9877,0.9333
AB_p_skip,203,0.0403184820006,0.757691943155,0.716196426785,0.942034634058,0.9655,0.8333
AB_p_skip,204,0.409016158062,0.713152668683,0.293782359395,0.721809438379,0.9746,0.9
AB_p_skip,205,0.288261323901,0.514228234526,0.919286701816,0.2538133573,0.9567,0.85
AB_p_skip,206,0.465669006704,0.613668682248,0.200567018223,0.126468347168,0.974,0.9056
AB_p_skip,207,0.557442200093,0.0771482410319,0.0201487386181,0.801154059486,0.9906,1
AB_p_skip,208,0.575726462255,0.667829881147,0.910141750044,0.221849912344,0.9392,0.7722
AB_p_skip,209,0.136973955951,0.482929415381,0.593076483015,0.932989870811,0.9699,0.9
AB_p_skip,210,0.792892452371,0.313100610669,0.864998581794,0.118045131404,0.9427,0.8278
AB_p_skip,211,0.805423686332,0.75290235564,0.454696646547,0.954900460414,0.9512,0.8111
AB_p_skip,212,0.319378000501,0.378711598685,0.249228190688,0.11888979278,0.9766,0.9389
AB_p_skip,213,0.548895699966,0.0276974539833,0.486588605524,0.291879383868,0.9804,0.9611
AB_p_skip,214,0.801838409366,0.384183600229,0.0455742903219,0.612043388517,0.9687,0.9111
AB_p_skip,215,0.0258900813001,0.48692178129,0.569025097877,0.379806577142,0.981,0.9167
AB_p_skip,216,0.470024038858,0.186217334923,0.928715438323,0.880443919625,0.9678,0.9
AB_p_skip,217,0.464110013244,0.487692786613,0.311965894153,0.0695296637793,0.9725,0.9
AB_p_skip,218,0.140970232997,0.785210229804,0.77060445163,0.339973386299,0.9579,0.8389
AB_p_skip,219,0.794214825014,0.0330204371791,0.0157561691158,0.801595428968,0.9819,0.9944
AB_p_skip,220,0.612508220588,0.92333869065,0.298339516275,0.0378258591907,0.9567,0.8111
AB_p_skip,221,0.855932517602,0.504202085921,0.625527944116,0.7646734385,0.9526,0.8389
AB_p_skip,222,0.956693844834,0.554987945301,0.181233937601,0.518936445556,0.9643,0.8833
AB_p_skip,223,0.328033709871,0.137605681672,0.843314852295,0.493762886413,0.9675,0.9111
AB_p_skip,224,0.812152472033,0.422188186218,0.850150272993,0.267798803512,0.9398,0.8056
AB_p_skip,225,0.987497884499,0.546065399736,0.397811351927,0.803708629942,0.9614,0.8722
AB_p_skip,226,0.121022156789,0.927469021823,0.760298547579,0.75466039973,0.9553,0.8056
AB_p_skip,227,0.441198840147,0.422709163215,0.97359517684,0.221154039398,0.9629,0.8667
AB_p_skip,228,0.800107103149,0.201623424835,0.85718143795,0.462229642355,0.9471,0.8556
AB_p_skip,229,0.157474339961,0.774410869119,0.239932977975,0.970215323015,0.9711,0.8889
AB_p_skip,230,0.796148711916,0.39786680946,0.409650590575,0.174463095647,0.9643,0.8944
AB_p_skip,231,0.0522050065195,0.581114250288,0.568962456164,0.117778418367,0.9719,0.8667
AB_p_skip,232,0.295376364307,0.913232970475,0.713344054787,0.127972440662,0.9588,0.8444
AB_p_skip,233,0.816161056443,0.334699707275,0.471985769394,0.438233637108,0.9678,0.9167
AB_p_skip,234,0.268445084931,0.392608320996,0.280382831979,0.856183953441,0.9801,0.95
AB_p_skip,235,0.739615134024,0.0482146429571,0.784468615642,0.656620541983,0.9515,0.8833
AB_p_skip,236,0.3788958271,0.513566686476,0.696013471221,0.740879653907,0.9655,0.8722
AB_p_skip,237,0.133910914537,0.731749269046,0.699317560782,0.00339324870794,0.9602,0.85
AB_p_skip,238,0.778908191361,0.264418383011,0.0984328466081,0.090718979139,0.9775,0.9667
AB_p_skip,239,0.996176484544,0.473629397957,0.928910279986,0.943354061201,0.9365,0.7889
AB_p_skip,240,0.87838772457,0.529609780822,0.522207945062,0.905908169601,0.957,0.8556
AB_p_skip,241,0.759476344661,0.685623179262,0.21493761381,0.0468642646845,0.9556,0.8333
AB_p_skip,242,0.729888883097,0.946677937803,0.567964954151,0.546616991669,0.9368,0.7722
AB_p_skip,243,0.557330863789,0.116223663612,0.921302157961,0.510920038427,0.9611,0.8833
AB_p_skip,244,0.908806361572,0.191600938138,0.579731696217,0.46670439316,0.9705,0.9444
AB_p_skip,245,0.139104953887,0.225290611629,0.0499913537853,0.0248920673344,0.9839,0.9667
AB_p_skip,246,0.835025581658,0.844761085243,0.252653050581,0.861595985857,0.9529,0.8111
AB_p_skip,247,0.748647780013,0.347179242866,0.585497074654,0.495513967713,0.9632,0.9
AB_p_skip,248,0.857569861603,0.850545698191,0.0383783051464,0.645755055326,0.952,0.8056
AB_p_skip,249,0.682137828607,0.150673023254,0.382492662789,0.237902669989,0.9801,0.9556
AB_p_skip,250,0.297315936146,0.444683670422,0.226834818259,0.70530650696,0.9825,0.9611
AB_p_skip,251,0.761131451505,0.770708306015,0.189085069114,0.165325535342,0.9538,0.8222
AB_p_skip,252,0.20261879311,0.565190984161,0.968559024291,0.602328449809,0.9529,0.8333
AB_p_skip,253,0.676468647858,0.0653192788585,0.663697465903,0.942949193476,0.9681,0.9167
AB_p_skip,254,0.132854945095,0.802860407047,0.435728571828,0.791270365395,0.9652,0.8667
AB_p_skip,255,0.584018564077,0.706992722494,0.297217555937,0.41816426683,0.9608,0.8389
AB_p_skip,256,0.715658430502,0.108534744902,0.939240824081,0.420262736491,0.9477,0.8667
AB_p_skip,257,0.358105335959,0.932379964951,0.822912818285,0.935250776479,0.9465,0.7778
AB_p_skip,258,0.462101210275,0.295854980031,0.463166318434,0.109292171615,0.9713,0.9
AB_p_skip,259,0.404135672035,0.8891608226,0.581889469426,0.859364090629,0.9573,0.8167
AB_p_skip,260,0.636773640523,0.576356978315,0.580243278188,0.606184722491,0.9588,0.8389
AB_p_skip,261,0.358186319272,0.821191438237,0.0843438544842,0.297810055289,0.9749,0.8944
AB_p_skip,262,0.523646067665,0.283150378029,0.50472958406,0.525883546059,0.9734,0.9222
AB_p_skip,263,0.739401123374,0.609019212339,0.414147396533,0.384580765803,0.9506,0.8333
AB_p_skip,264,0.0892127416087,0.984930690328,0.516553339553,0.440333910188,0.9646,0.8389
AB_p_skip,265,0.415885965409,0.92516987313,0.53906083792,0.71856136997,0.9573,0.8167
AB_p_skip,266,0.489042381556,0.57163127556,0.416921365642,0.453048426042,0.9705,0.9111
AB_p_skip,267,0.917329654757,0.994794026484,0.860198144269,0.587406292642,0.9243,0.7111
AB_p_skip,268,0.770752679281,0.182814948109,0.787028050902,0.73920867029,0.9544,0.8833
AB_p_skip,269,0.164504283066,0.178803770241,0.48232162514,0.611731587469,0.9792,0.9556
AB_p_skip,270,0.615634389076,0.603352286607,0.572929226209,0.496967956279,0.9582,0.8389
AB_p_skip,271,0.309856071665,0.810134104404,0.229332702234,0.164324771623,0.9708,0.8889
AB_p_skip,272,0.79835904812,0.875081152369,0.583024015773,0.342756666855,0.9442,0.7778
AB_p_skip,273,0.927399632626,0.773589012981,0.710669951909,0.598611871352,0.9368,0.7611
AB_p_skip,274,0.182714000963,0.319567106351,0.56857337509,0.673434525676,0.9751,0.9333
AB_p_skip,275,0.209130808232,0.372465659767,0.62048067856,0.636527107024,0.9743,0.9278
AB_p_skip,276,0.17504201281,0.490083488234,0.839068648477,0.467598405992,0.9596,0.8611
AB_p_skip,277,0.330072097346,0.985814821373,0.950154246584,0.544397439971,0.9444,0.7722
AB_p_skip,278,0.945073605822,0.0195668878484,0.731153156406,0.111666794799,0.9599,0.9111
AB_p_skip,279,0.625451928282,0.518777353458,0.759267086928,0.122911380879,0.9485,0.8111
AB_p_skip,280,0.564390016839,0.442384507559,0.16006307065,0.722111535085,0.9754,0.9111
AB_p_skip,281,0.596422927874,0.520687005566,0.786060089936,0.810577191577,0.9468,0.8056
AB_p_skip,282,0.272290824481,0.376124193318,0.63692184714,0.00473847435027,0.9722,0.9222
AB_p_skip,283,0.434023105053,0.828041165197,0.873734508523,0.706342939393,0.955,0.8167
AB_p_skip,284,0.84182800997,0.705267726325,0.368847594799,0.905613536428,0.9535,0.8222
AB_p_skip,285,0.840632871188,0.0285830078915,0.562201183749,0.787649556493,0.9746,0.9667
AB_p_skip,286,0.547004441351,0.520601742757,0.713023822364,0.32396339457,0.9596,0.8556
AB_p_skip,287,0.951912989562,0.127196190531,0.184899367727,0.653877058291,0.9801,0.9833
AB_p_skip,288,0.834824299808,0.250626846889,0.892287542662,0.271513768643,0.9453,0.8444
AB_p_skip,289,0.408743985631,0.188263038312,0.215414091983,0.972059864529,0.9839,0.9556
AB_p_skip,290,0.185326176577,0.826935617844,0.415847157397,0.449593752777,0.9658,0.8667
AB_p_skip,291,0.202997965314,0.257644890563,0.820367525189,0.879708778585,0.9658,0.9
AB_p_skip,292,0.479007169742,0.854412162842,0.40543340979,0.500495354309,0.9673,0.8667
AB_p_skip,293,0.928089059922,0.666607371905,0.322758199957,0.213518475029,0.9567,0.8389
AB_p_skip,294,0.765687134811,0.00047052076346,0.00712672402633,0.892785266696,0.9819,0.9944
AB_p_skip,295,0.702426641259,0.908912220532,0.0949113997369,0.0340503223349,0.9637,0.8556
AB_p_skip,296,0.977366841599,0.852844388141,0.0466657142948,0.0904269604129,0.952,0.8056
AB_p_skip,297,0.154678343441,0.44358087883,0.169216544377,0.633591981254,0.9807,0.95
AB_p_skip,298,0.082942957017,0.547796179109,0.478417706544,0.928838859391,0.9731,0.8889
AB_p_skip,299,0.150191800191,0.157599052026,0.594810734348,0.593235194995,0.9778,0.95
AB_p_skip,300,0.489746389805,0.345292138341,0.0136455599671,0.701302887953,0.9804,0.9556
AB_p_skip,301,0.201472233136,0.809620947491,0.490248817838,0.239009942394,0.9652,0.8667
AB_p_skip,302,0.58572921608,0.892531480638,0.958835393689,0.303897566682,0.9327,0.7389
AB_p_skip,303,0.813896542399,0.601378830717,0.515520276671,0.0567941218465,0.9561,0.85
AB_p_skip,304,0.753647998514,0.499237480018,0.783611911206,0.511290875416,0.9427,0.8111
AB_p_skip,305,0.0311919965616,0.808538650897,0.839795765361,0.961275938552,0.9632,0.8167
AB_p_skip,306,0.682593898719,0.579980392646,0.115546449015,0.364803655606,0.9687,0.8722
AB_p_skip,307,0.239868659996,0.943388922137,0.059729011219,0.434672607814,0.9708,0.8833
AB_p_skip,308,0.392754267458,0.73961957773,0.792547529712,0.782992917453,0.9591,0.8389
AB_p_skip,309,0.985118876498,0.383142834962,0.683804686193,0.0790764016702,0.955,0.8611
AB_p_skip,310,0.649231574236,0.119959751332,0.866090577272,0.616226896746,0.9553,0.8611
AB_p_skip,311,0.136290074903,0.301887986311,0.781104043341,0.928264999282,0.9693,0.9111
AB_p_skip,312,0.0440584262276,0.846161081428,0.831661391493,0.351148978302,0.9608,0.8111
AB_p_skip,313,0.542215302928,0.339031275986,0.439179374625,0.824302501177,0.9734,0.9167
AB_p_skip,314,0.0121827507594,0.453953719345,0.47746860916,0.73060717095,0.9857,0.9389
AB_p_skip,315,0.555584410297,0.217409319019,0.362379793009,0.19240987272,0.9766,0.9333
AB_p_skip,316,0.614214215059,0.152934809799,0.217508238374,0.938335382957,0.9839,0.9722
AB_p_skip,317,0.210064063134,0.306945698575,0.196990520958,0.0473475199152,0.9825,0.9611
AB_p_skip,318,0.373275544269,0.683468278438,0.962394582051,0.217777111904,0.9602,0.85
AB_p_skip,319,0.461267427269,0.507478321918,0.923089495403,0.91661700446,0.9594,0.85
AB_p_skip,320,0.381480860861,0.350677854712,0.843451817594,0.764047670117,0.9629,0.8667
AB_p_skip,321,0.381564938213,0.522862966181,0.132343189485,0.472658682534,0.983,0.9389
AB_p_skip,322,0.371545227937,0.646619101992,0.768865284442,0.905594858671,0.9632,0.8611
AB_p_skip,323,0.18847726896,0.75025491285,0.120670146249,0.155502676026,0.9719,0.8944
AB_p_skip,324,0.309835185251,0.74361280454,0.893233852646,0.830772813756,0.9529,0.8278
AB_p_skip,325,0.0435853512956,0.666187075175,0.10166702163,0.965973267287,0.9781,0.8833
AB_p_skip,326,0.301615480642,0.450952012514,0.500954204892,0.0566604707659,0.9705,0.9056
AB_p_skip,327,0.537072552653,0.511026809896,0.735347715165,0.291204881376,0.9596,0.8556
AB_p_skip,328,0.54188372266,0.409735356833,0.744762392076,0.276642928159,0.9632,0.8778
AB_p_skip,329,0.887965741473,0.236490528922,0.6291743451,0.26060456714,0.9667,0.9278
AB_p_skip,330,0.114016937401,0.474819880222,0.361036056221,0.0594010134456,0.9754,0.9
AB_p_skip,331,0.681685195836,0.706710637176,0.890960027019,0.76513034543,0.9398,0.7667
AB_p_skip,332,0.218166447117,0.18884828241,0.142401345362,0.432071466803,0.9851,0.9778
AB_p_skip,333,0.828698101263,0.84475932644,0.194786747458,0.255748002799,0.9529,0.8111
AB_p_skip,334,0.344023986281,0.643499892808,0.563360198447,0.883508861703,0.9699,0.9
AB_p_skip,335,0.0884918642759,0.899226972476,0.92660861788,0.0512298794912,0.9503,0.7889
AB_p_skip,336,0.481264022892,0.476746775844,0.36929246974,0.450850614221,0.9743,0.9111
AB_p_skip,337,0.375584248329,0.720703599748,0.0144602038807,0.982479926458,0.981,0.9222
AB_p_skip,338,0.804099592762,0.535388866952,0.678178932272,0.495365827928,0.9515,0.8389
AB_p_skip,339,0.566895196617,0.933263879242,0.37963678238,0.840060235326,0.9617,0.8389
AB_p_skip,340,0.402191787035,0.713502339621,0.322803513606,0.274851826349,0.9746,0.9
AB_p_skip,341,0.125938651085,0.0327581629069,0.381533955898,0.631800949781,0.9795,0.9611
AB_p_skip,342,0.184895325522,0.86393237686,0.991602723028,0.888825581479,0.9453,0.7889
AB_p_skip,343,0.474224182146,0.941408341522,0.503427587863,0.413165424851,0.9632,0.8444
AB_p_skip,344,0.794265704663,0.222689522232,0.870766602411,0.488171493886,0.9462,0.85
AB_p_skip,345,0.0658324354078,0.0528702998443,0.794962602179,0.810422125099,0.9661,0.8778
AB_p_skip,346,0.811471485442,0.521056858816,0.61008944072,0.562031822904,0.9541,0.8444
AB_p_skip,347,0.742537525308,0.758025278963,0.175716378467,0.491468551235,0.9553,0.8444
AB_p_skip,348,0.307891277547,0.946991185626,0.739541214526,0.789136073845,0.955,0.8222
AB_p_skip,349,0.364135292097,0.127569911455,0.665988034453,0.310570860954,0.9719,0.9167
AB_p_skip,350,0.330975855936,0.468866065484,0.794220102824,0.642999975188,0.9658,0.8889
AB_p_skip,351,0.612774917557,0.550769294414,0.31116944707,0.718355942894,0.9637,0.8556
AB_p_skip,352,0.241691350549,0.241967621742,0.580045490496,0.928744107642,0.9754,0.9389
AB_p_skip,353,0.961156005559,0.355698030706,0.179374148826,0.0341494385417,0.9705,0.9222
AB_p_skip,354,0.378904416469,0.754322935564,0.988799365099,0.155330292707,0.9561,0.8278
AB_p_skip,355,0.831447116461,0.820700720296,0.83571864085,0.973347900546,0.9281,0.7278
AB_p_skip,356,0.358650425902,0.916041893301,0.988562751364,0.32662691646,0.9444,0.7722
AB_p_skip,357,0.989532286761,0.423907397409,0.357208160543,0.383696539243,0.9655,0.8944
AB_p_skip,358,0.459384670544,0.119091716904,0.660997251846,0.446562136463,0.974,0.9278
AB_p_skip,359,0.116826272853,0.187279934787,0.100901798399,0.365714251879,0.9886,0.9611
AB_p_skip,360,0.544519405549,0.979807507936,0.72790557238,0.943070613278,0.9526,0.8111
AB_p_skip,361,0.180800423767,0.211576337225,0.0226846309604,0.133040669233,0.9848,0.9722
AB_p_skip,362,0.313951495939,0.889458888741,0.00543313684818,0.342516713395,0.9675,0.8667
AB_p_skip,363,0.392483552285,0.781725661679,0.683344048096,0.399874872204,0.9617,0.8444
AB_p_skip,364,0.478808038779,0.630966529127,0.147040239119,0.314292792505,0.9801,0.9333
AB_p_skip,365,0.368286195251,0.835380673521,0.97607999045,0.790419725486,0.955,0.8167
AB_p_skip,366,0.453749693882,0.544387114621,0.0222211307219,0.107038929899,0.9819,0.9333
AB_p_skip,367,0.275347378429,0.73642258406,0.796724092311,0.987730466157,0.9573,0.8389
AB_p_skip,368,0.409717639753,0.263228004992,0.339218839963,0.812055378284,0.9807,0.9389
AB_p_skip,369,0.473353714641,0.631131211827,0.566824905036,0.130664090718,0.9684,0.8889
AB_p_skip,370,0.593416961108,0.192375975724,0.627487714083,0.291642452108,0.9667,0.9056
AB_p_skip,371,0.360335043525,0.16564643171,0.0517421959853,0.715706469663,0.9863,0.9667
AB_p_skip,372,0.745306667593,0.688252877493,0.301933079359,0.787690074299,0.9541,0.8278
AB_p_skip,373,0.723422413456,0.00275420820304,0.655610107229,0.370829736396,0.9588,0.9111
AB_p_skip,374,0.225379440123,0.290636847878,0.913933997889,0.224263107945,0.9629,0.8889
AB_p_skip,375,0.41027671805,0.973324804913,0.585113562223,0.666099222441,0.9556,0.8056
AB_p_skip,376,0.958915588118,0.0855944143369,0.476797433597,0.0639906051849,0.9757,0.9667
AB_p_skip,377,0.599462127149,0.0186986022475,0.846726208893,0.939406370981,0.9588,0.8833
AB_p_skip,378,0.0388891476725,0.519584718403,0.766580264181,0.845011332192,0.9693,0.8611
AB_p_skip,379,0.667284617303,0.242858479545,0.771153188818,0.299798602905,0.9588,0.8722
AB_p_skip,380,0.928654509431,0.710881466529,0.408939509983,0.774170421941,0.952,0.8167
AB_p_skip,381,0.157901218647,0.0767110728218,9.65380318463e-05,0.138102740188,0.9904,1
AB_p_skip,382,0.0894452429491,0.930048482539,0.45079638223,0.42097816238,0.9661,0.8444
AB_p_skip,383,0.0370189357796,0.870176969114,0.286517337712,0.509988840251,0.967,0.8278
AB_p_skip,384,0.771555336994,0.955716740664,0.990049728835,0.00724203206416,0.9228,0.7056
AB_p_skip,385,0.305803406822,0.10450059848,0.667952126867,0.582279039048,0.9705,0.9167
AB_p_skip,386,0.185254649996,0.7858273067,0.547667393661,0.0316920883351,0.9637,0.8611
AB_p_skip,387,0.386369813078,0.809470309507,0.844512746729,0.597665744081,0.9558,0.8222
AB_p_skip,388,0.706710817227,0.0437857785019,0.158474497638,0.0567853044826,0.9842,0.9889
AB_p_skip,389,0.553588458836,0.174048075676,0.667192174962,0.528494582628,0.9705,0.9167
AB_p_skip,390,0.417643512802,0.886780404935,0.891967241757,0.619775467385,0.9515,0.7944
AB_p_skip,391,0.712026549103,0.782410962192,0.614283311872,0.97721498658,0.9436,0.7833
AB_p_skip,392,0.575571201872,0.0270779667808,0.506196196284,0.0106415114428,0.9751,0.9444
AB_p_skip,393,0.0479268835844,0.236069211468,0.762414099885,0.734750030885,0.9754,0.9
AB_p_skip,394,0.144305355645,0.855192916719,0.111955797426,0.795065805671,0.9702,0.8833
AB_p_skip,395,0.623754031793,0.789777607612,0.165575834708,0.248099242867,0.9629,0.8389
AB_p_skip,396,0.84081297064,0.659008574425,0.809292133215,0.608148660179,0.9333,0.7611
AB_p_skip,397,0.760517678113,0.909955335478,0.664788736637,0.101369986405,0.9406,0.7722
AB_p_skip,398,0.560276703703,0.299066612155,0.0271880326465,0.984369773213,0.983,0.9556
AB_p_skip,399,0.619917018695,0.332391683366,0.0216335191988,0.5700418039,0.9792,0.9389
AB_p_skip,400,0.133309276934,0.62186143848,0.90708751655,0.75145178864,0.9573,0.85
AB_p_skip,401,0.623361893438,0.172728538831,0.702651091728,0.00133714451413,0.9591,0.8778
AB_p_skip,402,0.636975434079,0.220812649748,0.464444331483,0.0397481252043,0.9749,0.9333
AB_p_skip,403,0.95114461322,0.570222763125,0.256090856123,0.15801883931,0.9643,0.8833
AB_p_skip,404,0.362494149504,0.696220955178,0.459463641883,0.371712321977,0.9713,0.8944
AB_p_skip,405,0.196881884879,0.455858015219,0.839592813886,0.0693824360221,0.9623,0.8778
AB_p_skip,406,0.951242306957,0.295264540213,0.180583817355,0.563759175057,0.9757,0.9556
AB_p_skip,407,0.698019032671,0.0280691970439,0.258459227464,0.614939275681,0.9857,0.9833
AB_p_skip,408,0.180381071395,0.74839899921,0.800262068517,0.0629832752693,0.9573,0.8389
AB_p_skip,409,0.812395032297,0.952094215217,0.241692181196,0.651778566887,0.952,0.8056
AB_p_skip,410,0.458421466821,0.864178565984,0.428087697617,0.990455642925,0.9661,0.8556
AB_p_skip,411,0.8029439864,0.330148451176,0.895801298248,0.599119338644,0.9418,0.8222
AB_p_skip,412,0.677800710327,0.0424373839904,0.809543714436,0.297255201385,0.9608,0.8889
AB_p_skip,413,0.0433221771205,0.840466259265,0.781647056639,0.788696145632,0.9614,0.8111
AB_p_skip,414,0.215712294243,0.608368045664,0.601184603975,0.043298841031,0.969,0.8944
AB_p_skip,415,0.192630665971,0.391298255929,0.983150680542,0.753659373284,0.9573,0.8611
AB_p_skip,416,0.496234007741,0.987866531773,0.474605854645,0.826428635004,0.9629,0.8667
AB_p_skip,417,0.70743159069,0.877889070398,0.424219138853,0.547934262396,0.9529,0.8167
AB_p_skip,418,0.406534768368,0.105552171046,0.451812465302,0.721097926001,0.9827,0.9556
AB_p_skip,419,0.980203170388,0.0190995493496,0.0566646754341,0.0301535303634,0.9819,0.9944
AB_p_skip,420,0.451390566722,0.851129879658,0.57333254275,0.72778168509,0.964,0.8556
AB_p_skip,421,0.942686345777,0.665485265923,0.602312809182,0.601979519681,0.9494,0.8111
AB_p_skip,422,0.0578210495157,0.723399612376,0.493224373493,0.868295636061,0.9705,0.85
AB_p_skip,423,0.034609877125,0.459618937461,0.55673764577,0.464804146,0.976,0.8889
AB_p_skip,424,0.52790834502,0.624178689442,0.21426353275,0.604775845943,0.9702,0.8833
AB_p_skip,425,0.553446656591,0.726625175931,0.490767682207,0.674474486849,0.9637,0.8556
AB_p_skip,426,0.897946545187,0.90506864851,0.711526300841,0.759487777375,0.9351,0.75
AB_p_skip,427,0.504308800823,0.15646868243,0.706103330764,0.785524274701,0.9728,0.9389
AB_p_skip,428,0.889895242049,0.465632683593,0.917533278356,0.142236453109,0.9365,0.7889
AB_p_skip,429,0.592349361846,0.781544979224,0.456985614363,0.195592459026,0.957,0.8222
AB_p_skip,430,0.982937281038,0.266003197353,0.824241840518,0.952498799959,0.9474,0.85
AB_p_skip,431,0.518080388398,0.865453503936,0.194985324211,0.77854044478,0.9658,0.8556
AB_p_skip,432,0.724953327173,0.589239550052,0.223016805515,0.904701252115,0.9588,0.8667
AB_p_skip,433,0.289605736825,0.991338880871,0.834151891448,0.624046325814,0.9526,0.8167
AB_p_skip,434,0.929758331532,0.326951887724,0.784861979834,0.156319680764,0.9491,0.85
AB_p_skip,435,0.409487781947,0.259918572636,0.602011213978,0.00748285578565,0.9705,0.9
AB_p_skip,436,0.621133392655,0.613200798864,0.571214908873,0.256575628199,0.9582,0.8389
AB_p_skip,437,0.447758744829,0.233294521686,0.248276814627,0.0318681880679,0.9842,0.9611
AB_p_skip,438,0.918737689691,0.437418669289,0.796138662602,0.152223771289,0.9424,0.8111
AB_p_skip,439,0.749380833252,0.792944852068,0.0294536718067,0.807092734196,0.9529,0.8167
AB_p_skip,440,0.282381027111,0.0798818547755,0.251275524422,0.29047752386,0.9845,0.9778
AB_p_skip,441,0.886710395391,0.535808111386,0.690310235707,0.507619668406,0.948,0.8278
AB_p_skip,442,0.0660218700688,0.0461569957535,0.176862600081,0.609219273108,0.9889,0.9667
AB_p_skip,443,0.620370513913,0.219675184566,0.111986832831,0.676641256126,0.983,0.9667
AB_p_skip,444,0.479005476327,0.835378726396,0.463330201058,0.507302816912,0.9675,0.8722
AB_p_skip,445,0.221524024026,0.305599063451,0.647631356072,0.18828482591,0.9731,0.9278
AB_p_skip,446,0.362485865392,0.687781020771,0.884598147309,0.71095644697,0.9547,0.8333
AB_p_skip,447,0.662443697559,0.49887996916,0.441422692773,0.593777080815,0.9655,0.8667
AB_p_skip,448,0.805657471976,0.879125732908,0.0883782243355,0.898527602894,0.952,0.8056
AB_p_skip,449,0.44646898247,0.714283819959,0.601841994555,0.676503129786,0.9667,0.8722
AB_p_skip,450,0.942794762152,0.493839368696,0.373219785589,0.685452881598,0.9623,0.8778
AB_p_skip,451,0.569336919433,0.331723409741,0.912239678104,0.589565005517,0.9541,0.85
AB_p_skip,452,0.976350641058,0.738332082992,0.332389161819,0.151566589011,0.955,0.8278
AB_p_skip,453,0.9595843115,0.767257253795,0.39600096237,0.972296875523,0.9526,0.8167
AB_p_skip,454,0.750554692534,0.18166599568,0.815796598343,0.0162590273509,0.9506,0.8722
AB_p_skip,455,0.218225499583,0.564378781807,0.451282781192,0.935245014251,0.969,0.8944
AB_p_skip,456,0.960158647462,0.485671184171,0.581889586483,0.335433583545,0.9573,0.8611
AB_p_skip,457,0.870221262527,0.841578135654,0.396681943061,0.965346773133,0.9509,0.8056
AB_p_skip,458,0.276240484125,0.0634441299252,0.546543625918,0.712172750198,0.9772,0.95
AB_p_skip,459,0.838835928037,0.445831148136,0.311175416011,0.333890585122,0.9655,0.8944
AB_p_skip,460,0.956631696501,0.729588679816,0.486092836403,0.946065316402,0.952,0.8167
AB_p_skip,461,0.278855176935,0.0767997874405,0.763786096509,0.404121456282,0.9728,0.9333
AB_p_skip,462,0.961939436871,0.0306329359936,0.196333444191,0.130644558029,0.9819,0.9944
AB_p_skip,463,0.618709497964,0.347270604157,0.0806938286289,0.0815617599777,0.9766,0.9222
AB_p_skip,464,0.828681225518,0.0540452025519,0.919543972628,0.590339438364,0.9497,0.8722
AB_p_skip,465,0.282910788748,0.302323917738,0.772901239665,0.276233249124,0.9702,0.9167
AB_p_skip,466,0.340035033849,0.819043551828,0.569663232439,0.779834921201,0.9629,0.8556
AB_p_skip,467,0.298112327066,0.731775052163,0.339997685289,0.467072126715,0.9708,0.8944
AB_p_skip,468,0.996068385622,0.164095479494,0.115004297631,0.107959918906,0.9801,0.9833
AB_p_skip,469,0.497813837021,0.451737636338,0.122459133027,0.212630413553,0.9772,0.9389
AB_p_skip,470,0.398723827142,0.454576994146,0.559000199839,0.600226352333,0.9678,0.8833
AB_p_skip,471,0.51801428281,0.979231603227,0.0996972128603,0.0528594680028,0.9649,0.85
AB_p_skip,472,0.011629170906,0.145855425161,0.107171950328,0.309441872964,0.9947,0.9778
AB_p_skip,473,0.981633992645,0.442468163799,0.796133677438,0.268348189899,0.9424,0.8111
AB_p_skip,474,0.140268323921,0.673006464958,0.888701506069,0.583872021053,0.9547,0.8333
AB_p_skip,475,0.484535053248,0.567346107097,0.431822194113,0.944866033933,0.9743,0.9111
AB_p_skip,476,0.211416206039,0.260692730782,0.0411846812482,0.930697931223,0.9839,0.9667
AB_p_skip,477,0.446185166032,0.241223620703,0.161130196147,0.500451651974,0.9857,0.9667
AB_p_skip,478,0.42200737312,0.216285961996,0.548554937127,0.696417459856,0.9705,0.9
AB_p_skip,479,0.785697060979,0.106368943819,0.296663335209,0.189609030691,0.9787,0.9778
AB_p_skip,480,0.458140133288,0.400142049523,0.754203077501,0.00705162094274,0.9637,0.8667
AB_p_skip,481,0.634035894515,0.0258262850279,0.65687959188,0.474647456409,0.969,0.9222
AB_p_skip,482,0.119748461068,0.539511481167,0.333334326703,0.360581084338,0.9746,0.8944
AB_p_skip,483,0.914890446597,0.670296038973,0.363173518838,0.842110162059,0.9558,0.8333
AB_p_skip,484,0.437777601138,0.572222880327,0.644742176505,0.0148221008138,0.9661,0.8722
AB_p_skip,485,0.418827581331,0.464740593399,0.185931709279,0.830081813974,0.9801,0.9278
AB_p_skip,486,0.44186058487,0.23127660154,0.850823358804,0.669920721516,0.9711,0.9111
AB_p_skip,487,0.534548100907,0.868210015249,0.192381845147,0.636028930965,0.9675,0.8611
AB_p_skip,488,0.50503754155,0.288371873906,0.697753526073,0.98913133422,0.9693,0.9167
AB_p_skip,489,0.423131946273,0.606245349357,0.137600705529,0.648828126292,0.9822,0.9333
AB_p_skip,490,0.705586562503,0.209589481306,0.332639322486,0.911753746931,0.9772,0.9556
AB_p_skip,491,0.992490011913,0.0630559833784,0.832385484447,0.114955326033,0.9518,0.8778
AB_p_skip,492,0.398095919321,0.380549970397,0.928442293025,0.595669023048,0.9629,0.8667
AB_p_skip,493,0.0410822306195,0.226863126053,0.556257501506,0.0246332778166,0.9813,0.9222
AB_p_skip,494,0.700203275567,0.920499926009,0.625999411569,0.882364362236,0.9427,0.7778
AB_p_skip,495,0.205474452571,0.546039307628,0.664264887532,0.10220408554,0.9661,0.8833
AB_p_skip,496,0.228752790756,0.328229667531,0.350489467835,0.957123077274,0.9804,0.9556
AB_p_skip,497,0.486856266664,0.428135579745,0.819183274756,0.163408064887,0.9611,0.8778
AB_p_skip,498,0.768454438455,0.493192945592,0.949718913243,0.91802627175,0.9365,0.7889
AB_p_skip,499,0.26463205202,0.553124064603,0.85405536163,0.165407042393,0.9573,0.85
AB_p_skip,500,0.0209849593614,0.0528916837935,0.108147741747,0.426964078676,0.9965,0.9889
AB_p_skip,501,0.765965410055,0.709711925707,0.644866121065,0.930534689104,0.9447,0.7889
AB_p_skip,502,0.350043416943,0.676325657857,0.263525863007,0.851482873445,0.9728,0.9056
AB_p_skip,503,0.349533542338,0.296104254643,0.577111424483,0.462641942499,0.9667,0.8889
AB_p_skip,504,0.939652926094,0.905716531633,0.824645017263,0.266743154409,0.9272,0.7222
AB_p_skip,505,0.31522428778,0.479621372363,0.571351314288,0.10729149553,0.9696,0.9056
AB_p_skip,506,0.27762140353,0.405094716216,0.524115018358,0.220861927594,0.9728,0.9222
AB_p_skip,507,0.887245051943,0.658916164309,0.555893415936,0.199660464624,0.9518,0.8222
AB_p_skip,508,0.125389216407,0.0846087294454,0.217579037483,0.606174963615,0.9839,0.9778
AB_p_skip,509,0.227330383041,0.010179043396,0.728892215009,0.425461222546,0.9728,0.9333
AB_p_skip,510,0.827001390184,0.40892901172,0.779899841736,0.450875657446,0.9447,0.8222
AB_p_skip,511,0.315434885749,0.734279959798,0.401185031902,0.249119171178,0.9649,0.8722
AB_p_skip,512,0.0157736978035,0.859853694673,0.432760834288,0.324512186206,0.9749,0.8667
AB_p_skip,513,0.739964769762,0.19898462725,0.0585255867145,0.135348484241,0.9772,0.9722
AB_p_skip,514,0.0270164681941,0.142119486514,0.788715760553,0.692260878305,0.9772,0.9111
AB_p_skip,515,0.679158178912,0.317073742131,0.165665170734,0.901161526559,0.9792,0.9389
AB_p_skip,516,0.858186463569,0.803663981382,0.566554632911,0.0964168242605,0.9474,0.7944
AB_p_skip,517,0.428006735155,0.446410123622,0.112783380645,0.101060273026,0.9839,0.9444
AB_p_skip,518,0.565415083841,0.135578956692,0.424347037581,0.960396088945,0.9787,0.95
AB_p_skip,519,0.0872573683693,0.409809501595,0.873310388519,0.350907595707,0.9596,0.8444
AB_p_skip,520,0.929428379497,0.216215613433,0.0670231691162,0.151032029055,0.9784,0.9722
AB_p_skip,521,0.646930934896,0.123300815347,0.843332074072,0.526890828597,0.9567,0.8667
AB_p_skip,522,0.944853540947,0.505111515422,0.228192462607,0.434930720241,0.9643,0.8833
AB_p_skip,523,0.289965749451,0.511148545231,0.801868010194,0.877428503131,0.9611,0.8667
AB_p_skip,524,0.897483120802,0.832276135772,0.704391644284,0.0706145245792,0.9374,0.7611
AB_p_skip,525,0.20969156888,0.438016765948,0.853022746225,0.320998328698,0.9617,0.8778
AB_p_skip,526,0.605482271213,0.958047880568,0.273615086579,0.767869623005,0.9573,0.8111
AB_p_skip,527,0.533392016755,0.929006184559,0.381583599799,0.886414032536,0.9617,0.8389
AB_p_skip,528,0.359567376181,0.39171926684,0.0135116099673,0.316904337665,0.9842,0.95
AB_p_skip,529,0.553382594848,0.108773416951,0.747429773936,0.143077526099,0.9684,0.9111
AB_p_skip,530,0.301140413332,0.908971036412,0.819893680715,0.402204935348,0.9544,0.8278
AB_p_skip,531,0.964648812584,0.110362672872,0.0413100214397,0.0142166563353,0.9801,0.9833
AB_p_skip,532,0.0329921437703,0.0521602720124,0.0316952334515,0.00826766082848,0.9942,0.9778
AB_p_skip,533,0.572843305823,0.567413846265,0.819520588092,0.989451698002,0.9439,0.7944
AB_p_skip,534,0.494620984131,0.971387076088,0.311611403999,0.828270190097,0.9658,0.8778
AB_p_skip,535,0.0823053327575,0.0776114142096,0.169715350699,0.733793685987,0.988,0.9611
AB_p_skip,536,0.794851030659,0.40594982033,0.248327421492,0.480102410077,0.9678,0.9056
AB_p_skip,537,0.0587184858407,0.624136488861,0.138485250583,0.947747899124,0.9775,0.8833
AB_p_skip,538,0.422160377666,0.919869164191,0.166006140558,0.376373455084,0.9705,0.8667
AB_p_skip,539,0.511857978048,0.230381905612,0.15115930401,0.988547278202,0.9807,0.95
AB_p_skip,540,0.867593114798,0.816089799273,0.28140328542,0.581455904076,0.9523,0.8111
AB_p_skip,541,0.837894970392,0.554743451268,0.647157065939,0.417723200737,0.9526,0.8389
AB_p_skip,542,0.267642192083,0.503475068358,0.46067293281,0.125210206977,0.9699,0.9
AB_p_skip,543,0.888397556641,0.28227407562,0.450725158984,0.715670890057,0.9722,0.9444
AB_p_skip,544,0.993610208675,0.216892166043,0.139449605264,0.878014336314,0.9784,0.9722
AB_p_skip,545,0.390631525535,0.0917944855484,0.920180760716,0.637598301003,0.969,0.9056
AB_p_skip,546,0.228166944872,0.0426794633357,0.0464903021589,0.491241321128,0.9874,0.9889
AB_p_skip,547,0.222028396204,0.883353222519,0.845673898565,0.0749325233553,0.9535,0.8222
AB_p_skip,548,0.574868313303,0.497618114508,0.180303578018,0.537472881825,0.9696,0.8833
AB_p_skip,549,0.369787783861,0.572036356547,0.322625209233,0.302620135173,0.9763,0.9111
AB_p_skip,550,0.361042512883,0.40790173435,0.995470080007,0.860166159569,0.9535,0.8333
AB_p_skip,551,0.875463509272,0.650607373938,0.829940429035,0.847188980778,0.9342,0.7667
AB_p_skip,552,0.951385646222,0.939844464766,0.232444046528,0.01590746137,0.952,0.8056
AB_p_skip,553,0.89451676,0.639669658305,0.658024861759,0.228688120555,0.9494,0.8222
AB_p_skip,554,0.802755452583,0.143147350583,0.189222602122,0.231620088198,0.9801,0.9833
AB_p_skip,555,0.161346896252,0.242604097067,0.175433759247,0.0195932805188,0.9833,0.9667
AB_p_skip,556,0.939527312856,0.661798964608,0.736612675731,0.327430695855,0.9389,0.7778
AB_p_skip,557,0.161069969677,0.961794728947,0.432177953027,0.71846715693,0.964,0.8556
AB_p_skip,558,0.189988369168,0.681592014145,0.136315893386,0.333938493501,0.9737,0.9056
AB_p_skip,559,0.870489720343,0.519054403782,0.303719801147,0.689944730008,0.9629,0.8778
AB_p_skip,560,0.202612988444,0.333349610946,0.181950436376,0.670496759201,0.9825,0.9611
AB_p_skip,561,0.30116636947,0.132170492907,0.236623450032,0.740136672077,0.9822,0.9611
AB_p_skip,562,0.2360080585,0.81851427422,0.331207996853,0.686459946803,0.9681,0.8778
AB_p_skip,563,0.317324460067,0.558160694503,0.110562664078,0.953510230629,0.976,0.9278
AB_p_skip,564,0.752266764615,0.36141244439,0.496706001411,0.902736181067,0.9652,0.9056
AB_p_skip,565,0.905929848355,0.728012740794,0.862143957508,0.369861898824,0.9278,0.7333
AB_p_skip,566,0.662436534986,0.295657731476,0.530419004315,0.100201983268,0.9708,0.9111
AB_p_skip,567,0.685744158439,0.5797345988,0.484732799983,0.195679685185,0.9608,0.8444
AB_p_skip,568,0.396788259544,0.473380912927,0.599312225046,0.418771807549,0.967,0.8778
AB_p_skip,569,0.403930037647,0.585432876092,0.687235039099,0.0989577027541,0.9646,0.8667
AB_p_skip,570,0.181357548157,0.116764632669,0.622397880622,0.117783716729,0.9778,0.95
AB_p_skip,571,0.909550611583,0.89658229298,0.577487877473,0.480501812792,0.9456,0.7833
AB_p_skip,572,0.347583051278,0.43862306432,0.482968111869,0.962364301698,0.9716,0.9056
AB_p_skip,573,0.847182313624,0.575534713185,0.21656827734,0.343759661322,0.9635,0.8778
AB_p_skip,574,0.717893015255,0.159767637696,0.213366391695,0.43909209402,0.9746,0.9667
AB_p_skip,575,0.544995777138,0.308395008754,0.102546098636,0.2632085267,0.9807,0.9444
AB_p_skip,576,0.430098649347,0.992041198664,0.685585250246,0.454269622757,0.9541,0.8
AB_p_skip,577,0.922059941974,0.019122170776,0.41634025497,0.115732823571,0.9775,0.9778
AB_p_skip,578,0.120919953956,0.282047410658,0.368154243589,0.527587303894,0.9781,0.9167
AB_p_skip,579,0.343966248019,0.0714208010674,0.659205547098,0.945462142457,0.9787,0.9556
AB_p_skip,580,0.773020695802,0.363417848587,0.968200741043,0.823814589313,0.9401,0.8111
AB_p_skip,581,0.902973583613,0.990108134701,0.972960244872,0.39968002306,0.9243,0.7111
AB_p_skip,582,0.779071277077,0.0887229920656,0.092775329202,0.105182989732,0.9801,0.9833
AB_p_skip,583,0.00169642536085,0.0607228223294,0.917126561146,0.203802069999,0.9731,0.9
AB_p_skip,584,0.950712721891,0.550999414755,0.979988030687,0.0175253486545,0.9357,0.7833
AB_p_skip,585,0.199935640563,0.272333406411,0.751306257654,0.560354015061,0.9693,0.9111
AB_p_skip,586,0.930166965991,0.807328070778,0.619800467961,0.585190660327,0.9444,0.7833
AB_p_skip,587,0.188738921288,0.614222922556,0.922550496458,0.450373772688,0.9558,0.8444
AB_p_skip,588,0.381501953758,0.834537022196,0.125431817997,0.739172796499,0.9769,0.9
AB_p_skip,589,0.454133124416,0.782472268631,0.954354936929,0.00469596297649,0.9556,0.8222
AB_p_skip,590,0.265851483752,0.292428241065,0.202756915914,0.427461752305,0.9833,0.9667
AB_p_skip,591,0.536232946954,0.135699038976,0.153860677435,0.556208126996,0.986,0.9778
AB_p_skip,592,0.00404825894828,0.516106972781,0.971038845974,0.756597456289,0.9664,0.8611
AB_p_skip,593,0.545622688669,0.74508560358,0.969894180868,0.695961868906,0.9488,0.8056
AB_p_skip,594,0.477012648272,0.481967736218,0.336158218983,0.624558185197,0.9757,0.9167
AB_p_skip,595,0.195839417207,0.1153058772,0.778263273204,0.783119932551,0.9719,0.9278
AB_p_skip,596,0.514701266481,0.894364589642,0.40587517837,0.449050468294,0.9599,0.8333
AB_p_skip,597,0.866699002025,0.46712492236,0.0248213958416,0.0463647523706,0.9661,0.8944
AB_p_skip,598,0.475144340944,0.056980602956,0.898208520786,0.435955174058,0.9713,0.9222
AB_p_skip,599,0.524976933734,0.551229464061,0.0616776976523,0.268893203645,0.9725,0.8944
AB_p_skip,600,0.505356797843,0.807042093167,0.694631320808,0.701957954213,0.9632,0.8778
AB_p_skip,601,0.552990982539,0.193705890284,0.12453752291,0.800571194568,0.9842,0.9667
AB_p_skip,602,0.318242274923,0.509323055272,0.66922196411,0.600459139742,0.9696,0.9056
AB_p_skip,603,0.606123207131,0.476523808689,0.0427185311233,0.442443456428,0.9722,0.8944
AB_p_skip,604,0.769716421902,0.802455965979,0.871181518068,0.577979893208,0.926,0.7222
AB_p_skip,605,0.520313820866,0.941867442856,0.235434190885,0.592906800457,0.9658,0.8556
AB_p_skip,606,0.336726708117,0.762629979166,0.960926634897,0.853167122474,0.9523,0.8222
AB_p_skip,607,0.825126174005,0.396937821659,0.763755118691,0.219064625878,0.9456,0.8278
AB_p_skip,608,0.491221134997,0.806191479105,0.127052446789,0.249671075364,0.9737,0.9167
AB_p_skip,609,0.0841345848573,0.261979199138,0.459600142196,0.830532285696,0.9775,0.9167
AB_p_skip,610,0.976485090686,0.738427219384,0.792492918184,0.304580543844,0.9327,0.75
AB_p_skip,611,0.685632791461,0.168344959495,0.83800650116,0.654351747456,0.9582,0.8722
AB_p_skip,612,0.179264644664,0.241220552046,0.327348992558,0.298150819242,0.9819,0.9611
AB_p_skip,613,0.28368689652,0.369408798685,0.197850091095,0.469044235734,0.9825,0.9611
AB_p_skip,614,0.243353998268,0.541078602111,0.401819346685,0.403544323322,0.9719,0.9056
AB_p_skip,615,0.0403453101751,0.763296669133,0.914640560592,0.44813491823,0.962,0.8222
AB_p_skip,616,0.617390251872,0.838761407082,0.510225352797,0.442827813787,0.9526,0.8
AB_p_skip,617,0.561772735963,0.834279185239,0.865109250246,0.0362980254815,0.9471,0.7944
AB_p_skip,618,0.454909804349,0.586702711352,0.784891725174,0.552738285257,0.9629,0.8611
AB_p_skip,619,0.0818766753073,0.591069506285,0.824917167317,0.531971623693,0.9594,0.8389
AB_p_skip,620,0.349217107781,0.923089645033,0.963657354295,0.892557200172,0.9442,0.7722
AB_p_skip,621,0.390424129726,0.588572554768,0.31669299505,0.4314233047,0.9763,0.9111
AB_p_skip,622,0.538559968867,0.683288095515,0.6903141271,0.537372334353,0.9561,0.8333
AB_p_skip,623,0.843518723922,0.190371922173,0.28299013592,0.161476164465,0.9778,0.9722
AB_p_skip,624,0.590269715752,0.16865698772,0.249642231169,0.366586207999,0.9813,0.9611
AB_p_skip,625,0.455887291444,0.80011841899,0.991373850303,0.53631035164,0.9541,0.8167
AB_p_skip,626,0.4745425238,0.445964411859,0.505072288269,0.976661480407,0.9737,0.9111
AB_p_skip,627,0.178276503924,0.267840487925,0.813322965489,0.420347496639,0.9658,0.9
AB_p_skip,628,0.128418458217,0.203598136877,0.0480782090259,0.0199686372899,0.9851,0.9778
AB_p_skip,629,0.701757457495,0.855521535973,0.763568959788,0.16399253141,0.9357,0.7556
AB_p_skip,630,0.136283236879,0.616808383094,0.262548249516,0.83637640234,0.9749,0.9167
AB_p_skip,631,0.21926827517,0.146194107779,0.156176818077,0.841031788632,0.9851,0.9778
AB_p_skip,632,0.510311876759,0.167203288991,0.961190864258,0.814366596709,0.967,0.9167
AB_p_skip,633,0.593194420357,0.329679136643,0.701824591799,0.242463844337,0.9553,0.8556
AB_p_skip,634,0.691529093935,0.666110332266,0.670883413929,0.346448742077,0.9515,0.8111
AB_p_skip,635,0.20721349361,0.448745631313,0.226220844548,0.317994727684,0.9807,0.95
AB_p_skip,636,0.306282122938,0.301452740789,0.514762914111,0.395939955476,0.9722,0.9167
AB_p_skip,637,0.892929046515,0.249587362845,0.819145220512,0.734255980833,0.9482,0.8556
AB_p_skip,638,0.997118052621,0.377548742799,0.856652396414,0.253503716936,0.9401,0.8111
AB_p_skip,639,0.309030424914,0.173638703571,0.955414505023,0.916253901915,0.9608,0.8778
AB_p_skip,640,0.209246240799,0.458420108997,0.100987331307,0.0642788194611,0.9789,0.9389
AB_p_skip,641,0.884664675931,0.159385502876,0.590757488099,0.635162287478,0.9713,0.95
AB_p_skip,642,0.931816558178,0.525685173517,0.731504559051,0.251633788623,0.945,0.8167
AB_p_skip,643,0.0498408448231,0.325882290034,0.553377508268,0.243217428965,0.9787,0.9056
AB_p_skip,644,0.979759337186,0.830575408255,0.670053800037,0.521402450406,0.9409,0.7722
AB_p_skip,645,0.876256405991,0.469924883441,0.512593563541,0.0136685327976,0.9588,0.8667
AB_p_skip,646,0.351348023216,0.545057591717,0.515755948349,0.882131354055,0.964,0.8722
AB_p_skip,647,0.492680023394,0.40125962297,0.363946203611,0.0960967381996,0.9722,0.9222
AB_p_skip,648,0.499924945457,0.843616909506,0.680794673761,0.0618263943423,0.9635,0.8778
AB_p_skip,649,0.622582108892,0.852590763415,0.07808174097,0.829224011958,0.9626,0.8333
AB_p_skip,650,0.260974903712,0.320231287692,0.929262663222,0.431331136789,0.9629,0.8889
AB_p_skip,651,0.431012584618,0.176476633952,0.32992898593,0.260549620842,0.9825,0.95
AB_p_skip,652,0.779499717878,0.630152322916,0.951524351235,0.517548540456,0.933,0.7667
AB_p_skip,653,0.00393917768386,0.974330636119,0.969666179814,0.565467207676,0.9541,0.7833
AB_p_skip,654,0.590751303834,0.265633282794,0.222204600067,0.948098275997,0.981,0.9556
AB_p_skip,655,0.743908693289,0.409130316493,0.131763530826,0.213505802721,0.9687,0.9222
AB_p_skip,656,0.184246221618,0.204383137566,0.520647865756,0.174880129593,0.9769,0.9444
AB_p_skip,657,0.672185725305,0.274824030998,0.700766589175,0.299609804567,0.9579,0.8667
AB_p_skip,658,0.408434039862,0.622360556866,0.579720179758,0.934275440586,0.9661,0.8722
AB_p_skip,659,0.0799816545255,0.212751278543,0.259637851098,0.446919599308,0.9813,0.9333
AB_p_skip,660,0.855046665171,0.0149759908067,0.516838568522,0.0590738857695,0.9746,0.9667
AB_p_skip,661,0.66591219931,0.698997152177,0.751792567353,0.833783807357,0.9456,0.7889
AB_p_skip,662,0.589946056123,0.715260079577,0.282830243779,0.24261778323,0.9623,0.8444
AB_p_skip,663,0.289589181075,0.68235835858,0.11756772964,0.54467917675,0.9728,0.9
AB_p_skip,664,0.619028852095,0.114285821352,0.283948218598,0.666334073548,0.981,0.9611
AB_p_skip,665,0.0812613973615,0.284838335806,0.504619818722,0.413361653534,0.9751,0.9056
AB_p_skip,666,0.333882737819,0.945312414625,0.845026144885,0.870456454236,0.9491,0.7944
AB_p_skip,667,0.512460785524,0.239413541111,0.529598685586,0.976300512609,0.9734,0.9222
AB_p_skip,668,0.620241637956,0.525901981753,0.840039912906,0.408669620425,0.9465,0.8056
AB_p_skip,669,0.0567355190145,0.170828533818,0.42982233301,0.17471011628,0.9854,0.9444
AB_p_skip,670,0.0658403504096,0.690080989185,0.342159940673,0.688103180269,0.9702,0.8667
AB_p_skip,671,0.823835324201,0.856254687371,0.219270207272,0.267755358282,0.952,0.8056
AB_p_skip,672,0.73467734229,0.446357139857,0.449064061698,0.613112880814,0.9561,0.8722
AB_p_skip,673,0.220100958831,0.716532083173,0.675498991784,0.430533156992,0.9611,0.8556
AB_p_skip,674,0.0285484708441,0.0441242594654,0.277357823745,0.641567576978,0.9936,0.9778
AB_p_skip,675,0.354737367063,0.745377545852,0.446200388481,0.919318174505,0.9687,0.8833
AB_p_skip,676,0.628834927403,0.276336309182,0.0167648350329,0.588926513038,0.9842,0.9667
AB_p_skip,677,0.0848745481141,0.744449453307,0.181171462392,0.940564308265,0.9766,0.8889
AB_p_skip,678,0.270262027097,0.0412912541925,0.89685534774,0.208575712462,0.967,0.9111
AB_p_skip,679,0.466177605344,0.199245824112,0.25574273763,0.902936126164,0.9801,0.9444
AB_p_skip,680,0.330827242605,0.204524327154,0.847492246838,0.288021502558,0.9667,0.9056
AB_p_skip,681,0.483558306094,0.525994726022,0.333613725981,0.239344323755,0.9757,0.9167
AB_p_skip,682,0.269724377285,0.0689281126196,0.423883289741,0.727420597321,0.9801,0.9611
AB_p_skip,683,0.286142244356,0.137604024547,0.29663877971,0.27781511738,0.9836,0.9722
AB_p_skip,684,0.881412044513,0.211958147515,0.847616904781,0.284535543105,0.9477,0.8556
AB_p_skip,685,0.956187981025,0.72753299534,0.691935548925,0.519609221321,0.9401,0.7778
AB_p_skip,686,0.5235816852,0.571984206664,0.953006376915,0.922086481851,0.9506,0.8222
AB_p_skip,687,0.21428318875,0.94161679076,0.899404662342,0.44224434804,0.9503,0.8056
AB_p_skip,688,0.690795110251,0.984533731494,0.586451170389,0.677699506416,0.95,0.7833
AB_p_skip,689,0.822941854273,0.919348894584,0.0393372795385,0.217981635095,0.952,0.8056
AB_p_skip,690,0.824172107811,0.860191395301,0.577787141899,0.46397404866,0.9456,0.7833
AB_p_skip,691,0.315111442596,0.489389811971,0.495246165469,0.416911342483,0.9696,0.9056
AB_p_skip,692,0.0898196549731,0.0299693799604,0.673382940286,0.364319771289,0.9728,0.9056
AB_p_skip,693,0.728312019064,0.570763018651,0.844152106777,0.621404583853,0.936,0.7889
AB_p_skip,694,0.155559358363,0.985398122745,0.379772306878,0.939925830811,0.9655,0.8611
AB_p_skip,695,0.384051424146,0.751774899092,0.889953021408,0.528522949114,0.9576,0.8333
AB_p_skip,696,0.823040320847,0.310423034951,0.680347468426,0.368841254478,0.9594,0.8889
AB_p_skip,697,0.938412017433,0.438909443238,0.687691427704,0.744781416464,0.9512,0.8444
AB_p_skip,698,0.261964380927,0.916684858699,0.961499779851,0.319464307259,0.9491,0.8056
AB_p_skip,699,0.220379702529,0.970047274833,0.651732816807,0.0807282418092,0.9599,0.8444
AB_p_skip,700,0.396911284873,0.470198733582,0.939624101421,0.0972466511996,0.9611,0.8556
AB_p_skip,701,0.280218785299,0.075830057122,0.587917582091,0.193441809184,0.9772,0.95
AB_p_skip,702,0.392605448448,0.736691570419,0.616489541308,0.00911362047603,0.9635,0.8556
AB_p_skip,703,0.478733794757,0.442697926072,0.701628955499,0.617398466005,0.9693,0.8944
AB_p_skip,704,0.627573155403,0.244335447539,0.334663342536,0.777033428411,0.9778,0.9444
AB_p_skip,705,0.310863674783,0.177310084947,0.597073518296,0.936676976512,0.9725,0.9222
AB_p_skip,706,0.108031660363,0.506199255434,0.190553549015,0.637456929162,0.9819,0.9222
AB_p_skip,707,0.171862511441,0.597459678387,0.336757200853,0.185135592516,0.9749,0.9167
AB_p_skip,708,0.698360931657,0.617178995439,0.586252446312,0.651161812087,0.9471,0.8056
AB_p_skip,709,0.119644056441,0.563828450568,0.555446935482,0.416805200028,0.9687,0.8722
AB_p_skip,710,0.022417553932,0.906102752004,0.395351455741,0.593333587854,0.974,0.8611
AB_p_skip,711,0.676852960682,0.204570519139,0.434298184315,0.71032913936,0.9787,0.95
AB_p_skip,712,0.748988887465,0.0806388706053,0.835956546155,0.313166729995,0.9523,0.8833
AB_p_skip,713,0.619726805263,0.749907173189,0.465547911686,0.948490251766,0.9558,0.8167
AB_p_skip,714,0.935160013967,0.1360307922,0.798628691115,0.00825462593781,0.9523,0.8778
AB_p_skip,715,0.215883885933,0.530253115557,0.935503616728,0.802594372314,0.9544,0.8389
AB_p_skip,716,0.953159629271,0.0196448716515,0.0242879028136,0.0616097713634,0.9819,0.9944
AB_p_skip,717,0.828524666402,0.233957120308,0.350686569637,0.388471397531,0.9769,0.9667
AB_p_skip,718,0.643923910863,0.725188698139,0.678583241297,0.208718454376,0.9482,0.7944
AB_p_skip,719,0.78793871542,0.64084803445,0.11832367904,0.858972095053,0.9617,0.8667
AB_p_skip,720,0.932562063855,0.467805498969,0.852695141351,0.334278413137,0.938,0.7944
AB_p_skip,721,0.944413446996,0.797411544564,0.225833324542,0.982566305079,0.9538,0.8167
AB_p_skip,722,0.295530464625,0.67918757179,0.95955794781,0.245498515831,0.9526,0.8278
AB_p_skip,723,0.392383681935,0.381643089296,0.610522058749,0.157111082339,0.9687,0.8889
AB_p_skip,724,0.468287947671,0.282814118259,0.076767707255,0.212600038703,0.9842,0.9556
AB_p_skip,725,0.630661332506,0.0113235334437,0.826334007926,0.0250575484304,0.9602,0.8889
AB_p_skip,726,0.181659103765,0.0139828571229,0.868056692414,0.376066781332,0.967,0.9111
AB_p_skip,727,0.441965803281,0.575707689708,0.188909899344,0.347449860363,0.9778,0.9167
AB_p_skip,728,0.144166331941,0.494015032928,0.488303279416,0.957263714269,0.9713,0.9056
AB_p_skip,729,0.555973464349,0.550169601397,0.629022347456,0.858960818839,0.9623,0.8611
AB_p_skip,730,0.774795621017,0.878073963091,0.96853424357,0.834589242391,0.9243,0.7111
AB_p_skip,731,0.420198654174,0.506569537309,0.872596331057,0.287143366962,0.9611,0.8556
AB_p_skip,732,0.932385602738,0.6644809278,0.912298573221,0.719135961241,0.9295,0.7444
AB_p_skip,733,0.409545553221,0.200937809239,0.912366388163,0.977695825027,0.9655,0.8833
AB_p_skip,734,0.800701239569,0.863616281295,0.473076173436,0.946792904218,0.9485,0.7944
AB_p_skip,735,0.818414668047,0.186167850601,0.98496459478,0.0449566884034,0.9456,0.85
AB_p_skip,736,0.439675114411,0.406457576849,0.524599358778,0.134785943091,0.9678,0.8833
AB_p_skip,737,0.805043046636,0.292691899597,0.239834810639,0.78515701864,0.9766,0.9611
AB_p_skip,738,0.121847186971,0.0816261862865,0.0741073180473,0.776974504321,0.9909,0.9722
AB_p_skip,739,0.69360250765,0.0517514434094,0.536734610418,0.285006134347,0.9769,0.95
AB_p_skip,740,0.176753213662,0.314424099359,0.498739217329,0.378852785612,0.9751,0.9333
AB_p_skip,741,0.443705970247,0.516937873434,0.987296720953,0.0848432240146,0.9611,0.8556
AB_p_skip,742,0.270891685195,0.754004638447,0.463106546437,0.264127400063,0.9646,0.8667
AB_p_skip,743,0.371752961096,0.427081404602,0.856440367553,0.800768411053,0.962,0.8611
AB_p_skip,744,0.541833115834,0.352544195832,0.432883681046,0.201673302477,0.9725,0.9111
AB_p_skip,745,0.787002565796,0.939597451209,0.0821707738043,0.606855991826,0.952,0.8056
AB_p_skip,746,0.547363841242,0.91927606411,0.191722021545,0.670140397453,0.9675,0.8611
AB_p_skip,747,0.844876671836,0.575004472595,0.302207399672,0.484649491605,0.962,0.8722
AB_p_skip,748,0.187469545204,0.756243517577,0.640657111036,0.368866419075,0.9632,0.8611
AB_p_skip,749,0.21087135703,0.662946505497,0.877026237431,0.255695340687,0.9547,0.8333
AB_p_skip,750,0.995268232603,0.463074565919,0.522603111396,0.533027262041,0.9588,0.8667
AB_p_skip,751,0.282704687565,0.202739702788,0.656243293668,0.576030886478,0.9734,0.9333
AB_p_skip,752,0.140683133923,0.931438039079,0.664081290464,0.130147830138,0.9591,0.8389
AB_p_skip,753,0.320609333191,0.0861318011942,0.9151568374,0.0594390193048,0.9655,0.9056
AB_p_skip,754,0.5511025967,0.822730309672,0.517186173914,0.843533951589,0.9611,0.8389
AB_p_skip,755,0.607055768028,0.565372556325,0.377169128206,0.285847793661,0.9623,0.85
AB_p_skip,756,0.943847169062,0.511478662829,0.422511783237,0.504859743495,0.9599,0.8667
AB_p_skip,757,0.778441260568,0.878905719382,0.388921768609,0.797538921777,0.95,0.8
AB_p_skip,758,0.780119270658,0.306138954264,0.989252652384,0.34895681106,0.9421,0.8278
AB_p_skip,759,0.0908866253446,0.843189962151,0.656639253498,0.967066888875,0.9602,0.8222
AB_p_skip,760,0.71665459924,0.572337424613,0.195189780565,0.49120727314,0.9588,0.8667
AB_p_skip,761,0.177815120205,0.0948950202414,0.239200402046,0.742070090726,0.9851,0.9778
AB_p_skip,762,0.935529772609,0.0619032440895,0.284675311323,0.766083735806,0.9804,0.9889
AB_p_skip,763,0.669987172883,0.172463569234,0.216891851301,0.725242376462,0.9845,0.9722
AB_p_skip,764,0.210570484944,0.278769336267,0.474914783561,0.725935939499,0.9766,0.9389
AB_p_skip,765,0.350993291715,0.40108188254,0.26008613763,0.643202787137,0.9746,0.9167
AB_p_skip,766,0.282709112206,0.410898986628,0.853823384157,0.349575754767,0.9626,0.8833
AB_p_skip,767,0.840663341233,0.441094184153,0.187963737849,0.0885965274448,0.967,0.9
AB_p_skip,768,0.219378611587,0.344636707287,0.000777663926455,0.311293231769,0.9868,0.9778
AB_p_skip,769,0.3461606959,0.66264714374,0.44668534872,0.711161212649,0.9713,0.9
AB_p_skip,770,0.737479642488,0.86775917103,0.583179014628,0.57167036393,0.9377,0.7778
AB_p_skip,771,0.0509240662702,0.695690751331,0.953333257699,0.564613403414,0.9629,0.8278
AB_p_skip,772,0.500837805049,0.46554956672,0.156011932541,0.63692242003,0.9749,0.9278
AB_p_skip,773,0.287165461933,0.599643073143,0.173882427296,0.902456115444,0.9763,0.9222
AB_p_skip,774,0.8242265839,0.449987579627,0.219372454774,0.326949689097,0.967,0.9
AB_p_skip,775,0.95092722869,0.757632270628,0.632494036284,0.894055367002,0.9439,0.7833
AB_p_skip,776,0.907598322464,0.901774586297,0.895025924338,0.696587253587,0.9243,0.7111
AB_p_skip,777,0.247794747864,0.929232958474,0.930005122129,0.12711230057,0.9506,0.8111
AB_p_skip,778,0.179002401627,0.783345652194,0.926469903876,0.184773785279,0.9506,0.8111
AB_p_skip,779,0.791092072711,0.717175907523,0.813436989128,0.989308890604,0.9307,0.7444
AB_p_skip,780,0.406639893798,0.880566246781,0.97194633011,0.0858099543474,0.9523,0.8
AB_p_skip,781,0.571713197401,0.529132000262,0.273152520978,0.252506725858,0.9675,0.8722
AB_p_skip,782,0.736824900881,0.503886901223,0.113291233702,0.771681782338,0.9649,0.8944
AB_p_skip,783,0.811579739915,0.328465236138,0.633170359815,0.00138031122854,0.9614,0.8944
AB_p_skip,784,0.677320023334,0.128283285027,0.229435974569,0.0450683854185,0.9845,0.9722
AB_p_skip,785,0.176865305338,0.719639094137,0.853265786247,0.383254676096,0.9547,0.8333
AB_p_skip,786,0.613413916329,0.438325741578,0.525198315626,0.0385026905249,0.9623,0.8611
AB_p_skip,787,0.278755531868,0.405361496785,0.762326375921,0.187386600616,0.9684,0.9056
AB_p_skip,788,0.774649515734,0.578248166704,0.592530021626,0.441594700687,0.9547,0.8444
AB_p_skip,789,0.74452018615,0.194869947886,0.0470614595257,0.448203631382,0.9772,0.9722
AB_p_skip,790,0.279161340241,0.0686742995499,0.00712378638539,0.884685258057,0.9889,0.9944
AB_p_skip,791,0.556773715335,0.316591963478,0.567085746063,0.838901272964,0.9728,0.9167
AB_p_skip,792,0.210525079931,0.434908021626,0.0497872259816,0.291227848615,0.9813,0.95
AB_p_skip,793,0.842046658121,0.277857217762,0.54497879365,0.0372159008021,0.9693,0.9333
AB_p_skip,794,0.900005130044,0.872988917036,0.474777358716,0.237726172355,0.9485,0.7944
AB_p_skip,795,0.564092115991,0.569166136785,0.297578795238,0.185566160867,0.9693,0.8833
AB_p_skip,796,0.633100125047,0.452935616605,0.791869507699,0.299967436575,0.9503,0.8222
AB_p_skip,797,0.794114353027,0.231789190844,0.0399255836933,0.832266250623,0.9784,0.9722
AB_p_skip,798,0.549438532778,0.520106650073,0.300331367546,0.406237452813,0.9693,0.8833
AB_p_skip,799,0.968311299644,0.13875323415,0.549174151443,0.970203156475,0.9728,0.9556
AB_p_skip,800,0.0350837144971,0.254236345426,0.371893724132,0.171489163876,0.9827,0.9278
AB_p_skip,801,0.382122620467,0.624216513778,0.900044340053,0.163827482979,0.9602,0.85
AB_p_skip,802,0.868983706965,0.202732147975,0.113415875267,0.602024082738,0.9792,0.9778
AB_p_skip,803,0.992866966869,0.813400002222,0.906383463151,0.299601764916,0.9251,0.7167
AB_p_skip,804,0.959915113589,0.40113090786,0.121576257061,0.12351851299,0.9687,0.9111
AB_p_skip,805,0.166920075392,0.858661413876,0.675787206967,0.666649751592,0.9585,0.8389
AB_p_skip,806,0.740631208993,0.110814354424,0.975039278177,0.337062671476,0.9477,0.8667
AB_p_skip,807,0.317137722653,0.0802419816203,0.173641219866,0.751479383955,0.9839,0.9778
AB_p_skip,808,0.787911709306,0.467188003739,0.292620314195,0.630416866866,0.9646,0.8889
AB_p_skip,809,0.033054941098,0.367596254574,0.158822211754,0.550992319677,0.9822,0.9167
AB_p_skip,810,0.963739905416,0.90081827398,0.00372027344932,0.174026847832,0.9535,0.8111
AB_p_skip,811,0.688145572299,0.847785263467,0.878040398191,0.664961998341,0.9363,0.7444
AB_p_skip,812,0.282104000147,0.461826221107,0.740102660536,0.112736766245,0.9649,0.8833
AB_p_skip,813,0.931232406316,0.541096860579,0.0638972992049,0.922598958482,0.9643,0.8833
AB_p_skip,814,0.168949977951,0.434503318483,0.838880760707,0.969806759156,0.9632,0.8833
AB_p_skip,815,0.446045703573,0.455842783563,0.217623213418,0.347432212901,0.9781,0.9222
AB_p_skip,816,0.0293698820735,0.0790337505696,0.891399367711,0.550086084479,0.9737,0.9
AB_p_skip,817,0.136730590341,0.317237258945,0.96390545884,0.267459186792,0.9591,0.8722
AB_p_skip,818,0.245128420715,0.312283976222,0.0213654468277,0.643128656804,0.9839,0.9667
AB_p_skip,819,0.385608404504,0.400983910739,0.27039935015,0.758594465995,0.9781,0.9222
AB_p_skip,820,0.871730448235,0.526989370472,0.0467701575605,0.700839995463,0.9643,0.8833
AB_p_skip,821,0.113251458964,0.281261337309,0.97967459603,0.272097237827,0.9585,0.8444
AB_p_skip,822,0.678918509106,0.207812653798,0.94685227535,0.778936341767,0.9523,0.85
AB_p_skip,823,0.17236070997,0.419745240396,0.150862549289,0.427429318666,0.9807,0.95
AB_p_skip,824,0.150356999977,0.186790442683,0.793568403293,0.343656973119,0.9705,0.9222
AB_p_skip,825,0.586224496291,0.401674403467,0.889990360954,0.578359718839,0.9462,0.8167
AB_p_skip,826,0.679812088227,0.0889809412272,0.41218776085,0.780183662294,0.9819,0.9667
AB_p_skip,827,0.88094835526,0.408224846837,0.349685295605,0.516301659974,0.9664,0.9
AB_p_skip,828,0.0212038878936,0.9705415098,0.263718389724,0.242652069471,0.9751,0.8611
AB_p_skip,829,0.684718836157,0.0825765250899,0.478670754616,0.179818980901,0.9775,0.95
AB_p_skip,830,0.664440551367,0.275605115021,0.542090528291,0.359820727361,0.9725,0.9222
AB_p_skip,831,0.123514906821,0.895342304753,0.195315752775,0.703437478306,0.9716,0.8611
AB_p_skip,832,0.52614876014,0.888205897739,0.484334182933,0.764793527508,0.9594,0.8333
AB_p_skip,833,0.7556369791,0.1776766761,0.817062363605,0.560221273103,0.9506,0.8722
AB_p_skip,834,0.719077717588,0.430400102487,0.21169202801,0.86244851929,0.9649,0.9056
AB_p_skip,835,0.276312391116,0.750007697169,0.627587854682,0.63517501455,0.9632,0.8611
AB_p_skip,836,0.909942757629,0.72162290807,0.867735546042,0.861967864798,0.9278,0.7333
AB_p_skip,837,0.137635484251,0.142809393959,0.46959465177,0.849830379718,0.9792,0.9556
AB_p_skip,838,0.538333009771,0.153718862622,0.253719475846,0.327603196674,0.9822,0.9611
AB_p_skip,839,0.0473412259861,0.841830636091,0.269714183426,0.094685688212,0.9678,0.8333
AB_p_skip,840,0.450249663276,0.965826954466,0.462828989225,0.337433972554,0.9652,0.8556
AB_p_skip,841,0.209913150831,0.193260535274,0.382279975161,0.647726422343,0.9813,0.9611
AB_p_skip,842,0.0729050005129,0.869316646223,0.472478858749,0.736246503128,0.9661,0.8444
AB_p_skip,843,0.440127459862,0.261191869422,0.79255062166,0.44825985641,0.9661,0.8833
AB_p_skip,844,0.31200891592,0.999497063043,0.505639274501,0.476953111805,0.9547,0.8111
AB_p_skip,845,0.707476290474,0.454231546518,0.266418441178,0.00994996856026,0.9675,0.8944
AB_p_skip,846,0.201505776787,0.102352670344,0.00786401372623,0.435227871609,0.988,0.9889
AB_p_skip,847,0.552411583218,0.345721042705,0.205809607655,0.93134576767,0.9798,0.9389
AB_p_skip,848,0.353181018601,0.283744546584,0.717356210224,0.574053264724,0.9623,0.8722
AB_p_skip,849,0.0592603999797,0.534753523353,0.644471775082,0.373337179939,0.9713,0.8667
AB_p_skip,850,0.243247925068,0.748502786915,0.381454764777,0.127701255987,0.9675,0.8778
AB_p_skip,851,0.600398611976,0.893319695703,0.187635305959,0.244607537727,0.9611,0.8278
AB_p_skip,852,0.144922999989,0.483686130272,0.97315122487,0.00982824075268,0.9538,0.8389
AB_p_skip,853,0.350320014119,0.436416749397,0.95072852605,0.27130061214,0.9556,0.8444
AB_p_skip,854,0.069253372411,0.815204602904,0.750563108366,0.486585156792,0.9576,0.8167
AB_p_skip,855,0.622326976903,0.811370638258,0.886019442382,0.509159993784,0.9365,0.75
AB_p_skip,856,0.0230808200066,0.825157583518,0.598041438312,0.0109043256752,0.9684,0.8444
AB_p_skip,857,0.0554635340159,0.17576719965,0.902981264055,0.711963896775,0.9766,0.9111
AB_p_skip,858,0.537202774786,0.0863029787584,0.729747198882,0.612529002846,0.9702,0.9222
AB_p_skip,859,0.563678668412,0.185813686103,0.382534260888,0.322011468462,0.9784,0.9444
AB_p_skip,860,0.649263158727,0.500210811385,0.684904153513,0.715600253218,0.952,0.8222
AB_p_skip,861,0.376589953798,0.268165140199,0.34642727011,0.54782984087,0.9807,0.9389
AB_p_skip,862,0.527513299467,0.113773606528,0.397704471181,0.499553023271,0.9784,0.95
AB_p_skip,863,0.975335720376,0.584077562964,0.330917342842,0.866248354517,0.962,0.8722
AB_p_skip,864,0.194450262738,0.522415691876,0.549421208215,0.836962977991,0.9699,0.9
AB_p_skip,865,0.91875372821,0.856238383488,0.486971111728,0.914401597654,0.9485,0.7944
AB_p_skip,866,0.154934226791,0.333284738114,0.609010869696,0.358257988832,0.9751,0.9333
AB_p_skip,867,0.572683016042,0.398409654925,0.980890760893,0.131249325084,0.9418,0.8
AB_p_skip,868,0.749699245955,0.368381135839,0.838588977487,0.134794576801,0.9436,0.8278
AB_p_skip,869,0.556995358662,0.573389942332,0.545023473382,0.327837199334,0.9658,0.8722
AB_p_skip,870,0.936474688634,0.611286131039,0.0547555617446,0.00218968372677,0.9626,0.8722
AB_p_skip,871,0.627303095504,0.868229366109,0.944701801334,0.571898501985,0.9342,0.7389
AB_p_skip,872,0.439872772198,0.244361660026,0.706726909341,0.296303541778,0.969,0.8944
AB_p_skip,873,0.964829945906,0.477070929994,0.833343510161,0.173084476288,0.9395,0.8
AB_p_skip,874,0.560453869033,0.16768770186,0.712981744796,0.35471192266,0.9675,0.9056
AB_p_skip,875,0.784405094541,0.455701314378,0.157135521916,0.901925479792,0.967,0.9
AB_p_skip,876,0.587601203644,0.0263858415053,0.018415065338,0.232204978143,0.9898,1
AB_p_skip,877,0.314014524001,0.266994217221,0.644903726355,0.13731752598,0.9731,0.9278
AB_p_skip,878,0.76491701861,0.386599843001,0.895479526402,0.422331846568,0.9392,0.8056
AB_p_skip,879,0.712609311477,0.771362456555,0.348768968705,0.730511961007,0.9588,0.8389
AB_p_skip,880,0.88512889661,0.662405109701,0.78170514643,0.330747434515,0.936,0.7667
AB_p_skip,881,0.745436535321,0.586376323117,0.726567233428,0.0579209452347,0.9447,0.8167
AB_p_skip,882,0.599680039583,0.790079551025,0.535800996955,0.745914625552,0.9535,0.8056
AB_p_skip,883,0.21812257869,0.832192545969,0.747139029967,0.388984489085,0.9579,0.8389
AB_p_skip,884,0.626409902993,0.645532095696,0.699073958467,0.636232565156,0.9468,0.8
AB_p_skip,885,0.506949778883,0.0598675578009,0.36022622239,0.760095658682,0.9813,0.9778
AB_p_skip,886,0.790593911467,0.705633604754,0.339732920172,0.336794801053,0.955,0.8278
AB_p_skip,887,0.7127858315,0.130262545525,0.127463718826,0.782374836456,0.9825,0.9778
AB_p_skip,888,0.204559245126,0.734170430877,0.659605382922,0.463511184191,0.9617,0.8556
AB_p_skip,889,0.87990208316,0.86696325988,0.525333574546,0.169154921079,0.9456,0.7833
AB_p_skip,890,0.404624827904,0.667042765799,0.653392187788,0.684387401977,0.9661,0.8722
AB_p_skip,891,0.117454282709,0.0646044615029,0.34491080316,0.230400708198,0.9807,0.9333
AB_p_skip,892,0.267845340489,0.950007669537,0.728889723515,0.667751521035,0.957,0.8333
AB_p_skip,893,0.758939284284,0.126487327384,0.526625507781,0.0908167309552,0.9728,0.9611
AB_p_skip,894,0.798646647072,0.781643545165,0.1627370184,0.0702156977147,0.9538,0.8167
AB_p_skip,895,0.124811357309,0.0831989514939,0.937850767267,0.968037143136,0.9675,0.8889
AB_p_skip,896,0.94863652678,0.888808505138,0.205559515301,0.147379984514,0.952,0.8056
AB_p_skip,897,0.215918542694,0.440059564888,0.496006322576,0.267059382932,0.9734,0.9222
AB_p_skip,898,0.823189643776,0.889406014271,0.868741130381,0.875107841332,0.9243,0.7111
AB_p_skip,899,0.545326533294,0.966970140999,0.952196536467,0.426529026672,0.9462,0.7889
AB_p_skip,900,0.363242681906,0.742903042575,0.492329031906,0.590559689063,0.9667,0.8722
AB_p_skip,901,0.666591903251,0.712084256441,0.0787008689868,0.796946180716,0.9667,0.8556
AB_p_skip,902,0.513384409478,0.0139322011418,0.704962211801,0.759715251898,0.9708,0.9278
AB_p_skip,903,0.489193882481,0.147569178086,0.386839006398,0.933541273337,0.9775,0.9556
AB_p_skip,904,0.519802958942,0.38982927003,0.959856978136,0.326873134654,0.9558,0.8556
AB_p_skip,905,0.192668242886,0.0407658144274,0.542196737983,0.249463840564,0.9787,0.9556
AB_p_skip,906,0.964074047359,0.603143833618,0.0685395210875,0.62776590249,0.9635,0.8778
AB_p_skip,907,0.0861309840441,0.345871386149,0.479216200844,0.867741932507,0.9749,0.9
AB_p_skip,908,0.0815253472588,0.606363648014,0.737502432639,0.11932190299,0.9629,0.85
AB_p_skip,909,0.438497216785,0.628647294195,0.208065236283,0.513171690481,0.9778,0.9167
AB_p_skip,910,0.0773195772901,0.628754972614,0.201962708899,0.292999837647,0.9778,0.9
AB_p_skip,911,0.373050631333,0.80709351138,0.791339641758,0.616903383594,0.9573,0.8278
AB_p_skip,912,0.0904736377915,0.938497688171,0.175471034016,0.140817678283,0.9731,0.8667
AB_p_skip,913,0.842946147484,0.63465754165,0.11510964072,0.970528613479,0.9617,0.8667
AB_p_skip,914,0.213576869451,0.511793173036,0.534916665158,0.1852563815,0.9699,0.9
AB_p_skip,915,0.451800941534,0.536654375243,0.871427160189,0.289782683288,0.9599,0.85
AB_p_skip,916,0.490520664554,0.0160668650283,0.712213249831,0.730733814148,0.9728,0.9444
AB_p_skip,917,0.423074463436,0.842448353246,0.657129281024,0.700614704239,0.9599,0.8333
AB_p_skip,918,0.257810333294,0.99271966868,0.0395503223901,0.0867984969704,0.9708,0.8833
AB_p_skip,919,0.358955767051,0.982828605968,0.107233765294,0.482395885728,0.9696,0.8611
AB_p_skip,920,0.615414231517,0.273418948096,0.0298561185398,0.32396087883,0.9827,0.9611
AB_p_skip,921,0.10870425708,0.261684419238,0.684273084673,0.128547150499,0.9702,0.8889
AB_p_skip,922,0.444378853258,0.710999544218,0.269163694968,0.723886031237,0.974,0.9
AB_p_skip,923,0.821195365301,0.348592805183,0.765203886836,0.489153707944,0.9465,0.8333
AB_p_skip,924,0.773562750667,0.218675865614,0.938852151227,0.261079075785,0.9462,0.85
AB_p_skip,925,0.849368726104,0.212590190222,0.532819840152,0.612956413496,0.9711,0.9444
AB_p_skip,926,0.00691163317178,0.148521469279,0.810314146908,0.276964651591,0.9757,0.9056
AB_p_skip,927,0.758962165855,0.943154027368,0.933990784868,0.0935695007466,0.9249,0.7167
AB_p_skip,928,0.520876557129,0.474039124498,0.904135866943,0.933297244043,0.9515,0.8278
AB_p_skip,929,0.883131240823,0.784732888775,0.755823223694,0.206364656421,0.9339,0.75
AB_p_skip,930,0.634021385792,0.20156890952,0.310176538154,0.506303518949,0.9795,0.9556
AB_p_skip,931,0.927509508049,0.572439421722,0.500987837817,0.94555464006,0.9591,0.8611
AB_p_skip,932,0.782652834663,0.0894986354814,0.833780765673,0.947578642898,0.9509,0.8722
AB_p_skip,933,0.81034519041,0.966652090569,0.944674934977,0.302456053329,0.9243,0.7111
AB_p_skip,934,0.138409072537,0.506908754313,0.231643380939,0.503900295028,0.9772,0.9278
AB_p_skip,935,0.312980767025,0.28820968791,0.278803094956,0.685237037974,0.9766,0.9389
AB_p_skip,936,0.618679834493,0.585071698388,0.374726468233,0.462751258064,0.9623,0.85
AB_p_skip,937,0.176436586333,0.370399753644,0.78654798058,0.803440130672,0.9684,0.9056
AB_p_skip,938,0.51742635537,0.124765950325,0.159543608445,0.178283408267,0.9842,0.9722
AB_p_skip,939,0.708755443658,0.366695029543,0.838971252014,0.19157064466,0.945,0.8222
AB_p_skip,940,0.374035833634,0.386587330662,0.591094232459,0.0245030081087,0.9687,0.8889
AB_p_skip,941,0.407306712176,0.853049461255,0.367850354492,0.252528056433,0.9693,0.8667
AB_p_skip,942,0.272248341636,0.62403602289,0.476292297616,0.102722371053,0.969,0.8944
AB_p_skip,943,0.992533176371,0.371320925867,0.517721855343,0.424428399714,0.9632,0.8944
AB_p_skip,944,0.699175787542,0.69471310973,0.447000272514,0.360322696385,0.9547,0.8278
AB_p_skip,945,0.990108862507,0.844961462772,0.620313485693,0.737298635624,0.9436,0.7778
AB_p_skip,946,0.997690298694,0.0439792385609,0.0108810455007,0.828433289583,0.9819,0.9944
AB_p_skip,947,0.208925013545,0.470334183535,0.0986120563616,0.512003061987,0.9772,0.9278
AB_p_skip,948,0.337531681244,0.504847790856,0.675667782277,0.825079317772,0.9716,0.9111
AB_p_skip,949,0.08832551872,0.456817359407,0.988150145058,0.853114852856,0.9553,0.8278
AB_p_skip,950,0.279821780273,0.695778494205,0.032031316333,0.416434963071,0.9734,0.9
AB_p_skip,951,0.0587484550503,0.509556817851,0.581691846826,0.554716914448,0.9728,0.8722
AB_p_skip,952,0.895421793163,0.370274934611,0.279603728198,0.732574617016,0.969,0.9167
AB_p_skip,953,0.241835635523,0.55055271219,0.0363572214174,0.235178218289,0.9769,0.9222
AB_p_skip,954,0.590247106656,0.500789937437,0.443993400524,0.71142708914,0.9632,0.8611
AB_p_skip,955,0.0961122424735,0.433021025825,0.0877742846856,0.52784016577,0.9857,0.9389
AB_p_skip,956,0.100888581069,0.591575673485,0.421618872489,0.325939920776,0.9722,0.8833
AB_p_skip,957,0.644322203089,0.552145290376,0.610997861109,0.420498662965,0.9558,0.8278
AB_p_skip,958,0.791491877444,0.897097301986,0.749692965192,0.337261130303,0.9336,0.7444
AB_p_skip,959,0.630806344393,0.692984696016,0.00765076407314,0.849244681762,0.9684,0.8667
AB_p_skip,960,0.706632807997,0.0693941967525,0.267655398428,0.669399463082,0.9798,0.9722
AB_p_skip,961,0.899815278073,0.251825750428,0.0101017288368,0.373385082193,0.9775,0.9667
AB_p_skip,962,0.071396449289,0.0934158648099,0.500180531415,0.697433428475,0.9792,0.9278
AB_p_skip,963,0.198509855557,0.144231024416,0.445275977334,0.0661327512335,0.9792,0.9556
AB_p_skip,964,0.425359455838,0.515044266926,0.672640874394,0.856467719033,0.967,0.8778
AB_p_skip,965,0.0416701157085,0.256867645902,0.534835533978,0.256811612532,0.9813,0.9222
AB_p_skip,966,0.770681564213,0.768328775069,0.287488177462,0.950051264558,0.9541,0.8222
AB_p_skip,967,0.0268660250793,0.734363500694,0.703774893095,0.904154814902,0.9696,0.8556
AB_p_skip,968,0.541791546758,0.833939702917,0.501452598026,0.67829058172,0.9611,0.8389
AB_p_skip,969,0.708918480508,0.741760190428,0.315233308969,0.155523896131,0.9596,0.8444
AB_p_skip,970,0.32877981719,0.0629142868253,0.998215960972,0.957409853423,0.9655,0.9056
AB_p_skip,971,0.630272512045,0.0420263003308,0.661808707882,0.512420036262,0.969,0.9222
AB_p_skip,972,0.320003486036,0.816647370783,0.966607124934,0.750961555081,0.95,0.8111
AB_p_skip,973,0.167893695392,0.283877999414,0.861321429251,0.284129260059,0.9635,0.8889
AB_p_skip,974,0.587336084923,0.834981126702,0.39128178516,0.322892038715,0.9567,0.8167
AB_p_skip,975,0.0621108204126,0.107032719315,0.640488980217,0.502789664096,0.9731,0.9056
AB_p_skip,976,0.730757864877,0.318967123398,0.439285473588,0.828504136763,0.9596,0.8944
AB_p_skip,977,0.397195817237,0.291607964176,0.651865501279,0.213377026076,0.9696,0.8944
AB_p_skip,978,0.329307951236,0.513921051485,0.584020214892,0.432143070544,0.9716,0.9111
AB_p_skip,979,0.506258215788,0.651305186279,0.504642864178,0.86901290345,0.9693,0.9056
AB_p_skip,980,0.122969133348,0.0899174260275,0.439474057761,0.994931684246,0.9792,0.9278
AB_p_skip,981,0.281926547461,0.663738779766,0.931216073174,0.44138510291,0.9523,0.8222
AB_p_skip,982,0.329401388512,0.898369379148,0.88227790791,0.93471719011,0.9488,0.8
AB_p_skip,983,0.300945366636,0.629790895123,0.173293372093,0.431637713014,0.9781,0.9333
AB_p_skip,984,0.361096265153,0.133368285814,0.40093900711,0.949818621541,0.9807,0.95
AB_p_skip,985,0.203936242621,0.679280329186,0.564039786088,0.247901273862,0.9664,0.8778
AB_p_skip,986,0.437518975943,0.681570684936,0.792052385632,0.518784324906,0.9617,0.8556
AB_p_skip,987,0.364052121775,0.117701928029,0.658101176436,0.761839963994,0.9719,0.9167
AB_p_skip,988,0.0576167886032,0.18684252275,0.27464096656,0.768676227125,0.9854,0.9444
AB_p_skip,989,0.490486531604,0.559698054594,0.382240584345,0.905182817045,0.9705,0.9111
AB_p_skip,990,0.138793898978,0.516071093579,0.904562262989,0.0452059048309,0.9582,0.8556
AB_p_skip,991,0.375212496652,0.201392971881,0.615088213577,0.692061762702,0.9713,0.9056
AB_p_skip,992,0.774149967547,0.469389526232,0.363002452542,0.601395243689,0.9646,0.8889
AB_p_skip,993,0.475827459755,0.0374491391428,0.0381018859263,0.618656920771,0.9918,1
AB_p_skip,994,0.725364952525,0.273972932064,0.152211592597,0.24132303507,0.9716,0.9444
AB_p_skip,995,0.0189693512416,0.694585217047,0.174841669396,0.642232692503,0.986,0.9222
AB_p_skip,996,0.82399878922,0.379093911361,0.475507250008,0.503163155707,0.9652,0.9
AB_p_skip,997,0.256997440579,0.365154072928,0.870357462075,0.784413345073,0.9635,0.8889
AB_p_skip,998,0.678185618076,0.87455259852,0.67354476936,0.859854160711,0.9447,0.7722
AB_p_skip,999,0.244088701327,0.299097053035,0.787390523601,0.661412169152,0.9702,0.9167
AB_p_skip,1000,0.117786735318,0.573028178912,0.360777068036,0.00693678728979,0.9737,0.8889
AB_p_skip,1001,0.959540684026,0.721885720612,0.660987444903,0.237481796141,0.9442,0.7889
AB_p_skip,1002,0.335326264498,0.439846709466,0.676991669464,0.680252471916,0.9725,0.9167
AB_p_skip,1003,0.560772629112,0.854816390289,0.0166084087809,0.864317639711,0.9705,0.8722
AB_p_skip,1004,0.83783256277,0.126576164688,0.0717284545473,0.685831473882,0.9801,0.9833
AB_p_skip,1005,0.934602667329,0.228861896913,0.649381884208,0.106930435058,0.9667,0.9278
AB_p_skip,1006,0.0706249759854,0.835666996463,0.972594246079,0.952842072916,0.9497,0.7889
AB_p_skip,1007,0.0126649506625,0.715123583198,0.438874719731,0.245072015504,0.9787,0.8944
AB_p_skip,1008,0.226628018046,0.605671501047,0.39397984,0.607951800882,0.9719,0.9056
AB_p_skip,1009,0.556327421301,0.748261063392,0.576418378108,0.701461298453,0.9608,0.8444
AB_p_skip,1010,0.405367710881,0.939917849325,0.936114531208,0.212852185438,0.9506,0.7889
AB_p_skip,1011,0.519818716817,0.524567616275,0.745895478882,0.36521483763,0.9585,0.85
AB_p_skip,1012,0.611140752644,0.0139584037148,0.225528864178,0.343494335441,0.9865,0.9889
AB_p_skip,1013,0.836575754245,0.538372333496,0.0600373740281,0.745251022281,0.9643,0.8833
AB_p_skip,1014,0.165229987487,0.474713159563,0.148286910604,0.183590514377,0.9772,0.9278
AB_p_skip,1015,0.626459310968,0.43897281282,0.270487097255,0.338431312809,0.9687,0.8833
AB_p_skip,1016,0.524568726567,0.958844684771,0.254555123916,0.211422322859,0.962,0.8389
AB_p_skip,1017,0.800397257895,0.715216268408,0.712477797387,0.949619318847,0.9386,0.7722
AB_p_skip,1018,0.358460309957,0.0374145079306,0.150696515527,0.218250185296,0.9883,0.9833
AB_p_skip,1019,0.754152452854,0.232824715396,0.0630992550265,0.88623785001,0.9775,0.9722
AB_p_skip,1020,0.972284998506,0.830686081903,0.639391574394,0.00640974962132,0.9421,0.7722
AB_p_skip,1021,0.124140946095,0.732310900189,0.107740332875,0.466458399206,0.9737,0.8722
AB_p_skip,1022,0.0386679730544,0.524525509016,0.102547287315,0.663527716161,0.9816,0.9056
AB_p_skip,1023,0.375461331364,0.983071071116,0.264847663575,0.781337743234,0.9658,0.8444
AB_p_atk,0,0.738137738463,0.816554153051,0.627618178668,0.694967547085,0.9377,0.7778
AB_p_atk,1,0.413751273912,0.241809052484,0.0859075023982,0.782269361021,0.9865,0.9611
AB_p_atk,2,0.801549387908,0.229833118929,0.670561977481,0.208930205849,0.9637,0.9167
AB_p_atk,3,0.468799288578,0.0910268266861,0.425037824883,0.38595959767,0.9822,0.9611
AB_p_atk,4,0.841900656405,0.422676180957,0.255935117693,0.0793489288384,0.9678,0.9056
AB_p_atk,5,0.226081515692,0.973262851868,0.335146308601,0.0880237994969,0.9673,0.8722
AB_p_atk,6,0.329419003351,0.611078304062,0.383541026721,0.593590614159,0.9713,0.9056
AB_p_atk,7,0.852563467921,0.776889099635,0.965626707807,0.417286847561,0.926,0.7222
AB_p_atk,8,0.128925711957,0.610683400731,0.285031333202,0.260288627432,0.9737,0.9167
AB_p_atk,9,0.0910207762132,0.732668826192,0.0914065712081,0.828176299344,0.9795,0.9
AB_p_atk,10,0.389121255417,0.234194356337,0.616636519116,0.893977182742,0.9705,0.9
AB_p_atk,11,0.736382394165,0.808464091541,0.818518047493,0.302434442261,0.9307,0.7556
AB_p_atk,12,0.265480576706,0.278797344324,0.809331372776,0.209371408196,0.9658,0.9
AB_p_atk,13,0.927380741791,0.203104251163,0.059490723463,0.366424930341,0.9792,0.9778
AB_p_atk,14,0.215701951787,0.60582027857,0.0688685882435,0.951047540739,0.9769,0.9222
AB_p_atk,15,0.629736788805,0.788706973173,0.858221072616,0.770522420663,0.9389,0.7611
AB_p_atk,16,0.469361001071,0.185439106092,0.904078287154,0.33332206801,0.9678,0.9
AB_p_atk,17,0.413168958682,0.699385502884,0.0974820426421,0.762106765154,0.9813,0.9278
AB_p_atk,18,0.924151657772,0.475864154746,0.892815870226,0.876041391455,0.9365,0.7889
AB_p_atk,19,0.395267918426,0.743776717671,0.327199579078,0.519978186605,0.9737,0.8944
AB_p_atk,20,0.43976887014,0.356845033994,0.341158148766,0.860481107321,0.9789,0.9278
AB_p_atk,21,0.910990929323,0.228055918828,0.781407596346,0.181897681682,0.9535,0.8778
AB_p_atk,22,0.36979945601,0.613073568381,0.0103758462082,0.419970893494,0.9836,0.9389
AB_p_atk,23,0.731021585234,0.682993722719,0.52821010238,0.239813395893,0.9395,0.7889
AB_p_atk,24,0.714314131787,0.155457850031,0.99772363278,0.13213107487,0.9474,0.8444
AB_p_atk,25,0.0164520091476,0.98490723359,0.942030778812,0.734064164159,0.9556,0.7889
AB_p_atk,26,0.734569280663,0.739397590591,0.466584323841,0.958534231997,0.9439,0.8056
AB_p_atk,27,0.394713190605,0.0866238048207,0.27443712784,0.636919176737,0.9851,0.9667
AB_p_atk,28,0.957306123957,0.727814221615,0.151822155652,0.224789664209,0.9564,0.8333
AB_p_atk,29,0.575557960851,0.261839082302,0.778825307994,0.792289987613,0.9556,0.8611
AB_p_atk,30,0.0868059646566,0.0954996231399,0.852418082845,0.0582133802934,0.9646,0.8722
AB_p_atk,31,0.972133921002,0.0843323446836,0.408383825098,0.920899316158,0.9757,0.9667
AB_p_atk,32,0.420187159924,0.923578609283,0.454277708144,0.139583444765,0.9661,0.85
AB_p_atk,33,0.888314068321,0.705162403071,0.837639418917,0.597210503774,0.9307,0.7444
AB_p_atk,34,0.0570745006327,0.153117019176,0.448729118948,0.224621309939,0.9854,0.9444
AB_p_atk,35,0.898004036946,0.858369176649,0.373322958469,0.233340498275,0.95,0.8
AB_p_atk,36,0.335025487956,0.0462641131177,0.0596301515964,0.931245009906,0.986,0.9833
AB_p_atk,37,0.942181250844,0.432654567776,0.980484308567,0.514021558463,0.9374,0.7944
AB_p_atk,38,2.76197595416e-05,0.321917227089,0.504325309801,0.509768429119,0.9851,0.9389
AB_p_atk,39,0.636276815925,0.7014701112,0.271661435657,0.150559010876,0.9626,0.8444
AB_p_atk,40,0.42221099904,0.441054110221,0.914940884844,0.582052154227,0.962,0.8611
AB_p_atk,41,0.44836349436,0.0889837741771,0.845725028731,0.251400971664,0.9728,0.9222
AB_p_atk,42,0.58917697419,0.0944953712231,0.441670907737,0.458721369308,0.9763,0.9444
AB_p_atk,43,0.247783140482,0.563085225333,0.909237372301,0.317028788282,0.9573,0.85
AB_p_atk,44,0.0261783107196,0.331243808459,0.030659894009,0.545946991059,0.9939,0.9722
AB_p_atk,45,0.112808180919,0.5774554277,0.0887379277582,0.785850384381,0.9839,0.9278
AB_p_atk,46,0.623710035348,0.696649100514,0.556470889518,0.983268065429,0.9561,0.8222
AB_p_atk,47,0.618009496323,0.183930668877,0.899909860257,0.442926744555,0.9532,0.8556
AB_p_atk,48,0.19236116764,0.663352580045,0.59865660004,0.239598659894,0.9664,0.8778
AB_p_atk,49,0.140214976971,0.427094487291,0.971574927265,0.505241504154,0.9573,0.8611
AB_p_atk,50,0.865838406939,0.197382760886,0.738468810924,0.806823103437,0.9573,0.8944
AB_p_atk,51,0.967668674581,0.345196330741,0.538018296351,0.813101877657,0.964,0.9
AB_p_atk,52,0.3408919305,0.279031684355,0.86905184387,0.126163235629,0.9611,0.8778
AB_p_atk,53,0.554206592133,0.893530954799,0.756706122499,0.00466285460262,0.952,0.8111
AB_p_atk,54,0.573775151804,0.227324443537,0.361913759914,0.513280447087,0.9775,0.9444
AB_p_atk,55,0.170463187841,0.606422603164,0.180749072593,0.56276274965,0.9763,0.9222
AB_p_atk,56,0.967801058346,0.107658857494,0.93719928478,0.241465497888,0.948,0.8611
AB_p_atk,57,0.316469173139,0.897272042016,0.163868983387,0.664034705662,0.9655,0.8611
AB_p_atk,58,0.492792027871,0.314006009309,0.973016045254,0.634870101666,0.9629,0.8889
AB_p_atk,59,0.835465365748,0.856685150249,0.778783907183,0.240244685923,0.9307,0.7333
AB_p_atk,60,0.843535564644,0.355523030101,0.301935576466,0.115503368956,0.969,0.9167
AB_p_atk,61,0.471464599508,0.252383830714,0.826257020074,0.29113423572,0.9661,0.8889
AB_p_atk,62,0.216381243997,0.182367183909,0.957119300723,0.608967416251,0.9617,0.8889
AB_p_atk,63,0.630310116992,0.308611986738,0.93348927924,0.499263396959,0.9482,0.8278
AB_p_atk,64,0.846244171101,0.560421011967,0.315491917351,0.598684140126,0.9629,0.8778
AB_p_atk,65,0.291116288242,0.09082196187,0.148024492117,0.85086089861,0.986,0.9833
AB_p_atk,66,0.722491506894,0.760274406977,0.638263728348,0.627123348275,0.9386,0.7833
AB_p_atk,67,0.45872505056,0.265561619239,0.417314055386,0.256023320911,0.9766,0.9222
AB_p_atk,68,0.249390413415,0.451600527199,0.259694259269,0.428376848511,0.9784,0.9389
AB_p_atk,69,0.53769648128,0.482807461028,0.108407897413,0.714909447119,0.9746,0.9056
AB_p_atk,70,0.316046288826,0.841454733901,0.885390676913,0.902811366952,0.95,0.8111
AB_p_atk,71,0.262519852387,0.0632619601019,0.311251246605,0.503915820686,0.983,0.9722
AB_p_atk,72,0.574138883394,0.288832850459,0.957523767306,0.582168320494,0.9468,0.8278
AB_p_atk,73,0.751215609945,0.640049366178,0.831548164394,0.612264423032,0.9365,0.7833
AB_p_atk,74,0.5211571884,0.123542975268,0.348238946641,0.814012868036,0.9798,0.9556
AB_p_atk,75,0.728083598406,0.160535197097,0.646083932935,0.00249976758749,0.957,0.9
AB_p_atk,76,0.597417285019,0.499993805259,0.0460276386462,0.980828602649,0.9711,0.8889
AB_p_atk,77,0.326424308735,0.760991753741,0.702724239815,0.590532144055,0.9626,0.8611
AB_p_atk,78,0.414168123505,0.715367724095,0.8250270976,0.0229836336373,0.9585,0.8389
AB_p_atk,79,0.501399131822,0.961567442553,0.121457585795,0.145338333718,0.9702,0.8944
AB_p_atk,80,0.919535902521,0.101978860131,0.691099880759,0.642854645037,0.9611,0.9111
AB_p_atk,81,0.565451733245,0.575748183453,0.603827595977,0.369409018509,0.9652,0.8722
AB_p_atk,82,0.194632940837,0.19077123444,0.204277810519,0.133303571944,0.9851,0.9778
AB_p_atk,83,0.340984439742,0.213391989828,0.469572067497,0.980538261368,0.9751,0.9333
AB_p_atk,84,0.722902215863,0.157509515206,0.764064464905,0.878902202467,0.9512,0.8778
AB_p_atk,85,0.78808837748,0.464647637884,0.619730597514,0.6548984245,0.9558,0.8556
AB_p_atk,86,0.525834038954,0.794603338549,0.67697528801,0.952290618411,0.9561,0.8278
AB_p_atk,87,0.784533869516,0.710451108512,0.361136220039,0.921854310712,0.955,0.8278
AB_p_atk,88,0.462887642572,0.524817659137,0.44633015087,0.615778099906,0.9696,0.8889
AB_p_atk,89,0.928862305238,0.952805957815,0.343934518502,0.352209703871,0.9515,0.8056
AB_p_atk,90,0.918221795998,0.97818329701,0.50551690982,0.219751585731,0.9485,0.7944
AB_p_atk,91,0.964613614486,0.10745714189,0.950250885779,0.621411311667,0.948,0.8611
AB_p_atk,92,0.453131560726,0.420362949671,0.820454181884,0.734225072034,0.9608,0.8556
AB_p_atk,93,0.270384067859,0.416970944625,0.44396933254,0.260593931178,0.9743,0.9278
AB_p_atk,94,0.0344960130025,0.59626353069,0.272311866992,0.446191654081,0.974,0.8722
AB_p_atk,95,0.0387340523141,0.764695722393,0.576033845504,0.943807817017,0.9675,0.8389
AB_p_atk,96,0.471971907771,0.621181909708,0.661679771811,0.301299680676,0.9684,0.8889
AB_p_atk,97,0.0463624725633,0.926822305294,0.844631183036,0.345016422967,0.9591,0.8
AB_p_atk,98,0.512231430885,0.669846691049,0.654003470551,0.54505834944,0.9585,0.8389
AB_p_atk,99,0.0741728658158,0.27776290755,0.00187412950858,0.226761217514,0.9927,0.9722
AB_p_atk,100,0.526440464705,0.412577388827,0.422689712139,0.124964120431,0.969,0.8944
AB_p_atk,101,0.966062158556,0.300179466409,0.968959101247,0.535755499159,0.9436,0.8333
AB_p_atk,102,0.835080280081,0.919928669111,0.789421557965,0.119192620086,0.9307,0.7333
AB_p_atk,103,0.343168718328,0.424688740646,0.575436273851,0.868369052099,0.9725,0.9167
AB_p_atk,104,0.75518227387,0.565087020712,0.668815735751,0.61048133252,0.952,0.8444
AB_p_atk,105,0.196827893539,0.750785668042,0.727736675683,0.81130613364,0.9588,0.8444
AB_p_atk,106,0.378200588376,0.314693043244,0.412782614555,0.760112550173,0.9789,0.9278
AB_p_atk,107,0.466701224259,0.225768248099,0.61384072967,0.386759579363,0.9719,0.9111
AB_p_atk,108,0.742172397353,0.967840772565,0.0146374538049,0.958093036192,0.9585,0.85
AB_p_atk,109,0.222707685725,0.774823493631,0.825841483077,0.726364086745,0.9535,0.8222
AB_p_atk,110,0.554777289586,0.325782896435,0.460348390772,0.586353680884,0.9743,0.9222
AB_p_atk,111,0.190470685011,0.103801018371,0.510139492477,0.352410996796,0.9778,0.95
AB_p_atk,112,0.531840861131,0.521818804221,0.85783346136,0.925027134488,0.9506,0.8222
AB_p_atk,113,0.324399977771,0.256159771851,0.136989091812,0.210121720775,0.9825,0.9611
AB_p_atk,114,0.942267374435,0.18644379093,0.552837393264,0.320724582934,0.9719,0.95
AB_p_atk,115,0.193354847756,0.241183730353,0.821774284135,0.412053864768,0.9658,0.9
AB_p_atk,116,0.842427934935,0.296202835075,0.825760023369,0.405347688334,0.9465,0.8444
AB_p_atk,117,0.408330454433,0.466733989624,0.248708271793,0.61298389068,0.9787,0.9222
AB_p_atk,118,0.522292132131,0.761467393781,0.910492402883,0.597571826172,0.9462,0.7944
AB_p_atk,119,0.0523912843441,0.0211241493911,0.316011266722,0.760439180435,0.9863,0.95
AB_p_atk,120,0.14396997797,0.403794751945,0.746562753259,0.342600765386,0.9675,0.9
AB_p_atk,121,0.045714593374,0.718688960076,0.0855104683148,0.53248623184,0.9787,0.8833
AB_p_atk,122,0.0960410991083,0.703614942406,0.269549839454,0.631085826144,0.9708,0.8667
AB_p_atk,123,0.524137986474,0.911083977316,0.33758756658,0.373784319812,0.9614,0.8389
AB_p_atk,124,0.712066849175,0.693324849567,0.249068497049,0.193150602206,0.9611,0.85
AB_p_atk,125,0.442879019646,0.386915637972,0.624151581877,0.612792922143,0.9711,0.9
AB_p_atk,126,0.593525254717,0.112269852027,0.436944120197,0.80383355879,0.9754,0.9389
AB_p_atk,127,0.147570981139,0.0935615711858,0.563006426094,0.106441139205,0.9778,0.95
AB_p_atk,128,0.501264718536,0.832570175273,0.77507499229,0.668612480536,0.9605,0.8667
AB_p_atk,129,0.139574625453,0.236374270417,0.0991713311208,0.587768217667,0.9833,0.9667
AB_p_atk,130,0.97552094316,0.185277067206,0.707543722527,0.187467019669,0.9602,0.9056
AB_p_atk,131,0.834845154428,0.137690490431,0.180487860461,0.682499881163,0.9801,0.9833
AB_p_atk,132,0.0855919055324,0.949198569275,0.848343938049,0.968261674756,0.9532,0.8
AB_p_atk,133,0.54838288292,0.091975541416,0.791887787985,0.310514678933,0.9673,0.9111
AB_p_atk,134,0.600756204769,0.583915381068,0.281214745027,0.639341368255,0.9652,0.8611
AB_p_atk,135,0.54800575015,0.355042687166,0.501855075461,0.228309412237,0.9725,0.9111
AB_p_atk,136,0.715293904873,0.0832001013601,0.339647778799,0.0875448002269,0.9789,0.9667
AB_p_atk,137,0.891990517538,0.94000068788,0.334939777449,0.700317313909,0.9515,0.8056
AB_p_atk,138,0.861713900261,0.970555573664,0.396257051276,0.252559729332,0.95,0.8
AB_p_atk,139,0.0180684255771,0.0852490567132,0.356402931072,0.0395247729258,0.9898,0.9611
AB_p_atk,140,0.485709939488,0.689972459442,0.00860342738263,0.744906671126,0.983,0.9444
AB_p_atk,141,0.183747077507,0.162976898458,0.825401567763,0.275463848172,0.9675,0.9111
AB_p_atk,142,0.699221870243,0.294119256898,0.172326196225,0.106725891597,0.9772,0.9444
AB_p_atk,143,0.185717407476,0.257807503177,0.487668410805,0.295046074749,0.9775,0.9444
AB_p_atk,144,0.0990282521232,0.0828906716913,0.139519393415,0.150213005201,0.988,0.9611
AB_p_atk,145,0.689748894025,0.124528473359,0.280552011326,0.804294413587,0.983,0.9667
AB_p_atk,146,0.615887694336,0.0479282779681,0.842361660046,0.816517215445,0.9588,0.8833
AB_p_atk,147,0.387659801434,0.622081171489,0.901338550787,0.477196801051,0.9602,0.85
AB_p_atk,148,0.588612425647,0.172674466121,0.203377867387,0.842482826446,0.9827,0.9667
AB_p_atk,149,0.377380765651,0.277868809555,0.940825145731,0.841790804932,0.9637,0.8722
AB_p_atk,150,0.283446391638,0.0481191905299,0.390622475609,0.715927594966,0.9816,0.9667
AB_p_atk,151,0.232375415547,0.543394683733,0.432103303432,0.167617636946,0.9705,0.9
AB_p_atk,152,0.320285796847,0.749412667584,0.65037444808,0.721701671341,0.9655,0.8722
AB_p_atk,153,0.159094086286,0.0852546039736,0.161442459902,0.443491039797,0.986,0.9833
AB_p_atk,154,0.811623234737,0.597622769521,0.679993823598,0.554535390253,0.9506,0.8333
AB_p_atk,155,0.701669833895,0.761383423108,0.840516075946,0.649143099297,0.9345,0.7556
AB_p_atk,156,0.461209731291,0.56089195393,0.0985781648907,0.209848067699,0.9784,0.9222
AB_p_atk,157,0.761060220515,0.698710034206,0.689080319479,0.509292846475,0.9406,0.7833
AB_p_atk,158,0.923937856739,0.529886964499,0.726140488539,0.389605918136,0.945,0.8167
AB_p_atk,159,0.88367515897,0.618468864213,0.942293744419,0.664184524518,0.933,0.7667
AB_p_atk,160,0.465294504335,0.955125451535,0.393270133581,0.32049191368,0.962,0.8333
AB_p_atk,161,0.43842849334,0.065671859461,0.267735255534,0.69161790734,0.986,0.9722
AB_p_atk,162,0.0312488278906,0.987116621872,0.354053671007,0.201495941325,0.9675,0.8222
AB_p_atk,163,0.0177754372226,0.224686027243,0.121078816856,0.426607341899,0.9939,0.9722
AB_p_atk,164,0.269990042654,0.802591811849,0.985330353641,0.723888874327,0.9485,0.8056
AB_p_atk,165,0.837381577466,0.876490022753,0.515071039242,0.683370828368,0.9456,0.7833
AB_p_atk,166,0.208693423448,0.198614161716,0.579774499602,0.807992256696,0.9769,0.9444
AB_p_atk,167,0.246985389406,0.20753891252,0.801592456638,0.332642017455,0.969,0.9167
AB_p_atk,168,0.086054570816,0.539007303459,0.605175267623,0.0623876984889,0.9687,0.8722
AB_p_atk,169,0.907639277792,0.925175467343,0.680552601382,0.144496040613,0.9401,0.7667
AB_p_atk,170,0.0666685137876,0.498559178528,0.241583134033,0.14801970945,0.9775,0.9056
AB_p_atk,171,0.395037894812,0.516123011553,0.954612039587,0.773545687368,0.9611,0.8556
AB_p_atk,172,0.451649882035,0.200633676104,0.305266083724,0.886043741266,0.9792,0.9389
AB_p_atk,173,0.510145795779,0.3568752014,0.411695440685,0.841051143566,0.9743,0.9333
AB_p_atk,174,0.060046098943,0.547486963077,0.925855391095,0.148029687401,0.9673,0.8556
AB_p_atk,175,0.960751636979,0.275217746029,0.401287480989,0.612640529817,0.9737,0.95
AB_p_atk,176,0.182387465585,0.238536861705,0.116375904595,0.561034223915,0.9833,0.9667
AB_p_atk,177,0.926185621947,0.850501081902,0.950926662438,0.753129430374,0.9243,0.7111
AB_p_atk,178,0.280663541415,0.557738252974,0.625008852459,0.932264304595,0.9675,0.8889
AB_p_atk,179,0.219873096173,0.900252771812,0.125595899544,0.785701445925,0.9711,0.8889
AB_p_atk,180,0.652257310892,0.646531461325,0.261364160724,0.962460151252,0.9664,0.8611
AB_p_atk,181,0.231360190751,0.565819475979,0.682928960596,0.914232193118,0.9646,0.8778
AB_p_atk,182,0.858091350155,0.696419835384,0.204096883988,0.439152991412,0.9564,0.8333
AB_p_atk,183,0.686499130604,0.23315837942,0.668025758722,0.468062343081,0.9646,0.8944
AB_p_atk,184,0.853023986314,0.108126078977,0.806834123091,0.658437606754,0.9509,0.8722
AB_p_atk,185,0.706210574035,0.686454767695,0.42816315868,0.453110266995,0.9547,0.8278
AB_p_atk,186,0.345740152815,0.803122781626,0.210350234509,0.897722114434,0.9696,0.8778
AB_p_atk,187,0.227061008149,0.680413229095,0.673436006922,0.613100410511,0.9611,0.8556
AB_p_atk,188,0.788824611894,0.497943648612,0.574082614226,0.909710945652,0.9579,0.8611
AB_p_atk,189,0.156612366235,0.957491001893,0.378761745615,0.181716427342,0.9655,0.8611
AB_p_atk,190,0.641592606234,0.0256855003124,0.832118651122,0.747066747468,0.9608,0.8889
AB_p_atk,191,0.159860596732,0.0575137162858,0.582096660289,0.989972385464,0.9787,0.9556
AB_p_atk,192,0.441259902626,0.759776484907,0.935990396627,0.153947135932,0.9585,0.8389
AB_p_atk,193,0.0018014912479,0.0467386498898,0.0518428620355,0.121616313445,0.9965,0.9889
AB_p_atk,194,0.92368244934,0.1960862127,0.923176438919,0.00917401445341,0.9471,0.8556
AB_p_atk,195,0.471413616836,0.788269939995,0.617014608228,0.719903215663,0.964,0.8611
AB_p_atk,196,0.243489836565,0.681584714041,0.0907358814242,0.165600276385,0.9728,0.9
AB_p_atk,197,0.989188327353,0.48690450038,0.170369608406,0.906008845756,0.9661,0.8944
AB_p_atk,198,0.909145761175,0.143162200713,0.637581578666,0.78727000898,0.9684,0.9389
AB_p_atk,199,0.957841632712,0.0718099514381,0.648167683877,0.250432090139,0.9693,0.9444
AB_p_atk,200,0.556294855145,0.819110903364,0.230135810983,0.406624179773,0.9675,0.8611
AB_p_atk,201,0.0267349953967,0.782724761835,0.396599571524,0.259048944319,0.9766,0.8778
AB_p_atk,202,0.0186644732714,0.448935776133,0.733245757321,0.970854703064,0.9784,0.9111
AB_p_atk,203,0.0403184820006,0.0502294529152,0.0942420383531,0.942034634058,0.9936,0.9778
AB_p_atk,204,0.409016158062,0.140151983864,0.273443057969,0.721809438379,0.9833,0.9556
AB_p_atk,205,0.288261323901,0.240510951956,0.0489211054503,0.2538133573,0.9848,0.9722
AB_p_atk,206,0.465669006704,0.178095472476,0.312892811168,0.126468347168,0.9795,0.9444
AB_p_atk,207,0.557442200093,0.801132870369,0.375366771012,0.801154059486,0.9626,0.8444
AB_p_atk,208,0.575726462255,0.945382180387,0.0650607409425,0.221849912344,0.964,0.8444
AB_p_atk,209,0.136973955951,0.400551642608,0.728984330689,0.932989870811,0.9675,0.9
AB_p_atk,210,0.792892452371,0.614542199217,0.920493215922,0.118045131404,0.933,0.7667
AB_p_atk,211,0.805423686332,0.391061487706,0.737472050798,0.954900460414,0.9485,0.8389
AB_p_atk,212,0.319378000501,7.72085658314e-05,0.0142274980333,0.11888979278,0.9877,0.9944
AB_p_atk,213,0.548895699966,0.453489752009,0.162088371861,0.291879383868,0.9754,0.9111
AB_p_atk,214,0.801838409366,0.880257608368,0.130854581778,0.612043388517,0.952,0.8056
AB_p_atk,215,0.0258900813001,0.16525358398,0.558541526887,0.379806577142,0.9836,0.9333
AB_p_atk,216,0.470024038858,0.496919109812,0.49471284912,0.880443919625,0.9728,0.9056
AB_p_atk,217,0.464110013244,0.0529505277221,0.796096935418,0.0695296637793,0.9728,0.9278
AB_p_atk,218,0.140970232997,0.800199883365,0.901063811141,0.339973386299,0.952,0.8167
AB_p_atk,219,0.794214825014,0.381016846866,0.935155053299,0.801595428968,0.9401,0.8111
AB_p_atk,220,0.612508220588,0.909104767343,0.963933094395,0.0378258591907,0.9327,0.7333
AB_p_atk,221,0.855932517602,0.430559589482,0.0240216838998,0.7646734385,0.967,0.9
AB_p_atk,222,0.956693844834,0.249436571127,0.400618899192,0.518936445556,0.9746,0.9556
AB_p_atk,223,0.328033709871,0.808459665228,0.675885854583,0.493762886413,0.9629,0.8556
AB_p_atk,224,0.812152472033,0.413913084293,0.749864712883,0.267798803512,0.9477,0.8333
AB_p_atk,225,0.987497884499,0.952634329498,0.707880246291,0.803708629942,0.9365,0.7556
AB_p_atk,226,0.121022156789,0.944071664304,0.337673177877,0.75466039973,0.9675,0.85
AB_p_atk,227,0.441198840147,0.306113122272,0.225388468956,0.221154039398,0.9807,0.9389
AB_p_atk,228,0.800107103149,0.615686690543,0.607476232022,0.462229642355,0.9515,0.8278
AB_p_atk,229,0.157474339961,0.487214953274,0.68881018872,0.970215323015,0.9655,0.8833
AB_p_atk,230,0.796148711916,0.295358331072,0.408916176934,0.174463095647,0.9713,0.9389
AB_p_atk,231,0.0522050065195,0.493482517997,0.735697738962,0.117778418367,0.9702,0.8667
AB_p_atk,232,0.295376364307,0.340196392402,0.845443493175,0.127972440662,0.9658,0.9
AB_p_atk,233,0.816161056443,0.834501457138,0.762621800949,0.438233637108,0.9316,0.7389
AB_p_atk,234,0.268445084931,0.216096966883,0.703435715793,0.856183953441,0.9711,0.9222
AB_p_atk,235,0.739615134024,0.797999137529,0.174723236525,0.656620541983,0.9544,0.8389
AB_p_atk,236,0.3788958271,0.13457038703,0.257152952947,0.740879653907,0.9842,0.9611
AB_p_atk,237,0.133910914537,0.567142871683,0.360597116379,0.00339324870794,0.9734,0.9111
AB_p_atk,238,0.778908191361,0.415271319708,0.360027782762,0.090718979139,0.9664,0.9
AB_p_atk,239,0.996176484544,0.688766078208,0.0103194944885,0.943354061201,0.9564,0.8333
AB_p_atk,240,0.87838772457,0.0999532888946,0.811444451899,0.905908169601,0.9509,0.8722
AB_p_atk,241,0.759476344661,0.720245784957,0.844272061167,0.0468642646845,0.9298,0.7444
AB_p_atk,242,0.729888883097,0.0145116681248,0.288133362773,0.546616991669,0.9749,0.9722
AB_p_atk,243,0.557330863789,0.636225214953,0.298266998057,0.510920038427,0.9684,0.8778
AB_p_atk,244,0.908806361572,0.755688654466,0.869870520609,0.46670439316,0.9269,0.7278
AB_p_atk,245,0.139104953887,0.77238864865,0.749755759022,0.0248920673344,0.9579,0.8389
AB_p_atk,246,0.835025581658,0.0893101723064,0.409810051673,0.861595985857,0.9757,0.9667
AB_p_atk,247,0.748647780013,0.418459822329,0.313632236989,0.495513967713,0.9655,0.9
AB_p_atk,248,0.857569861603,0.648289869695,0.683267263853,0.645755055326,0.9471,0.8111
AB_p_atk,249,0.682137828607,0.139703844881,0.161416238108,0.237902669989,0.9845,0.9722
AB_p_atk,250,0.297315936146,0.280565832169,0.857641220925,0.70530650696,0.9643,0.8944
AB_p_atk,251,0.761131451505,0.223643235647,0.771844065654,0.165325535342,0.9541,0.8833
AB_p_atk,252,0.20261879311,0.855946018963,0.0934395800237,0.602328449809,0.9702,0.8833
AB_p_atk,253,0.676468647858,0.791033963821,0.267856151086,0.942949193476,0.962,0.8333
AB_p_atk,254,0.132854945095,0.111105418968,0.351293069584,0.791270365395,0.9836,0.9722
AB_p_atk,255,0.584018564077,0.525653638555,0.0894317378596,0.41816426683,0.9702,0.8833
AB_p_atk,256,0.715658430502,0.539973469738,0.550991899447,0.420262736491,0.943,0.8111
AB_p_atk,257,0.358105335959,0.982951057605,0.851850722312,0.935250776479,0.9442,0.7667
AB_p_atk,258,0.462101210275,0.782512121189,0.694675914193,0.109292171615,0.9608,0.8444
AB_p_atk,259,0.404135672035,0.10516358496,0.848282193453,0.859364090629,0.9681,0.9
AB_p_atk,260,0.636773640523,0.431444930827,0.749787130595,0.606184722491,0.9509,0.8222
AB_p_atk,261,0.358186319272,0.756567562298,0.843446431484,0.297810055289,0.9535,0.8222
AB_p_atk,262,0.523646067665,0.952857168491,0.430655866447,0.525883546059,0.9585,0.8278
AB_p_atk,263,0.739401123374,0.221012726546,0.770031629837,0.384580765803,0.9485,0.8611
AB_p_atk,264,0.0892127416087,0.856090117159,0.991751600129,0.440333910188,0.9474,0.7778
AB_p_atk,265,0.415885965409,0.662153838914,0.364612545661,0.71856136997,0.9763,0.9111
AB_p_atk,266,0.489042381556,0.529616869278,0.0120362790688,0.453048426042,0.9778,0.9389
AB_p_atk,267,0.917329654757,0.95513836094,0.223601512255,0.587406292642,0.952,0.8056
AB_p_atk,268,0.770752679281,0.700727056213,0.214107445506,0.73920867029,0.9564,0.8333
AB_p_atk,269,0.164504283066,0.99267786617,0.445412874689,0.611731587469,0.9626,0.85
AB_p_atk,270,0.615634389076,0.610339401671,0.153999614169,0.496967956279,0.9681,0.8722
AB_p_atk,271,0.309856071665,0.885053602199,0.111927459021,0.164324771623,0.9687,0.8722
AB_p_atk,272,0.79835904812,0.675875739852,0.294808103073,0.342756666855,0.9558,0.8333
AB_p_atk,273,0.927399632626,0.769676295014,0.752087217458,0.598611871352,0.9348,0.7556
AB_p_atk,274,0.182714000963,0.226569544074,0.380149010838,0.673434525676,0.9804,0.9556
AB_p_atk,275,0.209130808232,0.52117214329,0.800384884419,0.636527107024,0.9626,0.8722
AB_p_atk,276,0.17504201281,0.459566842091,0.182878562722,0.467598405992,0.9789,0.9389
AB_p_atk,277,0.330072097346,0.371023048542,0.794221096442,0.544397439971,0.9684,0.9056
AB_p_atk,278,0.945073605822,0.599208317779,0.173168386521,0.111666794799,0.9635,0.8778
AB_p_atk,279,0.625451928282,0.939765881337,0.887071345266,0.122911380879,0.9357,0.7444
AB_p_atk,280,0.564390016839,0.0865958644454,0.51195980201,0.722111535085,0.9804,0.9611
AB_p_atk,281,0.596422927874,0.432707340545,0.396585716144,0.810577191577,0.9664,0.8778
AB_p_atk,282,0.272290824481,0.749138264448,0.0308752625791,0.00473847435027,0.9725,0.8944
AB_p_atk,283,0.434023105053,0.708461081504,0.764373406697,0.706342939393,0.9623,0.8556
AB_p_atk,284,0.84182800997,0.403905060557,0.57636105961,0.905613536428,0.9614,0.8833
AB_p_atk,285,0.840632871188,0.477467081619,0.627449372731,0.787649556493,0.9544,0.85
AB_p_atk,286,0.547004441351,0.757843453859,0.298870119588,0.32396339457,0.9649,0.8556
AB_p_atk,287,0.951912989562,0.864469851056,0.329020967995,0.653877058291,0.9515,0.8056
AB_p_atk,288,0.834824299808,0.308482143849,0.654796419254,0.271513768643,0.9623,0.9
AB_p_atk,289,0.408743985631,0.566968520842,0.187361089746,0.972059864529,0.9792,0.9222
AB_p_atk,290,0.185326176577,0.465344297163,0.851385152588,0.449593752777,0.9582,0.8556
AB_p_atk,291,0.202997965314,0.445943406684,0.827493229819,0.879708778585,0.9632,0.8833
AB_p_atk,292,0.479007169742,0.711025749077,0.886850814477,0.500495354309,0.9608,0.8556
AB_p_atk,293,0.928089059922,0.208735786746,0.0452736984424,0.213518475029,0.9792,0.9778
AB_p_atk,294,0.765687134811,0.904338995889,0.124870131906,0.892785266696,0.952,0.8056
AB_p_atk,295,0.702426641259,0.405592301065,0.196888475801,0.0340503223349,0.9713,0.9111
AB_p_atk,296,0.977366841599,0.476754308436,0.679105876246,0.0904269604129,0.9523,0.8444
AB_p_atk,297,0.154678343441,0.0965189496865,0.08070404687,0.633591981254,0.9851,0.9778
AB_p_atk,298,0.082942957017,0.895872685969,0.0113845118292,0.928838859391,0.9795,0.8889
AB_p_atk,299,0.150191800191,0.689140230568,0.0551340667553,0.593235194995,0.9743,0.9056
AB_p_atk,300,0.489746389805,0.451175416313,0.161611379014,0.701302887953,0.9757,0.9333
AB_p_atk,301,0.201472233136,0.402567937443,0.520795293552,0.239009942394,0.9734,0.9222
AB_p_atk,302,0.58572921608,0.25566357766,0.0283395611918,0.303897566682,0.9825,0.9611
AB_p_atk,303,0.813896542399,0.0502731689261,0.490979453382,0.0567941218465,0.9775,0.9778
AB_p_atk,304,0.753647998514,0.735127398278,0.841322732103,0.511290875416,0.9298,0.7444
AB_p_atk,305,0.0311919965616,0.554687395682,0.771440992817,0.961275938552,0.9711,0.8667
AB_p_atk,306,0.682593898719,0.441799531317,0.885622247685,0.364803655606,0.9459,0.8056
AB_p_atk,307,0.239868659996,0.307839832187,0.868461164866,0.434672607814,0.9643,0.8944
AB_p_atk,308,0.392754267458,0.203634843855,0.463569768639,0.782992917453,0.9787,0.9333
AB_p_atk,309,0.985118876498,0.659139965213,0.0667052576924,0.0790764016702,0.9591,0.85
AB_p_atk,310,0.649231574236,0.781508604199,0.574742093563,0.616226896746,0.9544,0.8111
AB_p_atk,311,0.136290074903,0.0121778704825,0.849605599024,0.928264999282,0.967,0.9111
AB_p_atk,312,0.0440584262276,0.248303981396,0.0905388137961,0.351148978302,0.9901,0.9556
AB_p_atk,313,0.542215302928,0.311216642146,0.624783399597,0.824302501177,0.9684,0.9
AB_p_atk,314,0.0121827507594,0.224813734038,0.344866398826,0.73060717095,0.988,0.95
AB_p_atk,315,0.555584410297,0.0830091469588,0.947864274713,0.19240987272,0.9629,0.8944
AB_p_atk,316,0.614214215059,0.23093838942,0.969841027759,0.938335382957,0.9494,0.8389
AB_p_atk,317,0.210064063134,0.939051170921,0.894052092481,0.0473475199152,0.9503,0.8056
AB_p_atk,318,0.373275544269,0.0308094211399,0.702785689,0.217777111904,0.9743,0.9278
AB_p_atk,319,0.461267427269,0.448972337083,0.917212630044,0.91661700446,0.9602,0.8556
AB_p_atk,320,0.381480860861,0.824150668578,0.562645135431,0.764047670117,0.9608,0.8389
AB_p_atk,321,0.381564938213,0.82985424182,0.345307136403,0.472658682534,0.9711,0.8778
AB_p_atk,322,0.371545227937,0.393792529454,0.846092212099,0.905594858671,0.962,0.8611
AB_p_atk,323,0.18847726896,0.899251174091,0.514401658168,0.155502676026,0.9629,0.8556
AB_p_atk,324,0.309835185251,0.938498455527,0.992740774622,0.830772813756,0.9477,0.7944
AB_p_atk,325,0.0435853512956,0.1807409267,0.86797103317,0.965973267287,0.9766,0.9111
AB_p_atk,326,0.301615480642,0.16884298342,0.923319495343,0.0566604707659,0.9608,0.8778
AB_p_atk,327,0.537072552653,0.904809511923,0.101030132865,0.291204881376,0.9675,0.8611
AB_p_atk,328,0.54188372266,0.601922425909,0.139818752127,0.276642928159,0.9737,0.9
AB_p_atk,329,0.887965741473,0.00143289203279,0.153353715126,0.26060456714,0.9819,0.9944
AB_p_atk,330,0.114016937401,0.422924298204,0.0716970325867,0.0594010134456,0.9857,0.9389
AB_p_atk,331,0.681685195836,0.743984390867,0.752026665249,0.76513034543,0.9439,0.7778
AB_p_atk,332,0.218166447117,0.850572331713,0.770462138372,0.432071466803,0.9579,0.8389
AB_p_atk,333,0.828698101263,0.117576047892,0.20944937182,0.255748002799,0.9801,0.9833
AB_p_atk,334,0.344023986281,0.543733727515,0.120042793185,0.883508861703,0.9781,0.9333
AB_p_atk,335,0.0884918642759,0.277509032396,0.812573783977,0.0512298794912,0.9629,0.8611
AB_p_atk,336,0.481264022892,0.420008528918,0.197110998963,0.450850614221,0.9781,0.9278
AB_p_atk,337,0.375584248329,0.339496546831,0.570305501154,0.982479926458,0.9687,0.8889
AB_p_atk,338,0.804099592762,0.845636743678,0.801877510508,0.495365827928,0.9295,0.7333
AB_p_atk,339,0.566895196617,0.796065858787,0.0709310503928,0.840060235326,0.9708,0.8778
AB_p_atk,340,0.402191787035,0.414367465401,0.40915878873,0.274851826349,0.9781,0.9222
AB_p_atk,341,0.125938651085,0.377871102598,0.515958658546,0.631800949781,0.9716,0.9222
AB_p_atk,342,0.184895325522,0.929275776139,0.619677673447,0.888825581479,0.9629,0.8556
AB_p_atk,343,0.474224182146,0.332709750005,0.211007233851,0.413165424851,0.9789,0.9333
AB_p_atk,344,0.794265704663,0.599059765612,0.337699904197,0.488171493886,0.962,0.8722
AB_p_atk,345,0.0658324354078,0.503356937825,0.236243044128,0.810422125099,0.9789,0.9111
AB_p_atk,346,0.811471485442,0.175149425202,0.44380090173,0.562031822904,0.9749,0.9611
AB_p_atk,347,0.742537525308,0.0590090760978,0.962138814551,0.491468551235,0.9485,0.8722
AB_p_atk,348,0.307891277547,0.905624678289,0.414419699528,0.789136073845,0.9632,0.8556
AB_p_atk,349,0.364135292097,0.636261669103,0.356314719874,0.310570860954,0.9737,0.9056
AB_p_atk,350,0.330975855936,0.324405596601,0.163996897002,0.642999975188,0.9816,0.9556
AB_p_atk,351,0.612774917557,0.275801391636,0.568534728842,0.718355942894,0.9719,0.9222
AB_p_atk,352,0.241691350549,0.112288513915,0.177441394255,0.928744107642,0.9851,0.9778
AB_p_atk,353,0.961156005559,0.209725436203,0.0849934007134,0.0341494385417,0.9792,0.9778
AB_p_atk,354,0.378904416469,0.444757120511,0.136878318609,0.155330292707,0.9839,0.9444
AB_p_atk,355,0.831447116461,0.837226154766,0.94799660817,0.973347900546,0.9251,0.7167
AB_p_atk,356,0.358650425902,0.738027716854,0.0298893011862,0.32662691646,0.9784,0.9167
AB_p_atk,357,0.989532286761,0.715254976304,0.814919577328,0.383696539243,0.9307,0.7444
AB_p_atk,358,0.459384670544,0.404723382186,0.835169880383,0.446562136463,0.9602,0.8556
AB_p_atk,359,0.116826272853,0.377654472466,0.132940465893,0.365714251879,0.9836,0.9333
AB_p_atk,360,0.544519405549,0.00431107768727,0.527203772293,0.943070613278,0.9804,0.9611
AB_p_atk,361,0.180800423767,0.573669982179,0.875654143329,0.133040669233,0.9573,0.85
AB_p_atk,362,0.313951495939,0.0127365721453,0.865524172291,0.342516713395,0.9658,0.9111
AB_p_atk,363,0.392483552285,0.689199302121,0.390213305577,0.399874872204,0.9763,0.9111
AB_p_atk,364,0.478808038779,0.405489927153,0.0359769187394,0.314292792505,0.9839,0.95
AB_p_atk,365,0.368286195251,0.905552229253,0.198772271539,0.790419725486,0.969,0.8611
AB_p_atk,366,0.453749693882,0.926494300227,0.00526364110927,0.107038929899,0.9722,0.8722
AB_p_atk,367,0.275347378429,0.318279514393,0.204161119677,0.987730466157,0.9833,0.9667
AB_p_atk,368,0.409717639753,0.851546459117,0.00302525545896,0.812055378284,0.9766,0.8944
AB_p_atk,369,0.473353714641,0.463728347521,0.364506694361,0.130664090718,0.9743,0.9111
AB_p_atk,370,0.593416961108,0.849984769993,0.978644568169,0.291642452108,0.9327,0.7389
AB_p_atk,371,0.360335043525,0.0879022484038,0.0953525926878,0.715706469663,0.9889,0.9833
AB_p_atk,372,0.745306667593,0.0905439705046,0.748019747177,0.787690074299,0.9596,0.9111
AB_p_atk,373,0.723422413456,0.652864116651,0.924235652525,0.370829736396,0.9333,0.7722
AB_p_atk,374,0.225379440123,0.418288126329,0.262518666578,0.224263107945,0.9801,0.95
AB_p_atk,375,0.41027671805,0.272826896065,0.0593539522158,0.666099222441,0.9857,0.9556
AB_p_atk,376,0.958915588118,0.639449297091,0.480965049182,0.0639906051849,0.9573,0.85
AB_p_atk,377,0.599462127149,0.878793437388,0.348032016294,0.939406370981,0.9567,0.8111
AB_p_atk,378,0.0388891476725,0.157327971204,0.0490510639945,0.845011332192,0.9927,0.9722
AB_p_atk,379,0.667284617303,0.242885130354,0.255072835294,0.299798602905,0.9813,0.9556
AB_p_atk,380,0.928654509431,0.694214211277,0.675379661281,0.774170421941,0.9436,0.7889
AB_p_atk,381,0.157901218647,0.18462614601,0.389265946121,0.138102740188,0.9822,0.9667
AB_p_atk,382,0.0894452429491,0.931667940127,0.0462635871978,0.42097816238,0.9775,0.8833
AB_p_atk,383,0.0370189357796,0.129906604847,0.664791684448,0.509988840251,0.981,0.9278
AB_p_atk,384,0.771555336994,0.425728399929,0.0299133018907,0.00724203206416,0.967,0.9
AB_p_atk,385,0.305803406822,0.1554732555,0.751956460423,0.582279039048,0.969,0.9111
AB_p_atk,386,0.185254649996,0.805026295763,0.212037253701,0.0316920883351,0.9711,0.8889
AB_p_atk,387,0.386369813078,0.137565313359,0.716508100215,0.597665744081,0.9711,0.9111
AB_p_atk,388,0.706710817227,0.139696336585,0.031185947289,0.0567853044826,0.9839,0.9833
AB_p_atk,389,0.553588458836,0.67130680116,0.290245775898,0.528494582628,0.9667,0.8667
AB_p_atk,390,0.417643512802,0.0785186697151,0.727814983994,0.619775467385,0.9728,0.9222
AB_p_atk,391,0.712026549103,0.263535166722,0.719403323251,0.97721498658,0.9515,0.8556
AB_p_atk,392,0.575571201872,0.758172234943,0.637993432679,0.0106415114428,0.95,0.8
AB_p_atk,393,0.0479268835844,0.402838389618,0.811068722131,0.734750030885,0.9713,0.8778
AB_p_atk,394,0.144305355645,0.780603418217,0.53102828042,0.795065805671,0.9637,0.8611
AB_p_atk,395,0.623754031793,0.381638404633,0.186974863103,0.248099242867,0.9743,0.9111
AB_p_atk,396,0.84081297064,0.0684540301893,0.0453457717329,0.608148660179,0.981,0.9889
AB_p_atk,397,0.760517678113,0.433769570323,0.368777489028,0.101369986405,0.9632,0.8889
AB_p_atk,398,0.560276703703,0.132072266772,0.200524638422,0.984369773213,0.986,0.9778
AB_p_atk,399,0.619917018695,0.396936051062,0.672871808041,0.5700418039,0.9556,0.8444
AB_p_atk,400,0.133309276934,0.381000678516,0.677960628885,0.75145178864,0.9699,0.9111
AB_p_atk,401,0.623361893438,0.701424500022,0.571630547927,0.00133714451413,0.9556,0.8222
AB_p_atk,402,0.636975434079,0.715635246193,0.355500941808,0.0397481252043,0.9623,0.8389
AB_p_atk,403,0.95114461322,0.364420170508,0.121812128968,0.15801883931,0.9705,0.9222
AB_p_atk,404,0.362494149504,0.244136649139,0.737297720153,0.371712321977,0.964,0.8778
AB_p_atk,405,0.196881884879,0.722279414274,0.779387285663,0.0693824360221,0.9588,0.8444
AB_p_atk,406,0.951242306957,0.407438355194,0.0463893245518,0.563759175057,0.9678,0.9056
AB_p_atk,407,0.698019032671,0.184661891436,0.466691901739,0.614939275681,0.9757,0.9389
AB_p_atk,408,0.180381071395,0.299703444358,0.572030219826,0.0629832752693,0.9751,0.9333
AB_p_atk,409,0.812395032297,0.992623415155,0.890324915641,0.651778566887,0.9243,0.7111
AB_p_atk,410,0.458421466821,0.557935944303,0.120381480897,0.990455642925,0.9789,0.9222
AB_p_atk,411,0.8029439864,0.281354433934,0.660295911254,0.599119338644,0.9635,0.9111
AB_p_atk,412,0.677800710327,0.277046465394,0.259008756533,0.297255201385,0.9804,0.95
AB_p_atk,413,0.0433221771205,0.460533576384,0.20779999828,0.788696145632,0.9789,0.9
AB_p_atk,414,0.215712294243,0.509598231767,0.0288244186828,0.043298841031,0.9778,0.9278
AB_p_atk,415,0.192630665971,0.22606342884,0.134967050083,0.753659373284,0.9833,0.9667
AB_p_atk,416,0.496234007741,0.128461427833,0.89783860107,0.826428635004,0.9681,0.9222
AB_p_atk,417,0.70743159069,0.991633852122,0.920713105575,0.547934262396,0.9327,0.7444
AB_p_atk,418,0.406534768368,0.610236482361,0.25544278081,0.721097926001,0.9763,0.9111
AB_p_atk,419,0.980203170388,0.655159126586,0.621635820724,0.0301535303634,0.9497,0.8167
AB_p_atk,420,0.451390566722,0.981193935877,0.472714795535,0.72778168509,0.9652,0.8556
AB_p_atk,421,0.942686345777,0.537440219488,0.916628023978,0.601979519681,0.9357,0.7833
AB_p_atk,422,0.0578210495157,0.373948427216,0.5414030553,0.868295636061,0.9778,0.9
AB_p_atk,423,0.034609877125,0.334281338749,0.482938766711,0.464804146,0.9801,0.9111
AB_p_atk,424,0.52790834502,0.392244280653,0.949610836939,0.604775845943,0.9558,0.8556
AB_p_atk,425,0.553446656591,0.0599647841916,0.0543706698459,0.674474486849,0.9892,0.9944
AB_p_atk,426,0.897946545187,0.888990913016,0.461142991681,0.759487777375,0.9485,0.7944
AB_p_atk,427,0.504308800823,0.641481957695,0.109153928347,0.785524274701,0.9751,0.9278
AB_p_atk,428,0.889895242049,0.0506999362321,0.046843797441,0.142236453109,0.9819,0.9944
AB_p_atk,429,0.592349361846,0.154856151342,0.766336662066,0.195592459026,0.9564,0.8667
AB_p_atk,430,0.982937281038,0.092154332985,0.535342763728,0.952498799959,0.9728,0.9556
AB_p_atk,431,0.518080388398,0.487229640711,0.589554245681,0.77854044478,0.9635,0.8667
AB_p_atk,432,0.724953327173,0.866547597896,0.267545117111,0.904701252115,0.9529,0.8333
AB_p_atk,433,0.289605736825,0.526375901965,0.251655384282,0.624046325814,0.9757,0.9222
AB_p_atk,434,0.929758331532,0.958193561649,0.924292188364,0.156319680764,0.9243,0.7111
AB_p_atk,435,0.409487781947,0.171102665521,0.346204123725,0.00748285578565,0.9825,0.95
AB_p_atk,436,0.621133392655,0.216668655829,0.101025806807,0.256575628199,0.983,0.9667
AB_p_atk,437,0.447758744829,0.765639536197,0.563947617335,0.0318681880679,0.9649,0.8611
AB_p_atk,438,0.918737689691,0.944724324911,0.932216781441,0.152223771289,0.9243,0.7111
AB_p_atk,439,0.749380833252,0.85625893538,0.151327301628,0.807092734196,0.9512,0.8056
AB_p_atk,440,0.282381027111,0.385461299921,0.445517247735,0.29047752386,0.9751,0.9333
AB_p_atk,441,0.886710395391,0.950717269873,0.186667927954,0.507619668406,0.952,0.8056
AB_p_atk,442,0.0660218700688,0.0706210819721,0.685209863411,0.609219273108,0.9719,0.9
AB_p_atk,443,0.620370513913,0.325991301676,0.232929057038,0.676641256126,0.9787,0.9389
AB_p_atk,444,0.479005476327,0.368890858581,0.422855482649,0.507302816912,0.976,0.9222
AB_p_atk,445,0.221524024026,0.293575701551,0.432420883092,0.18828482591,0.9775,0.9444
AB_p_atk,446,0.362485865392,0.979922066717,0.368530293044,0.71095644697,0.9632,0.8389
AB_p_atk,447,0.662443697559,0.221873031232,0.23333188594,0.593777080815,0.9836,0.9667
AB_p_atk,448,0.805657471976,0.599943729466,0.910306700765,0.898527602894,0.9348,0.7778
AB_p_atk,449,0.44646898247,0.0925439036235,0.450839649784,0.676503129786,0.9801,0.95
AB_p_atk,450,0.942794762152,0.294741140664,0.352726300338,0.685452881598,0.9743,0.95
AB_p_atk,451,0.569336919433,0.273688547556,0.395428278939,0.589565005517,0.9775,0.9389
AB_p_atk,452,0.976350641058,0.0916697110723,0.153118180399,0.151566589011,0.9801,0.9833
AB_p_atk,453,0.9595843115,0.978797468167,0.511436173449,0.972296875523,0.9456,0.7833
AB_p_atk,454,0.750554692534,0.909004097,0.840139903685,0.0162590273509,0.9263,0.7222
AB_p_atk,455,0.218225499583,0.512021418594,0.667342755071,0.935245014251,0.9655,0.8833
AB_p_atk,456,0.960158647462,0.429932557064,0.760188152793,0.335433583545,0.9439,0.8167
AB_p_atk,457,0.870221262527,0.265456418423,0.594068806404,0.965346773133,0.9678,0.9278
AB_p_atk,458,0.276240484125,0.148716057242,0.718834191889,0.712172750198,0.9719,0.9278
AB_p_atk,459,0.838835928037,0.294338888447,0.509298009197,0.333890585122,0.9684,0.9278
AB_p_atk,460,0.956631696501,0.830233285986,0.410882938636,0.946065316402,0.9494,0.8
AB_p_atk,461,0.278855176935,0.520953744041,0.77237007139,0.404121456282,0.964,0.8778
AB_p_atk,462,0.961939436871,0.0645822975001,0.341355809264,0.130644558029,0.9795,0.9833
AB_p_atk,463,0.618709497964,0.0801110550362,0.185554759463,0.0815617599777,0.9857,0.9833
AB_p_atk,464,0.828681225518,0.940049833937,0.0949230029325,0.590339438364,0.952,0.8056
AB_p_atk,465,0.282910788748,0.846283703561,0.690574852933,0.276233249124,0.9594,0.8444
AB_p_atk,466,0.340035033849,0.123905427329,0.553216293541,0.779834921201,0.9778,0.95
AB_p_atk,467,0.298112327066,0.289423012961,0.524827890706,0.467072126715,0.9746,0.9333
AB_p_atk,468,0.996068385622,0.754224115796,0.379063988189,0.107959918906,0.9526,0.8167
AB_p_atk,469,0.497813837021,0.295474813024,0.599818953724,0.212630413553,0.9687,0.9111
AB_p_atk,470,0.398723827142,0.630719839088,0.179138020703,0.600226352333,0.9792,0.9222
AB_p_atk,471,0.51801428281,0.702409051992,0.94189158888,0.0528594680028,0.9471,0.8
AB_p_atk,472,0.011629170906,0.0259262190115,0.0967596748516,0.309441872964,0.9965,0.9889
AB_p_atk,473,0.981633992645,0.340174139101,0.326232448529,0.268348189899,0.9708,0.9278
AB_p_atk,474,0.140268323921,0.993226012205,0.0848783022917,0.583872021053,0.9684,0.8722
AB_p_atk,475,0.484535053248,0.847219665717,0.612872003422,0.944866033933,0.9623,0.85
AB_p_atk,476,0.211416206039,0.681689358064,0.431938978844,0.930697931223,0.9693,0.8889
AB_p_atk,477,0.446185166032,0.889520752722,0.416699631898,0.500451651974,0.969,0.8722
AB_p_atk,478,0.42200737312,0.571859511056,0.185688094601,0.696417459856,0.9792,0.9222
AB_p_atk,479,0.785697060979,0.71122370695,0.314910853403,0.189609030691,0.955,0.8278
AB_p_atk,480,0.458140133288,0.0389422276405,0.526940368238,0.00705162094274,0.9749,0.9333
AB_p_atk,481,0.634035894515,0.189450253873,0.930174542099,0.474647456409,0.9532,0.8556
AB_p_atk,482,0.119748461068,0.636172609872,0.45536407177,0.360581084338,0.9705,0.8722
AB_p_atk,483,0.914890446597,0.430295927799,0.504533200428,0.842110162059,0.9626,0.8833
AB_p_atk,484,0.437777601138,0.520493277078,0.676443824937,0.0148221008138,0.967,0.8778
AB_p_atk,485,0.418827581331,0.5767032841,0.290071415645,0.830081813974,0.9763,0.9111
AB_p_atk,486,0.44186058487,0.448538483689,0.117561918938,0.669920721516,0.981,0.9333
AB_p_atk,487,0.534548100907,0.977286801173,0.189556925063,0.636028930965,0.9667,0.8556
AB_p_atk,488,0.50503754155,0.488960959958,0.188238348756,0.98913133422,0.976,0.9333
AB_p_atk,489,0.423131946273,0.0820215211279,0.410954664917,0.648828126292,0.986,0.9722
AB_p_atk,490,0.705586562503,0.583658330434,0.43836146549,0.911753746931,0.9582,0.85
AB_p_atk,491,0.992490011913,0.216878752924,0.383424697192,0.114955326033,0.9754,0.9611
AB_p_atk,492,0.398095919321,0.950227627675,0.988306244153,0.595669023048,0.9491,0.7833
AB_p_atk,493,0.0410822306195,0.145830589513,0.9352236312,0.0246332778166,0.9751,0.9056
AB_p_atk,494,0.700203275567,0.678985165509,0.650333888415,0.882364362236,0.9444,0.7889
AB_p_atk,495,0.205474452571,0.135463246396,0.891377562985,0.10220408554,0.9661,0.9056
AB_p_atk,496,0.228752790756,0.305543552574,0.0107507814873,0.957123077274,0.9854,0.9722
AB_p_atk,497,0.486856266664,0.687555364332,0.679833600673,0.163408064887,0.9652,0.8889
AB_p_atk,498,0.768454438455,0.141745608482,0.681367937727,0.91802627175,0.9655,0.9278
AB_p_atk,499,0.26463205202,0.204482688364,0.182052074285,0.165407042393,0.9851,0.9778
AB_p_atk,500,0.0209849593614,0.165260968807,0.396251829557,0.426964078676,0.988,0.95
AB_p_atk,501,0.765965410055,0.152674347861,0.0795934981343,0.930534689104,0.9801,0.9833
AB_p_atk,502,0.350043416943,0.153891909427,0.000111917582876,0.851482873445,0.9883,0.9778
AB_p_atk,503,0.349533542338,0.570051356298,0.489704577284,0.462641942499,0.9699,0.8944
AB_p_atk,504,0.939652926094,0.224669722035,0.506208971351,0.266743154409,0.9725,0.95
AB_p_atk,505,0.31522428778,0.30838234998,0.397656727385,0.10729149553,0.9737,0.9278
AB_p_atk,506,0.27762140353,0.433927734934,0.786515609131,0.220861927594,0.9684,0.9056
AB_p_atk,507,0.887245051943,0.270789995371,0.138991817964,0.199660464624,0.9766,0.9611
AB_p_atk,508,0.125389216407,0.720362468725,0.975121451879,0.606174963615,0.9462,0.8056
AB_p_atk,509,0.227330383041,0.243410617142,0.688093159632,0.425461222546,0.9725,0.9278
AB_p_atk,510,0.827001390184,0.697167785136,0.291580756628,0.450875657446,0.955,0.8278
AB_p_atk,511,0.315434885749,0.631616883433,0.670116443304,0.249119171178,0.9678,0.8944
AB_p_atk,512,0.0157736978035,0.211297894936,0.857843838835,0.324512186206,0.9719,0.8889
AB_p_atk,513,0.739964769762,0.580517548204,0.73697637838,0.135348484241,0.9371,0.7889
AB_p_atk,514,0.0270164681941,0.294589538782,0.879215048234,0.692260878305,0.9719,0.8889
AB_p_atk,515,0.679158178912,0.467148057033,0.961835739774,0.901161526559,0.9421,0.7889
AB_p_atk,516,0.858186463569,0.323820496915,0.682561074915,0.0964168242605,0.9594,0.8889
AB_p_atk,517,0.428006735155,0.0497113415333,0.781812291657,0.101060273026,0.9728,0.9222
AB_p_atk,518,0.565415083841,0.614711435259,0.607901108463,0.960396088945,0.9637,0.8667
AB_p_atk,519,0.0872573683693,0.898208570555,0.945592623314,0.350907595707,0.9503,0.7889
AB_p_atk,520,0.929428379497,0.144936426504,0.863865797752,0.151032029055,0.948,0.8611
AB_p_atk,521,0.646930934896,0.39272002686,0.809833321227,0.526890828597,0.952,0.8333
AB_p_atk,522,0.944853540947,0.421561788484,0.876226425521,0.434930720241,0.9383,0.8
AB_p_atk,523,0.289965749451,0.418209774627,0.770185665625,0.877428503131,0.9684,0.9056
AB_p_atk,524,0.897483120802,0.885359879505,0.842853335205,0.0706145245792,0.9257,0.7167
AB_p_atk,525,0.20969156888,0.241531230788,0.582675640231,0.320998328698,0.976,0.9389
AB_p_atk,526,0.605482271213,0.937135198823,0.980973943801,0.767869623005,0.9322,0.7333
AB_p_atk,527,0.533392016755,0.281718745013,0.0051929668751,0.886414032536,0.9845,0.9611
AB_p_atk,528,0.359567376181,0.537673109183,0.426506623918,0.316904337665,0.9737,0.9056
AB_p_atk,529,0.553382594848,0.165505434967,0.885213188477,0.143077526099,0.9602,0.8778
AB_p_atk,530,0.301140413332,0.998799678838,0.578733732978,0.402204935348,0.9623,0.8556
AB_p_atk,531,0.964648812584,0.888288656009,0.68349986189,0.0142166563353,0.9401,0.7667
AB_p_atk,532,0.0329921437703,0.876027786865,0.469554217009,0.00826766082848,0.967,0.8278
AB_p_atk,533,0.572843305823,0.749151335709,0.31568993801,0.989451698002,0.9599,0.8333
AB_p_atk,534,0.494620984131,0.462454854214,0.854091083526,0.828270190097,0.9611,0.8778
AB_p_atk,535,0.0823053327575,0.11449787911,0.559218292914,0.733793685987,0.9749,0.9111
AB_p_atk,536,0.794851030659,0.402602957783,0.925222269753,0.480102410077,0.9392,0.8056
AB_p_atk,537,0.0587184858407,0.234558326695,0.778867915135,0.947747899124,0.9754,0.9
AB_p_atk,538,0.422160377666,0.956288092151,0.297767002662,0.376373455084,0.9658,0.8444
AB_p_atk,539,0.511857978048,0.986047511655,0.897995794353,0.988547278202,0.9444,0.7833
AB_p_atk,540,0.867593114798,0.929339083481,0.860252957498,0.581455904076,0.9243,0.7111
AB_p_atk,541,0.837894970392,0.734495608365,0.739965183653,0.417723200737,0.9371,0.7667
AB_p_atk,542,0.267642192083,0.688495257972,0.666741902582,0.125210206977,0.9611,0.8556
AB_p_atk,543,0.888397556641,0.0823835137212,0.454077565229,0.715670890057,0.9757,0.9667
AB_p_atk,544,0.993610208675,0.666781362345,0.696984249675,0.878014336314,0.9418,0.7889
AB_p_atk,545,0.390631525535,0.736815372004,0.653868352824,0.637598301003,0.9635,0.8556
AB_p_atk,546,0.228166944872,0.122461678245,0.536666414869,0.491241321128,0.9763,0.9444
AB_p_atk,547,0.222028396204,0.845643285713,0.720000482684,0.0749325233553,0.9579,0.8389
AB_p_atk,548,0.574868313303,0.0454376447273,0.0526633236303,0.537472881825,0.9868,0.9889
AB_p_atk,549,0.369787783861,0.249556804258,0.895018311056,0.302620135173,0.9646,0.8778
AB_p_atk,550,0.361042512883,0.4927195677,0.385488247096,0.860166159569,0.9746,0.9111
AB_p_atk,551,0.875463509272,0.0518309261254,0.890761106998,0.847188980778,0.9497,0.8722
AB_p_atk,552,0.951385646222,0.899400903103,0.0992129203953,0.01590746137,0.952,0.8056
AB_p_atk,553,0.89451676,0.0833858525491,0.607114127569,0.228688120555,0.9699,0.9444
AB_p_atk,554,0.802755452583,0.429396892103,0.728694272873,0.231620088198,0.9468,0.8278
AB_p_atk,555,0.161346896252,0.404987897614,0.164219300411,0.0195932805188,0.9807,0.95
AB_p_atk,556,0.939527312856,0.492176979398,0.402014994678,0.327430695855,0.9623,0.8778
AB_p_atk,557,0.161069969677,0.863751974335,0.0999520503268,0.71846715693,0.9702,0.8833
AB_p_atk,558,0.189988369168,0.378103809167,0.814611745608,0.333938493501,0.964,0.8889
AB_p_atk,559,0.870489720343,0.994187166057,0.88105237991,0.689944730008,0.9243,0.7111
AB_p_atk,560,0.202612988444,0.370489679073,0.757092845331,0.670496759201,0.9684,0.9056
AB_p_atk,561,0.30116636947,0.556882318002,0.410191898892,0.740136672077,0.9699,0.8944
AB_p_atk,562,0.2360080585,0.305382978131,0.518118503046,0.686459946803,0.9746,0.9333
AB_p_atk,563,0.317324460067,0.88196063986,0.705008408964,0.953510230629,0.957,0.8333
AB_p_atk,564,0.752266764615,0.876464408778,0.140398838228,0.902736181067,0.9512,0.8056
AB_p_atk,565,0.905929848355,0.894146183427,0.334444589947,0.369861898824,0.9515,0.8056
AB_p_atk,566,0.662436534986,0.753787040788,0.580910162018,0.100201983268,0.9544,0.8111
AB_p_atk,567,0.685744158439,0.98926979843,0.95181263824,0.195679685185,0.9316,0.7222
AB_p_atk,568,0.396788259544,0.322252051586,0.544786576843,0.418771807549,0.9687,0.8889
AB_p_atk,569,0.403930037647,0.763154361064,0.0868244121155,0.0989577027541,0.9787,0.9111
AB_p_atk,570,0.181357548157,0.926680392913,0.405827039878,0.117783716729,0.9673,0.8722
AB_p_atk,571,0.909550611583,0.813231482108,0.826514012815,0.480501812792,0.9281,0.7278
AB_p_atk,572,0.347583051278,0.616193635482,0.637539413779,0.962364301698,0.964,0.8722
AB_p_atk,573,0.847182313624,0.385149474538,0.465608778834,0.343759661322,0.9643,0.8944
AB_p_atk,574,0.717893015255,0.597328598783,0.94776990803,0.43909209402,0.9336,0.7778
AB_p_atk,575,0.544995777138,0.402591635271,0.17469782546,0.2632085267,0.9772,0.9222
AB_p_atk,576,0.430098649347,0.90589486077,0.0223375733241,0.454269622757,0.974,0.8778
AB_p_atk,577,0.922059941974,0.778477449642,0.258473627934,0.115732823571,0.9532,0.8167
AB_p_atk,578,0.120919953956,0.709749523818,0.330785084096,0.527587303894,0.9702,0.8667
AB_p_atk,579,0.343966248019,0.824100118536,0.60067146979,0.945462142457,0.9629,0.8556
AB_p_atk,580,0.773020695802,0.671377077948,0.148167198741,0.823814589313,0.9573,0.8389
AB_p_atk,581,0.902973583613,0.94357133391,0.874753404541,0.39968002306,0.9243,0.7111
AB_p_atk,582,0.779071277077,0.380252746148,0.587152556307,0.105182989732,0.9608,0.8833
AB_p_atk,583,0.00169642536085,0.986001788452,0.919828934208,0.203802069999,0.9556,0.7889
AB_p_atk,584,0.950712721891,0.462354800017,0.462160684919,0.0175253486545,0.9617,0.8778
AB_p_atk,585,0.199935640563,0.0650465990043,0.031415700633,0.560354015061,0.9874,0.9889
AB_p_atk,586,0.930166965991,0.399480245374,0.0459172248221,0.585190660327,0.9687,0.9111
AB_p_atk,587,0.188738921288,0.0310796374865,0.194266927861,0.450373772688,0.986,0.9833
AB_p_atk,588,0.381501953758,0.383163211039,0.431411562425,0.739172796499,0.9789,0.9278
AB_p_atk,589,0.454133124416,0.913932718054,0.349431197679,0.00469596297649,0.9643,0.8444
AB_p_atk,590,0.265851483752,0.865500824942,0.105880167501,0.427461752305,0.9711,0.8889
AB_p_atk,591,0.536232946954,0.654265068262,0.988169863806,0.556208126996,0.9509,0.8222
AB_p_atk,592,0.00404825894828,0.487196040952,0.422350819479,0.756597456289,0.9854,0.9333
AB_p_atk,593,0.545622688669,0.227675453008,0.679951364334,0.695961868906,0.9678,0.9
AB_p_atk,594,0.477012648272,0.585922852374,0.749961303761,0.624558185197,0.967,0.8833
AB_p_atk,595,0.195839417207,0.0630899008021,0.248561764166,0.783119932551,0.9845,0.9778
AB_p_atk,596,0.514701266481,0.557296745725,0.811963684291,0.449050468294,0.9535,0.8333
AB_p_atk,597,0.866699002025,0.0812268298636,0.4433256202,0.0463647523706,0.9757,0.9667
AB_p_atk,598,0.475144340944,0.739359972707,0.790250538114,0.435955174058,0.9629,0.8611
AB_p_atk,599,0.524976933734,0.223911275545,0.920657407822,0.268893203645,0.9558,0.8556
AB_p_atk,600,0.505356797843,0.220350167367,0.580519902943,0.701957954213,0.9716,0.9278
AB_p_atk,601,0.552990982539,0.785549917052,0.136947586479,0.800571194568,0.9693,0.8722
AB_p_atk,602,0.318242274923,0.955500000645,0.23757349359,0.600459139742,0.9605,0.8333
AB_p_atk,603,0.606123207131,0.934912430285,0.306697848945,0.442443456428,0.9567,0.8111
AB_p_atk,604,0.769716421902,0.440457678439,0.753129628567,0.577979893208,0.9453,0.8222
AB_p_atk,605,0.520313820866,0.926839489339,0.317248120783,0.592906800457,0.9614,0.8389
AB_p_atk,606,0.336726708117,0.877840968343,0.565584256724,0.853167122474,0.962,0.85
AB_p_atk,607,0.825126174005,0.495715664921,0.547227053401,0.219064625878,0.9579,0.8611
AB_p_atk,608,0.491221134997,0.982103960006,0.946955956938,0.249671075364,0.9541,0.8333
AB_p_atk,609,0.0841345848573,0.77840219455,0.936193896611,0.830532285696,0.952,0.8
AB_p_atk,610,0.976485090686,0.0075208995412,0.994386985052,0.304580543844,0.9482,0.8667
AB_p_atk,611,0.685632791461,0.59956520816,0.914873454738,0.654351747456,0.9433,0.7889
AB_p_atk,612,0.179264644664,0.240265765676,0.53026739621,0.298150819242,0.976,0.9389
AB_p_atk,613,0.28368689652,0.345796824837,0.903677699103,0.469044235734,0.9643,0.8944
AB_p_atk,614,0.243353998268,0.0106122377505,0.312252685281,0.403544323322,0.983,0.9722
AB_p_atk,615,0.0403453101751,0.549207740422,0.00576735044247,0.44813491823,0.9845,0.9167
AB_p_atk,616,0.617390251872,0.694016188092,0.408495639406,0.442827813787,0.9596,0.8333
AB_p_atk,617,0.561772735963,0.484807854604,0.217253129782,0.0362980254815,0.9746,0.9056
AB_p_atk,618,0.454909804349,0.410296732071,0.683301480321,0.552738285257,0.9652,0.8722
AB_p_atk,619,0.0818766753073,0.960944950658,0.691308519406,0.531971623693,0.9582,0.8167
AB_p_atk,620,0.349217107781,0.493485229921,0.0913894862424,0.892557200172,0.981,0.9389
AB_p_atk,621,0.390424129726,0.873189576749,0.890586113002,0.4314233047,0.9523,0.8
AB_p_atk,622,0.538559968867,0.299652761368,0.571922494966,0.537372334353,0.9722,0.9167
AB_p_atk,623,0.843518723922,0.740227819564,0.12035677642,0.161476164465,0.9564,0.8333
AB_p_atk,624,0.590269715752,0.161926596346,0.139875419253,0.366586207999,0.9827,0.9667
AB_p_atk,625,0.455887291444,0.261047070143,0.855707640465,0.53631035164,0.9643,0.8778
AB_p_atk,626,0.4745425238,0.586804196255,0.83527256362,0.976661480407,0.9626,0.8667
AB_p_atk,627,0.178276503924,0.26627270417,0.0825170308999,0.420347496639,0.9833,0.9667
AB_p_atk,628,0.128418458217,0.536634348711,0.0700861180039,0.0199686372899,0.9772,0.9278
AB_p_atk,629,0.701757457495,0.432232398591,0.498308026577,0.16399253141,0.9582,0.8611
AB_p_atk,630,0.136283236879,0.657976146351,0.994829601175,0.83637640234,0.9482,0.8111
AB_p_atk,631,0.21926827517,0.939161471237,0.61702817901,0.841031788632,0.9614,0.85
AB_p_atk,632,0.510311876759,0.752239533556,0.87289362401,0.814366596709,0.9582,0.8611
AB_p_atk,633,0.593194420357,0.825251794656,0.795360503357,0.242463844337,0.9406,0.7667
AB_p_atk,634,0.691529093935,0.847437274262,0.0500147399051,0.346448742077,0.9632,0.8333
AB_p_atk,635,0.20721349361,0.797611236491,0.0561757134678,0.317994727684,0.9716,0.8889
AB_p_atk,636,0.306282122938,0.010552545723,0.906875319206,0.395939955476,0.9626,0.8889
AB_p_atk,637,0.892929046515,0.417963729137,0.0764499957267,0.734255980833,0.9678,0.9056
AB_p_atk,638,0.997118052621,0.170673827092,0.355459991865,0.253503716936,0.9787,0.9778
AB_p_atk,639,0.309030424914,0.0876044605887,0.113598777311,0.916253901915,0.9836,0.9667
AB_p_atk,640,0.209246240799,0.955634625906,0.27252361454,0.0642788194611,0.967,0.8667
AB_p_atk,641,0.884664675931,0.855405859162,0.244088537304,0.635162287478,0.952,0.8056
AB_p_atk,642,0.931816558178,0.942374171852,0.761128725107,0.251633788623,0.9307,0.7333
AB_p_atk,643,0.0498408448231,0.111105391838,0.417714147948,0.243217428965,0.9854,0.9444
AB_p_atk,644,0.979759337186,0.281502604366,0.658860411191,0.521402450406,0.9635,0.9111
AB_p_atk,645,0.876256405991,0.995579949892,0.974509768693,0.0136685327976,0.9243,0.7111
AB_p_atk,646,0.351348023216,0.24074713336,0.973132365557,0.882131354055,0.9573,0.8556
AB_p_atk,647,0.492680023394,0.501149054461,0.992754133914,0.0960967381996,0.9602,0.8722
AB_p_atk,648,0.499924945457,0.791149721599,0.434930298614,0.0618263943423,0.9664,0.8889
AB_p_atk,649,0.622582108892,0.256359728151,0.360185838652,0.829224011958,0.9778,0.9444
AB_p_atk,650,0.260974903712,0.0742305104745,0.183686014972,0.431331136789,0.986,0.9833
AB_p_atk,651,0.431012584618,0.604985466272,0.143586169267,0.260549620842,0.9807,0.9278
AB_p_atk,652,0.779499717878,0.694589918042,0.168091241967,0.517548540456,0.9564,0.8333
AB_p_atk,653,0.00393917768386,0.515219717315,0.0688873667248,0.565467207676,0.9912,0.9556
AB_p_atk,654,0.590751303834,0.549792884806,0.0190645030873,0.948098275997,0.9722,0.8889
AB_p_atk,655,0.743908693289,0.729506550875,0.160826441983,0.213505802721,0.9576,0.8556
AB_p_atk,656,0.184246221618,0.118242934131,0.646974839012,0.174880129593,0.9763,0.9444
AB_p_atk,657,0.672185725305,0.496465559795,0.797082141367,0.299609804567,0.95,0.8167
AB_p_atk,658,0.408434039862,0.718697560196,0.506507914076,0.934275440586,0.9687,0.8778
AB_p_atk,659,0.0799816545255,0.541283328787,0.748945494842,0.446919599308,0.9637,0.8556
AB_p_atk,660,0.855046665171,0.866413352329,0.500532386124,0.0590738857695,0.9485,0.7944
AB_p_atk,661,0.66591219931,0.731163825541,0.349319900634,0.833783807357,0.9614,0.8333
AB_p_atk,662,0.589946056123,0.286730276209,0.327963362002,0.24261778323,0.9766,0.9389
AB_p_atk,663,0.289589181075,0.267966839573,0.165623767516,0.54467917675,0.9842,0.9722
AB_p_atk,664,0.619028852095,0.715125426833,0.0605864181937,0.666334073548,0.9661,0.8556
AB_p_atk,665,0.0812613973615,0.617833716531,0.556474564246,0.413361653534,0.967,0.8611
AB_p_atk,666,0.333882737819,0.223017136872,0.689016009973,0.870456454236,0.9737,0.9278
AB_p_atk,667,0.512460785524,0.502140334405,0.0363208639843,0.976300512609,0.9734,0.9
AB_p_atk,668,0.620241637956,0.0440926278929,0.647650654092,0.408669620425,0.9705,0.9278
AB_p_atk,669,0.0567355190145,0.761343196261,0.0109166132786,0.17471011628,0.9784,0.8778
AB_p_atk,670,0.0658403504096,0.041931798146,0.346190607921,0.688103180269,0.9816,0.9389
AB_p_atk,671,0.823835324201,0.163527029008,0.323093072609,0.267755358282,0.9787,0.9778
AB_p_atk,672,0.73467734229,0.667657160372,0.12880707399,0.613112880814,0.9591,0.8611
AB_p_atk,673,0.220100958831,0.130264958148,0.869203707395,0.430533156992,0.9661,0.9056
AB_p_atk,674,0.0285484708441,0.727612714714,0.339795099216,0.641567576978,0.9784,0.8889
AB_p_atk,675,0.354737367063,0.744865196357,0.987163560691,0.919318174505,0.9497,0.8111
AB_p_atk,676,0.628834927403,0.159144784051,0.299994089763,0.588926513038,0.9795,0.9556
AB_p_atk,677,0.0848745481141,0.449965756725,0.645063482363,0.940564308265,0.9681,0.8722
AB_p_atk,678,0.270262027097,0.438669373567,0.298955806674,0.208575712462,0.9801,0.95
AB_p_atk,679,0.466177605344,0.0475020136981,0.0119417897713,0.902936126164,0.9918,1
AB_p_atk,680,0.330827242605,0.327424961624,0.7694603268,0.288021502558,0.9699,0.9111
AB_p_atk,681,0.483558306094,0.410735411707,0.516310393616,0.239344323755,0.9693,0.8944
AB_p_atk,682,0.269724377285,0.444819949852,0.177260474544,0.727420597321,0.9816,0.9556
AB_p_atk,683,0.286142244356,0.287770968115,0.384477357493,0.27781511738,0.9789,0.95
AB_p_atk,684,0.881412044513,0.0150089243469,0.0432093229884,0.284535543105,0.9819,0.9944
AB_p_atk,685,0.956187981025,0.0388704953297,0.280353816118,0.519609221321,0.9804,0.9889
AB_p_atk,686,0.5235816852,0.958270015659,0.465777768558,0.922086481851,0.9585,0.8278
AB_p_atk,687,0.21428318875,0.291096608835,0.0806604676243,0.44224434804,0.9825,0.9611
AB_p_atk,688,0.690795110251,0.505227740985,0.481308471502,0.677699506416,0.9617,0.85
AB_p_atk,689,0.822941854273,0.470789378383,0.0390265074579,0.217981635095,0.9661,0.8944
AB_p_atk,690,0.824172107811,0.965990799464,0.406005548537,0.46397404866,0.9485,0.7944
AB_p_atk,691,0.315111442596,0.593521802705,0.127046219928,0.416911342483,0.9751,0.9222
AB_p_atk,692,0.0898196549731,0.294228773788,0.0459272244891,0.364319771289,0.9898,0.9611
AB_p_atk,693,0.728312019064,0.308808159995,0.71628105264,0.621404583853,0.945,0.8389
AB_p_atk,694,0.155559358363,0.931976458843,0.644369995874,0.939925830811,0.9605,0.8444
AB_p_atk,695,0.384051424146,0.99146673707,0.939667420241,0.528522949114,0.9497,0.7833
AB_p_atk,696,0.823040320847,0.726745997856,0.573611903732,0.368841254478,0.9491,0.8056
AB_p_atk,697,0.938412017433,0.781974082479,0.0876533373981,0.744781416464,0.9538,0.8167
AB_p_atk,698,0.261964380927,0.0945264405688,0.456241296713,0.319464307259,0.9778,0.95
AB_p_atk,699,0.220379702529,0.890371240716,0.424340357327,0.0807282418092,0.9652,0.8667
AB_p_atk,700,0.396911284873,0.0680381837179,0.605835107286,0.0972466511996,0.9757,0.9333
AB_p_atk,701,0.280218785299,0.665520924079,0.220736565652,0.193441809184,0.9728,0.9
AB_p_atk,702,0.392605448448,0.387086073047,0.988009635881,0.00911362047603,0.9614,0.8611
AB_p_atk,703,0.478733794757,0.623475337613,0.493944043875,0.617398466005,0.9728,0.9056
AB_p_atk,704,0.627573155403,0.331159161801,0.943285493794,0.777033428411,0.9482,0.8278
AB_p_atk,705,0.310863674783,0.650844106787,0.10979788197,0.936676976512,0.9757,0.9167
AB_p_atk,706,0.108031660363,0.600041880533,0.488461691944,0.637456929162,0.9722,0.8833
AB_p_atk,707,0.171862511441,0.56866526296,0.366002896881,0.185135592516,0.9734,0.9111
AB_p_atk,708,0.698360931657,0.371435611761,0.273274084517,0.651161812087,0.9711,0.9167
AB_p_atk,709,0.119644056441,0.860147231909,0.178729567918,0.416805200028,0.974,0.8722
AB_p_atk,710,0.022417553932,0.0644091782576,0.0252572574636,0.593333587854,0.9956,0.9833
AB_p_atk,711,0.676852960682,0.38200241298,0.318426411851,0.71032913936,0.9719,0.9
AB_p_atk,712,0.748988887465,0.874302527712,0.603305803637,0.313166729995,0.9447,0.7833
AB_p_atk,713,0.619726805263,0.507303738724,0.204023422972,0.948490251766,0.969,0.8778
AB_p_atk,714,0.935160013967,0.546543352869,0.825950266529,0.00825462593781,0.9386,0.7944
AB_p_atk,715,0.215883885933,0.839587742985,0.866355065785,0.802594372314,0.9512,0.8111
AB_p_atk,716,0.953159629271,0.897012092679,0.238531651311,0.0616097713634,0.952,0.8056
AB_p_atk,717,0.828524666402,0.976589983759,0.998377954311,0.388471397531,0.9228,0.7056
AB_p_atk,718,0.643923910863,0.405664055696,0.848966114124,0.208718454376,0.9497,0.8222
AB_p_atk,719,0.78793871542,0.875804974073,0.0243966083377,0.858972095053,0.952,0.8056
AB_p_atk,720,0.932562063855,0.742245941769,0.372044667338,0.334278413137,0.9535,0.8222
AB_p_atk,721,0.944413446996,0.570438190066,0.801998004145,0.982566305079,0.9401,0.8
AB_p_atk,722,0.295530464625,0.187561286702,0.366424777125,0.245498515831,0.9807,0.9611
AB_p_atk,723,0.392383681935,0.223222302276,0.16267180441,0.157111082339,0.9836,0.95
AB_p_atk,724,0.468287947671,0.417699544923,0.689701301722,0.212600038703,0.9693,0.8944
AB_p_atk,725,0.630661332506,0.879355899678,0.746790162202,0.0250575484304,0.9406,0.7611
AB_p_atk,726,0.181659103765,0.400682201082,0.533357177065,0.376066781332,0.9734,0.9222
AB_p_atk,727,0.441965803281,0.342048713529,0.63759260513,0.347449860363,0.9719,0.9056
AB_p_atk,728,0.144166331941,0.296638355532,0.778157150324,0.957263714269,0.9693,0.9111
AB_p_atk,729,0.555973464349,0.981917466361,0.550051403093,0.858960818839,0.9588,0.8278
AB_p_atk,730,0.774795621017,0.691632961943,0.318098801695,0.834589242391,0.955,0.8278
AB_p_atk,731,0.420198654174,0.000211893288041,0.820960856425,0.287143366962,0.9699,0.9111
AB_p_atk,732,0.932385602738,0.89997779692,0.62087591556,0.719135961241,0.9427,0.7722
AB_p_atk,733,0.409545553221,0.504257570123,0.330861537178,0.977695825027,0.9772,0.9167
AB_p_atk,734,0.800701239569,0.827147799235,0.716967745271,0.946792904218,0.9345,0.75
AB_p_atk,735,0.818414668047,0.14553961624,0.555240602576,0.0449566884034,0.9728,0.9556
AB_p_atk,736,0.439675114411,0.0388231327872,0.0976393831918,0.134785943091,0.9918,0.9944
AB_p_atk,737,0.805043046636,0.940887389625,0.818427717539,0.78515701864,0.9272,0.7222
AB_p_atk,738,0.121847186971,0.802662835929,0.871763819965,0.776974504321,0.9526,0.8
AB_p_atk,739,0.69360250765,0.968387931517,0.176274122951,0.285006134347,0.9608,0.8222
AB_p_atk,740,0.176753213662,0.300442683029,0.0538051873133,0.378852785612,0.983,0.9611
AB_p_atk,741,0.443705970247,0.990060747446,0.199716193712,0.0848432240146,0.9711,0.8778
AB_p_atk,742,0.270891685195,0.369019824681,0.948519074949,0.264127400063,0.9605,0.8778
AB_p_atk,743,0.371752961096,0.318489833473,0.181124477485,0.800768411053,0.9819,0.9389
AB_p_atk,744,0.541833115834,0.604396415593,0.652015368949,0.201673302477,0.9623,0.8611
AB_p_atk,745,0.787002565796,0.177840230984,0.321248594985,0.606855991826,0.9778,0.9722
AB_p_atk,746,0.547363841242,0.191264763062,0.00201459415177,0.670140397453,0.9871,0.9778
AB_p_atk,747,0.844876671836,0.410666623086,0.862691471681,0.484649491605,0.9383,0.8
AB_p_atk,748,0.187469545204,0.447309882859,0.864187717237,0.368866419075,0.9617,0.8778
AB_p_atk,749,0.21087135703,0.0422908525694,0.0473727475276,0.255695340687,0.9874,0.9889
AB_p_atk,750,0.995268232603,0.618055205587,0.456962141743,0.533027262041,0.9573,0.85
AB_p_atk,751,0.282704687565,0.855684928389,0.0177178068321,0.576030886478,0.9716,0.8889
AB_p_atk,752,0.140683133923,0.134820634925,0.147529486196,0.130147830138,0.9851,0.9778
AB_p_atk,753,0.320609333191,0.294042206845,0.493358253452,0.0594390193048,0.9743,0.9278
AB_p_atk,754,0.5511025967,0.950049607304,0.132446206688,0.843533951589,0.9667,0.8556
AB_p_atk,755,0.607055768028,0.546223418461,0.172323473619,0.285847793661,0.9681,0.8722
AB_p_atk,756,0.943847169062,0.547678022663,0.781455071712,0.504859743495,0.9421,0.8056
AB_p_atk,757,0.778441260568,0.7085550053,0.155895173436,0.797538921777,0.9564,0.8333
AB_p_atk,758,0.780119270658,0.558223816243,0.769586301056,0.34895681106,0.9421,0.8056
AB_p_atk,759,0.0908866253446,0.618566918979,0.779262889189,0.967066888875,0.9605,0.8389
AB_p_atk,760,0.71665459924,0.623288454793,0.231467320229,0.49120727314,0.9579,0.8611
AB_p_atk,761,0.177815120205,0.351214588477,0.913854610072,0.742070090726,0.962,0.8833
AB_p_atk,762,0.935529772609,0.967659967951,0.563271705067,0.766083735806,0.9456,0.7833
AB_p_atk,763,0.669987172883,0.693548936532,0.163926147288,0.725242376462,0.9661,0.8556
AB_p_atk,764,0.210570484944,0.627444014155,0.981686704782,0.725935939499,0.9529,0.8333
AB_p_atk,765,0.350993291715,0.850458940983,0.80844259291,0.643202787137,0.9474,0.7889
AB_p_atk,766,0.282709112206,0.441087483323,0.0864821499353,0.349575754767,0.9816,0.9556
AB_p_atk,767,0.840663341233,0.195620250828,0.485491741318,0.0885965274448,0.9749,0.9611
AB_p_atk,768,0.219378611587,0.509125225144,0.0931457826014,0.311293231769,0.9772,0.9278
AB_p_atk,769,0.3461606959,0.75423796698,0.309414016413,0.711161212649,0.9702,0.8889
AB_p_atk,770,0.737479642488,0.499237447252,0.235010543062,0.57167036393,0.9605,0.8778
AB_p_atk,771,0.0509240662702,0.460788360488,0.494227644005,0.564613403414,0.9775,0.8944
AB_p_atk,772,0.500837805049,0.0989889290071,0.319502340383,0.63692242003,0.9798,0.9667
AB_p_atk,773,0.287165461933,0.552294920323,0.887367554532,0.902456115444,0.9573,0.85
AB_p_atk,774,0.8242265839,0.152204724176,0.44888546408,0.326949689097,0.9757,0.9667
AB_p_atk,775,0.95092722869,0.210169019121,0.119537502847,0.894055367002,0.9792,0.9778
AB_p_atk,776,0.907598322464,0.205305339077,0.835218502995,0.696587253587,0.95,0.8667
AB_p_atk,777,0.247794747864,0.69019027483,0.724682641724,0.12711230057,0.9596,0.85
AB_p_atk,778,0.179002401627,0.967690256853,0.145653119914,0.184773785279,0.9684,0.8722
AB_p_atk,779,0.791092072711,0.631359451437,0.366686865545,0.989308890604,0.9602,0.8611
AB_p_atk,780,0.406639893798,0.482188465311,0.53309171022,0.0858099543474,0.967,0.8778
AB_p_atk,781,0.571713197401,0.757709956997,0.806984855522,0.252506725858,0.9474,0.8
AB_p_atk,782,0.736824900881,0.801723093144,0.838812595562,0.771681782338,0.9307,0.7556
AB_p_atk,783,0.811579739915,0.782024732121,0.716523864866,0.00138031122854,0.9354,0.7556
AB_p_atk,784,0.677320023334,0.483150696315,0.92584066838,0.0450683854185,0.945,0.8
AB_p_atk,785,0.176865305338,0.38262411111,0.471621550294,0.383254676096,0.9757,0.9333
AB_p_atk,786,0.613413916329,0.783474253682,0.00855978829912,0.0385026905249,0.9658,0.85
AB_p_atk,787,0.278755531868,0.529987449956,0.694779427929,0.187386600616,0.9646,0.8778
AB_p_atk,788,0.774649515734,0.853790632614,0.403929123489,0.441594700687,0.9485,0.7944
AB_p_atk,789,0.74452018615,0.381838220199,0.131789408134,0.448203631382,0.9687,0.9222
AB_p_atk,790,0.279161340241,0.358061093682,0.013323827772,0.884685258057,0.9854,0.9722
AB_p_atk,791,0.556773715335,0.00918038642856,0.347706335741,0.838901272964,0.9833,0.9722
AB_p_atk,792,0.210525079931,0.0839645064159,0.0448491977781,0.291227848615,0.9874,0.9889
AB_p_atk,793,0.842046658121,0.194517563879,0.209236638836,0.0372159008021,0.9792,0.9778
AB_p_atk,794,0.900005130044,0.602742404832,0.639210890603,0.237726172355,0.9518,0.8333
AB_p_atk,795,0.564092115991,0.205614903287,0.626219749516,0.185566160867,0.9711,0.9167
AB_p_atk,796,0.633100125047,0.559275534379,0.919756966637,0.299967436575,0.9427,0.7889
AB_p_atk,797,0.794114353027,0.570789434633,0.449944256743,0.832266250623,0.9599,0.8667
AB_p_atk,798,0.549438532778,0.998654022876,0.278124555309,0.406237452813,0.9623,0.8389
AB_p_atk,799,0.968311299644,0.586140731696,0.644489629417,0.970203156475,0.9518,0.8333
AB_p_atk,800,0.0350837144971,0.074980357647,0.8879615368,0.171489163876,0.9766,0.9111
AB_p_atk,801,0.382122620467,0.90672793632,0.168783882788,0.163827482979,0.9705,0.8667
AB_p_atk,802,0.868983706965,0.972579238491,0.352717898135,0.602024082738,0.9515,0.8056
AB_p_atk,803,0.992866966869,0.651854870933,0.326078605186,0.299601764916,0.9585,0.85
AB_p_atk,804,0.959915113589,0.0771152727604,0.658633525429,0.12351851299,0.967,0.9333
AB_p_atk,805,0.166920075392,0.592927918357,0.337087966571,0.666649751592,0.9749,0.9167
AB_p_atk,806,0.740631208993,0.45312425075,0.471186358654,0.337062671476,0.9518,0.8556
AB_p_atk,807,0.317137722653,0.576413977041,0.994228418002,0.751479383955,0.9561,0.85
AB_p_atk,808,0.787911709306,0.0153181339747,0.0784692398498,0.630416866866,0.9819,0.9944
AB_p_atk,809,0.033054941098,0.267789407637,0.760094822096,0.550992319677,0.9754,0.9
AB_p_atk,810,0.963739905416,0.807616323789,0.836678665974,0.174026847832,0.9289,0.7333
AB_p_atk,811,0.688145572299,0.316797335203,0.0124919340391,0.664961998341,0.9822,0.95
AB_p_atk,812,0.282104000147,0.129557939264,0.0863020223349,0.112736766245,0.9851,0.9778
AB_p_atk,813,0.931232406316,0.230910239313,0.932070749241,0.922598958482,0.9462,0.85
AB_p_atk,814,0.168949977951,0.134224175686,0.356123205702,0.969806759156,0.9836,0.9722
AB_p_atk,815,0.446045703573,0.355799542641,0.554029306612,0.347432212901,0.9711,0.9
AB_p_atk,816,0.0293698820735,0.246419510117,0.172766355102,0.550086084479,0.9939,0.9722
AB_p_atk,817,0.136730590341,0.169658303201,0.89304081891,0.267459186792,0.9661,0.9056
AB_p_atk,818,0.245128420715,0.802237757438,0.0683815506292,0.643128656804,0.9716,0.8889
AB_p_atk,819,0.385608404504,0.307195114416,0.537895575049,0.758594465995,0.9687,0.8889
AB_p_atk,820,0.871730448235,0.441647875281,0.469934025331,0.700839995463,0.9626,0.8833
AB_p_atk,821,0.113251458964,0.561387235461,0.867256657593,0.272097237827,0.9588,0.8389
AB_p_atk,822,0.678918509106,0.919106766965,0.409943281295,0.778936341767,0.9573,0.8111
AB_p_atk,823,0.17236070997,0.509381021171,0.816321116575,0.427429318666,0.9596,0.8611
AB_p_atk,824,0.150356999977,0.515483789337,0.0923550854768,0.343656973119,0.9772,0.9278
AB_p_atk,825,0.586224496291,0.911604609909,0.690871213291,0.578359718839,0.9421,0.7722
AB_p_atk,826,0.679812088227,0.322186096384,0.743385863524,0.780183662294,0.9553,0.85
AB_p_atk,827,0.88094835526,0.349746799351,0.723419254866,0.516301659974,0.9494,0.8444
AB_p_atk,828,0.0212038878936,0.00908143991743,0.657047596668,0.242652069471,0.9842,0.9444
AB_p_atk,829,0.684718836157,0.43816769313,0.594078689836,0.179818980901,0.9623,0.8611
AB_p_atk,830,0.664440551367,0.458389270734,0.728574381203,0.359820727361,0.95,0.8167
AB_p_atk,831,0.123514906821,0.332063076695,0.878115309286,0.703437478306,0.9605,0.85
AB_p_atk,832,0.52614876014,0.490625464432,0.867933064759,0.764793527508,0.9515,0.8278
AB_p_atk,833,0.7556369791,0.911257985435,0.278361663293,0.560221273103,0.9506,0.8056
AB_p_atk,834,0.719077717588,0.087161826345,0.175093918318,0.86244851929,0.9754,0.9722
AB_p_atk,835,0.276312391116,0.861037293009,0.695092133477,0.63517501455,0.9594,0.8444
AB_p_atk,836,0.909942757629,0.734591927671,0.196368832168,0.861967864798,0.9564,0.8333
AB_p_atk,837,0.137635484251,0.382903667107,0.305935288371,0.849830379718,0.9801,0.95
AB_p_atk,838,0.538333009771,0.0740837227565,0.230182908809,0.327603196674,0.9877,0.9889
AB_p_atk,839,0.0473412259861,0.523359591741,0.224484108979,0.094685688212,0.9772,0.8889
AB_p_atk,840,0.450249663276,0.951968422169,0.991405209208,0.337433972554,0.955,0.8167
AB_p_atk,841,0.209913150831,0.276152183718,0.851479830167,0.647726422343,0.9635,0.8889
AB_p_atk,842,0.0729050005129,0.928008507026,0.567718812043,0.736246503128,0.9617,0.8278
AB_p_atk,843,0.440127459862,0.87385852767,0.641344183037,0.44825985641,0.9582,0.8222
AB_p_atk,844,0.31200891592,0.0910534516873,0.134010574297,0.476953111805,0.9839,0.9778
AB_p_atk,845,0.707476290474,0.606580187648,0.884550868366,0.00994996856026,0.938,0.7778
AB_p_atk,846,0.201505776787,0.455406213279,0.532192217241,0.435227871609,0.9725,0.9167
AB_p_atk,847,0.552411583218,0.777053269912,0.104397986881,0.93134576767,0.9693,0.8722
AB_p_atk,848,0.353181018601,0.491432406998,0.00181382256509,0.574053264724,0.9839,0.95
AB_p_atk,849,0.0592603999797,0.761874992246,0.141129451948,0.373337179939,0.9749,0.8667
AB_p_atk,850,0.243247925068,0.982738740486,0.197658760246,0.127701255987,0.9702,0.8833
AB_p_atk,851,0.600398611976,0.719060420807,0.373718871122,0.244607537727,0.9588,0.8278
AB_p_atk,852,0.144922999989,0.250225594626,0.385219843693,0.00982824075268,0.9804,0.9556
AB_p_atk,853,0.350320014119,0.289150072098,0.0344826910887,0.27130061214,0.9827,0.95
AB_p_atk,854,0.069253372411,0.453403009467,0.0721755129625,0.486585156792,0.9857,0.9389
AB_p_atk,855,0.622326976903,0.447437253581,0.440641301624,0.509159993784,0.9652,0.8722
AB_p_atk,856,0.0230808200066,0.196228760755,0.696949022795,0.0109043256752,0.9792,0.9167
AB_p_atk,857,0.0554635340159,0.528834928477,0.164938000815,0.711963896775,0.9787,0.8944
AB_p_atk,858,0.537202774786,0.941101417937,0.850277469325,0.612529002846,0.9485,0.8
AB_p_atk,859,0.563678668412,0.429629638494,0.0229705251362,0.322011468462,0.9769,0.9167
AB_p_atk,860,0.649263158727,0.576625343444,0.159745646459,0.715600253218,0.9687,0.8722
AB_p_atk,861,0.376589953798,0.154505941515,0.73793446797,0.54782984087,0.9693,0.9
AB_p_atk,862,0.527513299467,0.219543457106,0.332817458133,0.499553023271,0.9763,0.9333
AB_p_atk,863,0.975335720376,0.154532634612,0.570325685874,0.866248354517,0.9728,0.9556
AB_p_atk,864,0.194450262738,0.522012706157,0.923087055373,0.836962977991,0.9567,0.85
AB_p_atk,865,0.91875372821,0.578040911218,0.778529727899,0.914401597654,0.9412,0.8
AB_p_atk,866,0.154934226791,0.392137561335,0.653187318088,0.358257988832,0.9719,0.9167
AB_p_atk,867,0.572683016042,0.139729161507,0.00920463933941,0.131249325084,0.9871,0.9833
AB_p_atk,868,0.749699245955,0.0636618225783,0.285410974356,0.134794576801,0.9795,0.9889
AB_p_atk,869,0.556995358662,0.396375959712,0.872598256173,0.327837199334,0.9567,0.8556
AB_p_atk,870,0.936474688634,0.677876604542,0.706123178155,0.00218968372677,0.9409,0.7833
AB_p_atk,871,0.627303095504,0.478105016376,0.405942386637,0.571898501985,0.9649,0.8667
AB_p_atk,872,0.439872772198,0.0917062010418,0.13744516434,0.296303541778,0.9909,0.9889
AB_p_atk,873,0.964829945906,0.85254786328,0.522539675352,0.173084476288,0.9456,0.7833
AB_p_atk,874,0.560453869033,0.179300069175,0.912974409303,0.35471192266,0.9594,0.8722
AB_p_atk,875,0.784405094541,0.0416095246109,0.299638367253,0.901925479792,0.9804,0.9889
AB_p_atk,876,0.587601203644,0.396434432155,0.924082165244,0.232204978143,0.9462,0.8167
AB_p_atk,877,0.314014524001,0.496142575658,0.74141230742,0.13731752598,0.9667,0.8944
AB_p_atk,878,0.76491701861,0.00501518038714,0.514940786449,0.422331846568,0.9746,0.9667
AB_p_atk,879,0.712609311477,0.677980709106,0.395183712476,0.730511961007,0.9582,0.8389
AB_p_atk,880,0.88512889661,0.879860984263,0.88389011508,0.330747434515,0.9243,0.7111
AB_p_atk,881,0.745436535321,0.466156456875,0.248473746467,0.0579209452347,0.9652,0.8944
AB_p_atk,882,0.599680039583,0.285864127877,0.973852112511,0.745914625552,0.9485,0.8333
AB_p_atk,883,0.21812257869,0.289889078222,0.558954426347,0.388984489085,0.9746,0.9333
AB_p_atk,884,0.626409902993,0.32822692302,0.00398398213855,0.636232565156,0.9816,0.95
AB_p_atk,885,0.506949778883,0.345709814092,0.789149745553,0.760095658682,0.964,0.8944
AB_p_atk,886,0.790593911467,0.311360049085,0.372835272742,0.336794801053,0.9711,0.9333
AB_p_atk,887,0.7127858315,0.968803213226,0.16399317355,0.782374836456,0.9614,0.8444
AB_p_atk,888,0.204559245126,0.779125853452,0.134889944454,0.463511184191,0.9711,0.8889
AB_p_atk,889,0.87990208316,0.253790907207,0.473323632117,0.169154921079,0.9731,0.95
AB_p_atk,890,0.404624827904,0.445770168698,0.0576377589404,0.684387401977,0.9839,0.9444
AB_p_atk,891,0.117454282709,0.0685771071545,0.71675842368,0.230400708198,0.9705,0.8944
AB_p_atk,892,0.267845340489,0.63487710339,0.816535903083,0.667751521035,0.9579,0.85
AB_p_atk,893,0.758939284284,0.491061481122,0.299743597363,0.0908167309552,0.9629,0.8833
AB_p_atk,894,0.798646647072,0.380979981272,0.717497912257,0.0702156977147,0.9494,0.8444
AB_p_atk,895,0.124811357309,0.316700339281,0.964851154984,0.968037143136,0.9632,0.8611
AB_p_atk,896,0.94863652678,0.311160350958,0.316399933941,0.147379984514,0.9725,0.9389
AB_p_atk,897,0.215918542694,0.581162170084,0.67338656021,0.267059382932,0.9646,0.8778
AB_p_atk,898,0.823189643776,0.507892366084,0.917671372228,0.875107841332,0.9357,0.7833
AB_p_atk,899,0.545326533294,0.397205200226,0.631963723157,0.426529026672,0.9658,0.8833
AB_p_atk,900,0.363242681906,0.260378060655,0.419636342017,0.590559689063,0.9772,0.9278
AB_p_atk,901,0.666591903251,0.386179890557,0.223540908868,0.796946180716,0.9749,0.9111
AB_p_atk,902,0.513384409478,0.0129358209865,0.00993699834835,0.759715251898,0.9898,1
AB_p_atk,903,0.489193882481,0.279387073894,0.266980732511,0.933541273337,0.9754,0.9389
AB_p_atk,904,0.519802958942,0.502831112484,0.261615044811,0.326873134654,0.9667,0.8722
AB_p_atk,905,0.192668242886,0.718872084382,0.871713494318,0.249463840564,0.9547,0.8333
AB_p_atk,906,0.964074047359,0.720887830092,0.684788586678,0.62776590249,0.9436,0.7889
AB_p_atk,907,0.0861309840441,0.167009787414,0.828583165139,0.867741932507,0.9637,0.8667
AB_p_atk,908,0.0815253472588,0.0937693748478,0.546753451227,0.11932190299,0.9749,0.9111
AB_p_atk,909,0.438497216785,0.818978154414,0.463325000522,0.513171690481,0.9681,0.8667
AB_p_atk,910,0.0773195772901,0.291841211868,0.262308497765,0.292999837647,0.9795,0.9222
AB_p_atk,911,0.373050631333,0.185192407859,0.65273597954,0.616903383594,0.9722,0.9111
AB_p_atk,912,0.0904736377915,0.672753526336,0.574279317769,0.140817678283,0.9652,0.85
AB_p_atk,913,0.842946147484,0.662814628131,0.109406727917,0.970528613479,0.9582,0.8444
AB_p_atk,914,0.213576869451,0.067303665619,0.887132729762,0.1852563815,0.967,0.9111
AB_p_atk,915,0.451800941534,0.319632113208,0.450983754744,0.289782683288,0.9719,0.9
AB_p_atk,916,0.490520664554,0.826988755544,0.122553663292,0.730733814148,0.9737,0.9167
AB_p_atk,917,0.423074463436,0.374745548308,0.51867442632,0.700614704239,0.9687,0.8889
AB_p_atk,918,0.257810333294,0.650261984347,0.730068055869,0.0867984969704,0.9614,0.8611
AB_p_atk,919,0.358955767051,0.0417398398292,0.522839827761,0.482395885728,0.9737,0.9278
AB_p_atk,920,0.615414231517,0.229415362477,0.918611274898,0.32396087883,0.9523,0.85
AB_p_atk,921,0.10870425708,0.843083370159,0.08121455189,0.128547150499,0.9769,0.8833
AB_p_atk,922,0.444378853258,0.248286880916,0.18517763612,0.723886031237,0.9848,0.9611
AB_p_atk,923,0.821195365301,0.817042082181,0.874782573631,0.489153707944,0.9251,0.7167
AB_p_atk,924,0.773562750667,0.73813289435,0.836553867189,0.261079075785,0.9307,0.7444
AB_p_atk,925,0.849368726104,0.666628763573,0.99745164908,0.612956413496,0.9281,0.7389
AB_p_atk,926,0.00691163317178,0.0930411122798,0.899969836789,0.276964651591,0.9737,0.9
AB_p_atk,927,0.758962165855,0.0651819230764,0.605033965024,0.0935695007466,0.9737,0.9667
AB_p_atk,928,0.520876557129,0.721575154139,0.818305736121,0.933297244043,0.95,0.8111
AB_p_atk,929,0.883131240823,0.52320808652,0.0397407308771,0.206364656421,0.9643,0.8833
AB_p_atk,930,0.634021385792,0.75744445504,0.852001372922,0.506303518949,0.9398,0.7667
AB_p_atk,931,0.927509508049,0.909885003296,0.498445360813,0.94555464006,0.9485,0.7944
AB_p_atk,932,0.782652834663,0.808192429089,0.863494268847,0.947578642898,0.926,0.7222
AB_p_atk,933,0.81034519041,0.23627034226,0.668770172014,0.302456053329,0.9637,0.9167
AB_p_atk,934,0.138409072537,0.450871959302,0.600654557824,0.503900295028,0.9725,0.9167
AB_p_atk,935,0.312980767025,0.161320990199,0.555562364407,0.685237037974,0.9757,0.9444
AB_p_atk,936,0.618679834493,0.89222436941,0.594578536073,0.462751258064,0.9512,0.7944
AB_p_atk,937,0.176436586333,0.722904292507,0.609381426811,0.803440130672,0.9646,0.8667
AB_p_atk,938,0.51742635537,0.571696949319,0.772703397742,0.178283408267,0.9556,0.8389
AB_p_atk,939,0.708755443658,0.0728790222583,0.968662972481,0.19157064466,0.952,0.8667
AB_p_atk,940,0.374035833634,0.384925602138,0.313599387515,0.0245030081087,0.9789,0.9278
AB_p_atk,941,0.407306712176,0.919578468176,0.51884755309,0.252528056433,0.9573,0.8167
AB_p_atk,942,0.272248341636,0.321290524497,0.214623760467,0.102722371053,0.9833,0.9667
AB_p_atk,943,0.992533176371,0.017853130864,0.0646394804431,0.424428399714,0.9819,0.9944
AB_p_atk,944,0.699175787542,0.707185081329,0.630027555714,0.360322696385,0.9444,0.7889
AB_p_atk,945,0.990108862507,0.998522223491,0.866443957088,0.737298635624,0.9243,0.7111
AB_p_atk,946,0.997690298694,0.719751583752,0.933506397156,0.828433289583,0.9278,0.7333
AB_p_atk,947,0.208925013545,0.949257607924,0.300730841234,0.512003061987,0.9678,0.8722
AB_p_atk,948,0.337531681244,0.859510420343,0.701641767858,0.825079317772,0.9591,0.8389
AB_p_atk,949,0.08832551872,0.344650450565,0.959448520608,0.853114852856,0.9591,0.8444
AB_p_atk,950,0.279821780273,0.574435765554,0.964303350682,0.416434963071,0.9544,0.8389
AB_p_atk,951,0.0587484550503,0.66029069233,0.376110281945,0.554716914448,0.9722,0.8611
AB_p_atk,952,0.895421793163,0.458838432364,0.0553598560539,0.732574617016,0.9661,0.8944
AB_p_atk,953,0.241835635523,0.962399249032,0.913581554956,0.235178218289,0.9497,0.8056
AB_p_atk,954,0.590247106656,0.456640260355,0.80000158958,0.71142708914,0.9488,0.8222
AB_p_atk,955,0.0961122424735,0.619203629375,0.563067349241,0.52784016577,0.967,0.8611
AB_p_atk,956,0.100888581069,0.835089119438,0.677426783868,0.325939920776,0.9596,0.8222
AB_p_atk,957,0.644322203089,0.843473957874,0.514603961108,0.420498662965,0.9532,0.8
AB_p_atk,958,0.791491877444,0.877115388603,0.907992871862,0.337261130303,0.9243,0.7111
AB_p_atk,959,0.630806344393,0.704140804062,0.907178396108,0.849244681762,0.9392,0.7667
AB_p_atk,960,0.706632807997,0.999876174998,0.927520636145,0.669399463082,0.9327,0.7444
AB_p_atk,961,0.899815278073,0.947367069711,0.129127912657,0.373385082193,0.952,0.8056
AB_p_atk,962,0.071396449289,0.671644753405,0.827799080448,0.697433428475,0.9567,0.8222
AB_p_atk,963,0.198509855557,0.687116419275,0.977772939931,0.0661327512335,0.9503,0.8167
AB_p_atk,964,0.425359455838,0.596399201377,0.518718930463,0.856467719033,0.9661,0.8722
AB_p_atk,965,0.0416701157085,0.107870203894,0.50814079255,0.256811612532,0.9839,0.9389
AB_p_atk,966,0.770681564213,0.902528640436,0.514619241118,0.950051264558,0.9456,0.7833
AB_p_atk,967,0.0268660250793,0.637880838164,0.634865722538,0.904154814902,0.9746,0.8833
AB_p_atk,968,0.541791546758,0.23110227925,0.583320563867,0.67829058172,0.9722,0.9167
AB_p_atk,969,0.708918480508,0.25670779268,0.44484543973,0.155523896131,0.9705,0.9278
AB_p_atk,970,0.32877981719,0.50147780174,0.568891744277,0.957409853423,0.9716,0.9111
AB_p_atk,971,0.630272512045,0.840576706114,0.0729913424754,0.512420036262,0.9635,0.8389
AB_p_atk,972,0.320003486036,0.650171994296,0.771519128081,0.750961555081,0.9649,0.8833
AB_p_atk,973,0.167893695392,0.853484486904,0.528384626921,0.284129260059,0.9629,0.8556
AB_p_atk,974,0.587336084923,0.143713413178,0.558421553008,0.322892038715,0.9725,0.9278
AB_p_atk,975,0.0621108204126,0.654010421755,0.481943960393,0.502789664096,0.9684,0.8611
AB_p_atk,976,0.730757864877,0.516144618086,0.455963905627,0.828504136763,0.9497,0.8389
AB_p_atk,977,0.397195817237,0.761611109395,0.83525580908,0.213377026076,0.9576,0.8333
AB_p_atk,978,0.329307951236,0.452228965636,0.159277189851,0.432143070544,0.9798,0.9444
AB_p_atk,979,0.506258215788,0.439362695315,0.590700910972,0.86901290345,0.9681,0.9056
AB_p_atk,980,0.122969133348,0.668833667123,0.564647318536,0.994931684246,0.9652,0.85
AB_p_atk,981,0.281926547461,0.412435561506,0.533325437549,0.44138510291,0.9728,0.9222
AB_p_atk,982,0.329401388512,0.427716802905,0.800421373297,0.93471719011,0.9667,0.8944
AB_p_atk,983,0.300945366636,0.125223429574,0.72584782057,0.431637713014,0.9719,0.9278
AB_p_atk,984,0.361096265153,0.899566844337,0.82238066914,0.949818621541,0.9474,0.7833
AB_p_atk,985,0.203936242621,0.674678240737,0.526169181191,0.247901273862,0.9664,0.8778
AB_p_atk,986,0.437518975943,0.706453763026,0.657675324172,0.518784324906,0.9652,0.8667
AB_p_atk,987,0.364052121775,0.0954775159958,0.691459076858,0.761839963994,0.9705,0.9111
AB_p_atk,988,0.0576167886032,0.905620100977,0.400420655363,0.768676227125,0.967,0.8278
AB_p_atk,989,0.490486531604,0.449514817983,0.35414668769,0.905182817045,0.9728,0.9222
AB_p_atk,990,0.138793898978,0.682895562308,0.861579775792,0.0452059048309,0.9547,0.8333
AB_p_atk,991,0.375212496652,0.0044376886074,0.299854322533,0.692061762702,0.986,0.9722
AB_p_atk,992,0.774149967547,0.541148417346,0.83113007024,0.601395243689,0.9386,0.7944
AB_p_atk,993,0.475827459755,0.579115293601,0.000941285622405,0.618656920771,0.983,0.9444
AB_p_atk,994,0.725364952525,0.42220300239,0.148320681767,0.24132303507,0.9673,0.9167
AB_p_atk,995,0.0189693512416,0.409102477932,0.106736623941,0.642232692503,0.993,0.9667
AB_p_atk,996,0.82399878922,0.560618474751,0.114338428369,0.503163155707,0.9643,0.8833
AB_p_atk,997,0.256997440579,0.676130570633,0.523486626393,0.784413345073,0.964,0.8667
AB_p_atk,998,0.678185618076,0.278487991122,0.617878628851,0.859854160711,0.9681,0.9056
AB_p_atk,999,0.244088701327,0.22180028316,0.845825062527,0.661412169152,0.9667,0.9056
AB_p_atk,1000,0.117786735318,0.319019155298,0.792413949165,0.00693678728979,0.9635,0.8611
AB_p_atk,1001,0.959540684026,0.403552456213,0.21684923766,0.237481796141,0.9687,0.9111
AB_p_atk,1002,0.335326264498,0.837227745929,0.675298792886,0.680252471916,0.9629,0.8556
AB_p_atk,1003,0.560772629112,0.855969529522,0.355994375839,0.864317639711,0.9632,0.8444
AB_p_atk,1004,0.83783256277,0.82402635853,0.672328296868,0.685831473882,0.9409,0.7722
AB_p_atk,1005,0.934602667329,0.188910788125,0.486119249765,0.106930435058,0.9749,0.9611
AB_p_atk,1006,0.0706249759854,0.137158762326,0.353790984932,0.952842072916,0.9807,0.9333
AB_p_atk,1007,0.0126649506625,0.207844585685,0.242277014832,0.245072015504,0.9939,0.9722
AB_p_atk,1008,0.226628018046,0.0794066694623,0.91318278477,0.607951800882,0.9655,0.9056
AB_p_atk,1009,0.556327421301,0.157064605524,0.77414003707,0.701461298453,0.9646,0.8944
AB_p_atk,1010,0.405367710881,0.844317881603,0.234638251826,0.212852185438,0.9716,0.8778
AB_p_atk,1011,0.519818716817,0.11351200764,0.935241057075,0.36521483763,0.9594,0.8778
AB_p_atk,1012,0.611140752644,0.162216109917,0.466014772284,0.343494335441,0.9751,0.9389
AB_p_atk,1013,0.836575754245,0.765315627801,0.372646173062,0.745251022281,0.9526,0.8167
AB_p_atk,1014,0.165229987487,0.829593167223,0.0191121493776,0.183590514377,0.9708,0.8833
AB_p_atk,1015,0.626459310968,0.159544324888,0.17993210585,0.338431312809,0.9839,0.9722
AB_p_atk,1016,0.524568726567,0.629417328851,0.155523169582,0.211422322859,0.9702,0.8833
AB_p_atk,1017,0.800397257895,0.946832900396,0.0895992069416,0.949619318847,0.952,0.8056
AB_p_atk,1018,0.358460309957,0.359351302527,0.62060170065,0.218250185296,0.9675,0.8889
AB_p_atk,1019,0.754152452854,0.727323705514,0.671605822202,0.88623785001,0.9442,0.7944
AB_p_atk,1020,0.972284998506,0.843788312209,0.0682687942196,0.00640974962132,0.9529,0.8111
AB_p_atk,1021,0.124140946095,0.0808238210971,0.351223498348,0.466458399206,0.9822,0.9444
AB_p_atk,1022,0.0386679730544,0.200654421209,0.616472140848,0.663527716161,0.9807,0.9222
AB_p_atk,1023,0.375461331364,0.837251582362,0.430152670893,0.781337743234,0.9711,0.8778
AB_n_stakeholders,0,0.738137738463,0.816554153051,0.482563757835,0.282663452486,0.9421,0.7944
AB_n_stakeholders,1,0.413751273912,0.241809052484,0.389726512612,0.917370399138,0.9807,0.9389
AB_n_stakeholders,2,0.801549387908,0.229833118929,0.30365388238,0.239835254031,0.9769,0.9667
AB_n_stakeholders,3,0.468799288578,0.0910268266861,0.0134551572024,0.286503046707,0.9909,0.9944
AB_n_stakeholders,4,0.841900656405,0.422676180957,0.999526950995,0.334253352866,0.9368,0.7944
AB_n_stakeholders,5,0.226081515692,0.973262851868,0.930896497211,0.963593020638,0.9497,0.8056
AB_n_stakeholders,6,0.329419003351,0.611078304062,0.559224097999,0.685723096209,0.9699,0.9
AB_n_stakeholders,7,0.852563467921,0.776889099635,0.54723791439,0.498717009931,0.9474,0.7944
AB_n_stakeholders,8,0.128925711957,0.610683400731,0.830347804405,0.661513760238,0.9532,0.8389
AB_n_stakeholders,9,0.0910207762132,0.732668826192,0.0686203525461,0.961478023422,0.9795,0.9
AB_n_stakeholders,10,0.389121255417,0.234194356337,0.32141612627,0.22622176178,0.9807,0.9389
AB_n_stakeholders,11,0.736382394165,0.808464091541,0.400568919219,0.872459966747,0.9485,0.8167
AB_n_stakeholders,12,0.265480576706,0.278797344324,0.576813982824,0.605193116972,0.9746,0.9333
AB_n_stakeholders,13,0.927380741791,0.203104251163,0.790144252995,0.321105109326,0.9529,0.8778
AB_n_stakeholders,14,0.215701951787,0.60582027857,0.237623856748,0.446931341399,0.9763,0.9222
AB_n_stakeholders,15,0.629736788805,0.788706973173,0.754950498342,0.432031219952,0.9424,0.7722
AB_n_stakeholders,16,0.469361001071,0.185439106092,0.523186401724,0.11507135473,0.9737,0.9222
AB_n_stakeholders,17,0.413168958682,0.699385502884,0.776624172531,0.208438827094,0.9623,0.8556
AB_n_stakeholders,18,0.924151657772,0.475864154746,0.790665166841,0.0377916933597,0.9415,0.8056
AB_n_stakeholders,19,0.395267918426,0.743776717671,0.100889486433,0.0505176051259,0.9795,0.9167
AB_n_stakeholders,20,0.43976887014,0.356845033994,0.977413469472,0.165739996738,0.9629,0.8667
AB_n_stakeholders,21,0.910990929323,0.228055918828,0.324368708882,0.0395699907561,0.9769,0.9667
AB_n_stakeholders,22,0.36979945601,0.613073568381,0.975305362194,0.725545039766,0.9602,0.85
AB_n_stakeholders,23,0.731021585234,0.682993722719,0.165320183296,0.0325893071019,0.9576,0.8556
AB_n_stakeholders,24,0.714314131787,0.155457850031,0.61198689708,0.0970445136039,0.962,0.9
AB_n_stakeholders,25,0.0164520091476,0.98490723359,0.386508944437,0.754828148228,0.9722,0.85
AB_n_stakeholders,26,0.734569280663,0.739397590591,0.933961711819,0.848533120494,0.931,0.7611
AB_n_stakeholders,27,0.394713190605,0.0866238048207,0.974302552121,0.279535067054,0.969,0.9056
AB_n_stakeholders,28,0.957306123957,0.727814221615,0.654593990706,0.333582312066,0.9447,0.7889
AB_n_stakeholders,29,0.575557960851,0.261839082302,0.964802179478,0.996979982172,0.9468,0.8278
AB_n_stakeholders,30,0.0868059646566,0.0954996231399,0.712837368944,0.563655266744,0.9705,0.8944
AB_n_stakeholders,31,0.972133921002,0.0843323446836,0.540205279531,0.0453385960781,0.9728,0.9556
AB_n_stakeholders,32,0.420187159924,0.923578609283,0.635602125251,0.491079614571,0.9573,0.8167
AB_n_stakeholders,33,0.888314068321,0.705162403071,0.630256569615,0.748343055074,0.9447,0.7889
AB_n_stakeholders,34,0.0570745006327,0.153117019176,0.295789248129,0.614119773695,0.9854,0.9444
AB_n_stakeholders,35,0.898004036946,0.858369176649,0.786189491857,0.626388226691,0.9307,0.7333
AB_n_stakeholders,36,0.335025487956,0.0462641131177,0.66013178206,0.409498728747,0.9787,0.9556
AB_n_stakeholders,37,0.942181250844,0.432654567776,0.871978346586,0.6839404674,0.9374,0.7944
AB_n_stakeholders,38,2.76197595416e-05,0.321917227089,0.940168815987,0.376453551538,0.9705,0.8833
AB_n_stakeholders,39,0.636276815925,0.7014701112,0.259545624911,0.140585579474,0.9626,0.8444
AB_n_stakeholders,40,0.42221099904,0.441054110221,0.820273154489,0.654406020928,0.962,0.8611
AB_n_stakeholders,41,0.44836349436,0.0889837741771,0.104831928907,0.667536096186,0.9889,0.9833
AB_n_stakeholders,42,0.58917697419,0.0944953712231,0.14215845917,0.156638009084,0.9836,0.9722
AB_n_stakeholders,43,0.247783140482,0.563085225333,0.85981170955,0.756321699611,0.9573,0.85
AB_n_stakeholders,44,0.0261783107196,0.331243808459,0.146013691649,0.084104236733,0.9939,0.9722
AB_n_stakeholders,45,0.112808180919,0.5774554277,0.0149592740653,0.840147520719,0.9883,0.9444
AB_n_stakeholders,46,0.623710035348,0.696649100514,0.610391890012,0.325700232071,0.9526,0.8111
AB_n_stakeholders,47,0.618009496323,0.183930668877,0.263029404353,0.47487990363,0.981,0.9611
AB_n_stakeholders,48,0.19236116764,0.663352580045,0.824800273812,0.591088467964,0.9561,0.8389
AB_n_stakeholders,49,0.140214976971,0.427094487291,0.512983536294,0.0672778218218,0.9734,0.9222
AB_n_stakeholders,50,0.865838406939,0.197382760886,0.0441311983018,0.678933112325,0.9792,0.9778
AB_n_stakeholders,51,0.967668674581,0.345196330741,0.737914918375,0.73592829261,0.9494,0.8444
AB_n_stakeholders,52,0.3408919305,0.279031684355,0.557759491944,0.127819458725,0.9743,0.9278
AB_n_stakeholders,53,0.554206592133,0.893530954799,0.742941809323,0.941115253209,0.9535,0.8167
AB_n_stakeholders,54,0.573775151804,0.227324443537,0.135594104925,0.38910706605,0.9819,0.9611
AB_n_stakeholders,55,0.170463187841,0.606422603164,0.397765073693,0.222331475976,0.9734,0.9111
AB_n_stakeholders,56,0.967801058346,0.107658857494,0.198862308231,0.352512726857,0.9801,0.9833
AB_n_stakeholders,57,0.316469173139,0.897272042016,0.243345962995,0.410008630119,0.964,0.8556
AB_n_stakeholders,58,0.492792027871,0.314006009309,0.727416292073,0.229339697137,0.9658,0.9
AB_n_stakeholders,59,0.835465365748,0.856685150249,0.979763864995,0.764576229315,0.9243,0.7111
AB_n_stakeholders,60,0.843535564644,0.355523030101,0.253475470435,0.94845852248,0.9705,0.9222
AB_n_stakeholders,61,0.471464599508,0.252383830714,0.795772970622,0.0747816661849,0.969,0.9
AB_n_stakeholders,62,0.216381243997,0.182367183909,0.730972358169,0.853981201292,0.9719,0.9278
AB_n_stakeholders,63,0.630310116992,0.308611986738,0.789984920253,0.382842685842,0.9547,0.85
AB_n_stakeholders,64,0.846244171101,0.560421011967,0.801827088843,0.49470973315,0.9401,0.8
AB_n_stakeholders,65,0.291116288242,0.09082196187,0.275210576423,0.149097818594,0.9845,0.9778
AB_n_stakeholders,66,0.722491506894,0.760274406977,0.251494711485,0.821154425105,0.9538,0.8389
AB_n_stakeholders,67,0.45872505056,0.265561619239,0.203398249303,0.982461030111,0.9781,0.9278
AB_n_stakeholders,68,0.249390413415,0.451600527199,0.49493991991,0.105488871813,0.9711,0.9111
AB_n_stakeholders,69,0.53769648128,0.482807461028,0.548561314777,0.982428464207,0.9667,0.8778
AB_n_stakeholders,70,0.316046288826,0.841454733901,0.237470829205,0.466172774966,0.9658,0.8667
AB_n_stakeholders,71,0.262519852387,0.0632619601019,0.162723262192,0.673276692928,0.986,0.9833
AB_n_stakeholders,72,0.574138883394,0.288832850459,0.940805854927,0.826082283463,0.9482,0.8333
AB_n_stakeholders,73,0.751215609945,0.640049366178,0.549846608315,0.153849797912,0.9535,0.8389
AB_n_stakeholders,74,0.5211571884,0.123542975268,0.864136176238,0.489759949575,0.9594,0.8778
AB_n_stakeholders,75,0.728083598406,0.160535197097,0.328469031589,0.947081279641,0.9731,0.9611
AB_n_stakeholders,76,0.597417285019,0.499993805259,0.389896548188,0.0544126359864,0.9637,0.8611
AB_n_stakeholders,77,0.326424308735,0.760991753741,0.590979207419,0.0998605925827,0.9655,0.8722
AB_n_stakeholders,78,0.414168123505,0.715367724095,0.393655040804,0.238378467803,0.9746,0.9
AB_n_stakeholders,79,0.501399131822,0.961567442553,0.826746942804,0.079777578036,0.9541,0.8333
AB_n_stakeholders,80,0.919535902521,0.101978860131,0.0790739626835,0.453464272356,0.9801,0.9833
AB_n_stakeholders,81,0.565451733245,0.575748183453,0.803617835556,0.905992827159,0.9561,0.8444
AB_n_stakeholders,82,0.194632940837,0.19077123444,0.442037802488,0.620155862928,0.9792,0.9556
AB_n_stakeholders,83,0.340984439742,0.213391989828,0.505954514263,0.146421530243,0.9751,0.9333
AB_n_stakeholders,84,0.722902215863,0.157509515206,0.862896977402,0.0337657713665,0.9482,0.8667
AB_n_stakeholders,85,0.78808837748,0.464647637884,0.532434117422,0.100628650914,0.9588,0.8667
AB_n_stakeholders,86,0.525834038954,0.794603338549,0.0436522858704,0.480406419104,0.9681,0.8667
AB_n_stakeholders,87,0.784533869516,0.710451108512,0.54425316418,0.99761466984,0.9491,0.8056
AB_n_stakeholders,88,0.462887642572,0.524817659137,0.562893518568,0.549572522974,0.9652,0.8722
AB_n_stakeholders,89,0.928862305238,0.952805957815,0.0929551332593,0.927794646574,0.952,0.8056
AB_n_stakeholders,90,0.918221795998,0.97818329701,0.573816935603,0.555721333857,0.9456,0.7833
AB_n_stakeholders,91,0.964613614486,0.10745714189,0.0413132785395,0.55995311298,0.9801,0.9833
AB_n_stakeholders,92,0.453131560726,0.420362949671,0.0240583411725,0.0128829128805,0.9827,0.9389
AB_n_stakeholders,93,0.270384067859,0.416970944625,0.415411936178,0.272572744069,0.9757,0.9333
AB_n_stakeholders,94,0.0344960130025,0.59626353069,0.23342901356,0.894973168567,0.9754,0.8778
AB_n_stakeholders,95,0.0387340523141,0.764695722393,0.9670354096,0.455044992192,0.962,0.8222
AB_n_stakeholders,96,0.471971907771,0.621181909708,0.236766033669,0.394468988046,0.9772,0.9222
AB_n_stakeholders,97,0.0463624725633,0.926822305294,0.214223904385,0.656313944492,0.9675,0.8278
AB_n_stakeholders,98,0.512231430885,0.669846691049,0.262716034118,0.813192925334,0.964,0.8556
AB_n_stakeholders,99,0.0741728658158,0.27776290755,0.825085836994,0.696920549857,0.9629,0.8611
AB_n_stakeholders,100,0.526440464705,0.412577388827,0.263383277912,0.614790317291,0.9711,0.9
AB_n_stakeholders,101,0.966062158556,0.300179466409,0.76954498331,0.363103216199,0.9509,0.8611
AB_n_stakeholders,102,0.835080280081,0.919928669111,0.66000789566,0.513964902784,0.9406,0.7667
AB_n_stakeholders,103,0.343168718328,0.424688740646,0.225189938192,0.914803370969,0.9784,0.9389
AB_n_stakeholders,104,0.75518227387,0.565087020712,0.969252747837,0.931808270755,0.9363,0.7889
AB_n_stakeholders,105,0.196827893539,0.750785668042,0.0749257665232,0.869133330818,0.9719,0.8944
AB_n_stakeholders,106,0.378200588376,0.314693043244,0.79552936251,0.0425178846753,0.9643,0.8722
AB_n_stakeholders,107,0.466701224259,0.225768248099,0.930562930693,0.650736369084,0.9661,0.8889
AB_n_stakeholders,108,0.742172397353,0.967840772565,0.909453361778,0.50998539415,0.9289,0.7444
AB_n_stakeholders,109,0.222707685725,0.774823493631,0.382750682084,0.385697727507,0.9667,0.8722
AB_n_stakeholders,110,0.554777289586,0.325782896435,0.517007598607,0.841515440993,0.9743,0.9222
AB_n_stakeholders,111,0.190470685011,0.103801018371,0.0118538738252,0.369286669343,0.988,0.9889
AB_n_stakeholders,112,0.531840861131,0.521818804221,0.614123041346,0.901593626036,0.9611,0.8556
AB_n_stakeholders,113,0.324399977771,0.256159771851,0.513806266782,0.90556124726,0.9751,0.9333
AB_n_stakeholders,114,0.942267374435,0.18644379093,0.354752903669,0.626374912456,0.9778,0.9722
AB_n_stakeholders,115,0.193354847756,0.241183730353,0.507170432531,0.492285320061,0.976,0.9389
AB_n_stakeholders,116,0.842427934935,0.296202835075,0.161484934707,0.167820097089,0.9757,0.9556
AB_n_stakeholders,117,0.408330454433,0.466733989624,0.230563835765,0.858535410154,0.9787,0.9222
AB_n_stakeholders,118,0.522292132131,0.761467393781,0.154083815695,0.944165094631,0.9667,0.8611
AB_n_stakeholders,119,0.0523912843441,0.0211241493911,0.289695045264,0.621510891778,0.9863,0.95
AB_n_stakeholders,120,0.14396997797,0.403794751945,0.841317559144,0.149511102429,0.9632,0.8833
AB_n_stakeholders,121,0.045714593374,0.718688960076,0.846443888273,0.357965633436,0.9643,0.8333
AB_n_stakeholders,122,0.0960410991083,0.703614942406,0.919307176068,0.85684282515,0.9529,0.8056
AB_n_stakeholders,123,0.524137986474,0.911083977316,0.77397626476,0.225443952112,0.9503,0.8056
AB_n_stakeholders,124,0.712066849175,0.693324849567,0.754097370296,0.546791008052,0.9374,0.7667
AB_n_stakeholders,125,0.442879019646,0.386915637972,0.36095706145,0.0591426676043,0.9784,0.9278
AB_n_stakeholders,126,0.593525254717,0.112269852027,0.276144157419,0.734418293138,0.9798,0.9556
AB_n_stakeholders,127,0.147570981139,0.0935615711858,0.680115454594,0.851749690068,0.9734,0.9333
AB_n_stakeholders,128,0.501264718536,0.832570175273,0.0239200031952,0.729994991101,0.9751,0.9222
AB_n_stakeholders,129,0.139574625453,0.236374270417,0.807222272785,0.823055770443,0.9658,0.9
AB_n_stakeholders,130,0.97552094316,0.185277067206,0.183625272536,0.644811597393,0.9792,0.9778
AB_n_stakeholders,131,0.834845154428,0.137690490431,0.637086915388,0.149978459189,0.9684,0.9389
AB_n_stakeholders,132,0.0855919055324,0.949198569275,0.868598707959,0.457039515917,0.9518,0.7944
AB_n_stakeholders,133,0.54838288292,0.091975541416,0.376845147189,0.453159276185,0.9819,0.9667
AB_n_stakeholders,134,0.600756204769,0.583915381068,0.842336709406,0.181752213488,0.9456,0.8
AB_n_stakeholders,135,0.54800575015,0.355042687166,0.0242888963924,0.675963497219,0.9804,0.9389
AB_n_stakeholders,136,0.715293904873,0.0832001013601,0.275034515558,0.26855835378,0.9789,0.9667
AB_n_stakeholders,137,0.891990517538,0.94000068788,0.768614971154,0.839600780204,0.9307,0.7333
AB_n_stakeholders,138,0.861713900261,0.970555573664,0.253320424589,0.692221435886,0.952,0.8056
AB_n_stakeholders,139,0.0180684255771,0.0852490567132,0.651901995608,0.507927496379,0.9825,0.9333
AB_n_stakeholders,140,0.485709939488,0.689972459442,0.308159670734,0.556244569256,0.9757,0.9167
AB_n_stakeholders,141,0.183747077507,0.162976898458,0.257747880409,0.408648398353,0.9836,0.9722
AB_n_stakeholders,142,0.699221870243,0.294119256898,0.692550057438,0.18538978073,0.9503,0.8444
AB_n_stakeholders,143,0.185717407476,0.257807503177,0.831757754961,0.348385675333,0.9658,0.9
AB_n_stakeholders,144,0.0990282521232,0.0828906716913,0.588787055419,0.619123277357,0.9749,0.9111
AB_n_stakeholders,145,0.689748894025,0.124528473359,0.333135388795,0.753088883925,0.9816,0.9611
AB_n_stakeholders,146,0.615887694336,0.0479282779681,0.618443466747,0.968288108315,0.9719,0.9333
AB_n_stakeholders,147,0.387659801434,0.622081171489,0.272194320208,0.0861427558567,0.9763,0.9111
AB_n_stakeholders,148,0.588612425647,0.172674466121,0.286445642095,0.346268660005,0.9798,0.9556
AB_n_stakeholders,149,0.377380765651,0.277868809555,0.350046721709,0.322770407692,0.9798,0.9333
AB_n_stakeholders,150,0.283446391638,0.0481191905299,0.889574939746,0.977376269324,0.967,0.9111
AB_n_stakeholders,151,0.232375415547,0.543394683733,0.996568395506,0.697701045207,0.9523,0.8333
AB_n_stakeholders,152,0.320285796847,0.749412667584,0.850267887115,0.0737215276359,0.9547,0.8333
AB_n_stakeholders,153,0.159094086286,0.0852546039736,0.176792784956,0.076850754599,0.986,0.9833
AB_n_stakeholders,154,0.811623234737,0.597622769521,0.688000065206,0.935811012076,0.9471,0.8222
AB_n_stakeholders,155,0.701669833895,0.761383423108,0.81583504174,0.00163528106752,0.9345,0.7556
AB_n_stakeholders,156,0.461209731291,0.56089195393,0.112694443657,0.526213727182,0.9784,0.9222
AB_n_stakeholders,157,0.761060220515,0.698710034206,0.0820810481772,0.948841976525,0.9556,0.8333
AB_n_stakeholders,158,0.923937856739,0.529886964499,0.694835862564,0.286933732836,0.948,0.8278
AB_n_stakeholders,159,0.88367515897,0.618468864213,0.206560592322,0.0294723892018,0.9617,0.8667
AB_n_stakeholders,160,0.465294504335,0.955125451535,0.24853604742,0.671981189076,0.9635,0.8389
AB_n_stakeholders,161,0.43842849334,0.065671859461,0.603698320848,0.292339365617,0.9757,0.9333
AB_n_stakeholders,162,0.0312488278906,0.987116621872,0.630488490962,0.915881231527,0.9588,0.7889
AB_n_stakeholders,163,0.0177754372226,0.224686027243,0.672183942581,0.144324475734,0.9807,0.9222
AB_n_stakeholders,164,0.269990042654,0.802591811849,0.865196368979,0.412346687217,0.952,0.8167
AB_n_stakeholders,165,0.837381577466,0.876490022753,0.6101386652,0.202875642639,0.9427,0.7722
AB_n_stakeholders,166,0.208693423448,0.198614161716,0.505834450058,0.173315020476,0.9769,0.9444
AB_n_stakeholders,167,0.246985389406,0.20753891252,0.48397639582,0.340451831769,0.9778,0.95
AB_n_stakeholders,168,0.086054570816,0.539007303459,0.608919758001,0.756069108773,0.9687,0.8722
AB_n_stakeholders,169,0.907639277792,0.925175467343,0.4107130523,0.0918957455431,0.9485,0.7944
AB_n_stakeholders,170,0.0666685137876,0.498559178528,0.119643750117,0.418013144827,0.9819,0.9222
AB_n_stakeholders,171,0.395037894812,0.516123011553,0.602197256286,0.391040275994,0.967,0.8778
AB_n_stakeholders,172,0.451649882035,0.200633676104,0.589012211007,0.33751707208,0.9705,0.9056
AB_n_stakeholders,173,0.510145795779,0.3568752014,0.647468286014,0.391167357907,0.9699,0.9167
AB_n_stakeholders,174,0.060046098943,0.547486963077,0.693867822377,0.0952377034139,0.9708,0.8667
AB_n_stakeholders,175,0.960751636979,0.275217746029,0.567552779949,0.959949744301,0.9693,0.9333
AB_n_stakeholders,176,0.182387465585,0.238536861705,0.0308735345037,0.11876476836,0.9839,0.9667
AB_n_stakeholders,177,0.926185621947,0.850501081902,0.317913785154,0.978833694679,0.9515,0.8056
AB_n_stakeholders,178,0.280663541415,0.557738252974,0.441679402428,0.179664327993,0.969,0.8944
AB_n_stakeholders,179,0.219873096173,0.900252771812,0.90421712087,0.316091474085,0.952,0.8167
AB_n_stakeholders,180,0.652257310892,0.646531461325,0.0607149483981,0.309106404297,0.9693,0.8722
AB_n_stakeholders,181,0.231360190751,0.565819475979,0.829194817068,0.404750526706,0.9588,0.8556
AB_n_stakeholders,182,0.858091350155,0.696419835384,0.0233659777782,0.277625221198,0.9564,0.8333
AB_n_stakeholders,183,0.686499130604,0.23315837942,0.228999661271,0.430619871793,0.9836,0.9667
AB_n_stakeholders,184,0.853023986314,0.108126078977,0.984595077476,0.0204694859596,0.9465,0.8556
AB_n_stakeholders,185,0.706210574035,0.686454767695,0.604989280622,0.817520181239,0.9444,0.7889
AB_n_stakeholders,186,0.345740152815,0.803122781626,0.315716597865,0.606516479756,0.9667,0.8667
AB_n_stakeholders,187,0.227061008149,0.680413229095,0.800901601776,0.509544091219,0.9582,0.8444
AB_n_stakeholders,188,0.788824611894,0.497943648612,0.329986921714,0.128451093834,0.9637,0.8833
AB_n_stakeholders,189,0.156612366235,0.957491001893,0.742397405295,0.240332536847,0.9553,0.8222
AB_n_stakeholders,190,0.641592606234,0.0256855003124,0.103054556748,0.493041738291,0.9871,0.9889
AB_n_stakeholders,191,0.159860596732,0.0575137162858,0.561189966519,0.623742950145,0.9787,0.9556
AB_n_stakeholders,192,0.441259902626,0.759776484907,0.13762645996,0.158519913883,0.9775,0.9111
AB_n_stakeholders,193,0.0018014912479,0.0467386498898,0.0782531037974,0.753632855972,0.9965,0.9889
AB_n_stakeholders,194,0.92368244934,0.1960862127,0.0180797151804,0.178670245781,0.9792,0.9778
AB_n_stakeholders,195,0.471413616836,0.788269939995,0.579070455385,0.628229184723,0.964,0.8611
AB_n_stakeholders,196,0.243489836565,0.681584714041,0.425701284407,0.0143768926244,0.967,0.8778
AB_n_stakeholders,197,0.989188327353,0.48690450038,0.937475198396,0.889468796222,0.9365,0.7889
AB_n_stakeholders,198,0.909145761175,0.143162200713,0.133257020386,0.177962637512,0.9801,0.9833
AB_n_stakeholders,199,0.957841632712,0.0718099514381,0.895622174772,0.766925373326,0.9488,0.8667
AB_n_stakeholders,200,0.556294855145,0.819110903364,0.555843807282,0.799566377839,0.9596,0.8333
AB_n_stakeholders,201,0.0267349953967,0.782724761835,0.576117806652,0.959343348547,0.9731,0.8667
AB_n_stakeholders,202,0.0186644732714,0.448935776133,0.107243437662,0.727340585775,0.993,0.9667
AB_n_stakeholders,203,0.0403184820006,0.0502294529152,0.716196426785,0.832868923122,0.9804,0.9278
AB_n_stakeholders,204,0.409016158062,0.140151983864,0.293782359395,0.742457159701,0.9833,0.9556
AB_n_stakeholders,205,0.288261323901,0.240510951956,0.919286701816,0.99934780081,0.9637,0.8944
AB_n_stakeholders,206,0.465669006704,0.178095472476,0.200567018223,0.144493494361,0.981,0.95
AB_n_stakeholders,207,0.557442200093,0.801132870369,0.0201487386181,0.812158992574,0.9713,0.8778
AB_n_stakeholders,208,0.575726462255,0.945382180387,0.910141750044,0.632230266531,0.9357,0.75
AB_n_stakeholders,209,0.136973955951,0.400551642608,0.593076483015,0.824632083112,0.9734,0.9222
AB_n_stakeholders,210,0.792892452371,0.614542199217,0.864998581794,0.820845698234,0.933,0.7667
AB_n_stakeholders,211,0.805423686332,0.391061487706,0.454696646547,0.169670235753,0.9643,0.8944
AB_n_stakeholders,212,0.319378000501,7.72085658314e-05,0.249228190688,0.0592917624328,0.9819,0.9722
AB_n_stakeholders,213,0.548895699966,0.453489752009,0.486588605524,0.312211901605,0.969,0.8889
AB_n_stakeholders,214,0.801838409366,0.880257608368,0.0455742903219,0.059362313104,0.952,0.8056
AB_n_stakeholders,215,0.0258900813001,0.16525358398,0.569025097877,0.175328216801,0.9836,0.9333
AB_n_stakeholders,216,0.470024038858,0.496919109812,0.928715438323,0.547729362116,0.9626,0.8667
AB_n_stakeholders,217,0.464110013244,0.0529505277221,0.311965894153,0.654350221021,0.983,0.9667
AB_n_stakeholders,218,0.140970232997,0.800199883365,0.77060445163,0.691777999368,0.9579,0.8389
AB_n_stakeholders,219,0.794214825014,0.381016846866,0.0157561691158,0.926457463404,0.9696,0.9167
AB_n_stakeholders,220,0.612508220588,0.909104767343,0.298339516275,0.275075089708,0.9567,0.8111
AB_n_stakeholders,221,0.855932517602,0.430559589482,0.625527944116,0.0900009845317,0.9553,0.8556
AB_n_stakeholders,222,0.956693844834,0.249436571127,0.181233937601,0.0932665801986,0.9775,0.9667
AB_n_stakeholders,223,0.328033709871,0.808459665228,0.843314852295,0.607202306234,0.9535,0.8222
AB_n_stakeholders,224,0.812152472033,0.413913084293,0.850150272993,0.496387956966,0.9398,0.8056
AB_n_stakeholders,225,0.987497884499,0.952634329498,0.397811351927,0.656947948321,0.95,0.8
AB_n_stakeholders,226,0.121022156789,0.944071664304,0.760298547579,0.818572608358,0.9553,0.8056
AB_n_stakeholders,227,0.441198840147,0.306113122272,0.97359517684,0.874634577065,0.9646,0.8778
AB_n_stakeholders,228,0.800107103149,0.615686690543,0.85718143795,0.128953305512,0.933,0.7667
AB_n_stakeholders,229,0.157474339961,0.487214953274,0.239932977975,0.77945327003,0.9772,0.9278
AB_n_stakeholders,230,0.796148711916,0.295358331072,0.409650590575,0.663840624612,0.9713,0.9389
AB_n_stakeholders,231,0.0522050065195,0.493482517997,0.568962456164,0.950002123236,0.9737,0.8778
AB_n_stakeholders,232,0.295376364307,0.340196392402,0.713344054787,0.173541567329,0.9702,0.9167
AB_n_stakeholders,233,0.816161056443,0.834501457138,0.471985769394,0.243871108813,0.9494,0.8
AB_n_stakeholders,234,0.268445084931,0.216096966883,0.280382831979,0.377069182561,0.9827,0.9667
AB_n_stakeholders,235,0.739615134024,0.797999137529,0.784468615642,0.524645580452,0.9313,0.7556
AB_n_stakeholders,236,0.3788958271,0.13457038703,0.696013471221,0.37000317359,0.9725,0.9167
AB_n_stakeholders,237,0.133910914537,0.567142871683,0.699317560782,0.972359608777,0.9646,0.8778
AB_n_stakeholders,238,0.778908191361,0.415271319708,0.0984328466081,0.270239386655,0.9678,0.9056
AB_n_stakeholders,239,0.996176484544,0.688766078208,0.928910279986,0.789328700271,0.9278,0.7333
AB_n_stakeholders,240,0.87838772457,0.0999532888946,0.522207945062,0.905222100969,0.9728,0.9556
AB_n_stakeholders,241,0.759476344661,0.720245784957,0.21493761381,0.695145496329,0.9556,0.8333
AB_n_stakeholders,242,0.729888883097,0.0145116681248,0.567964954151,0.418445454516,0.9588,0.9111
AB_n_stakeholders,243,0.557330863789,0.636225214953,0.921302157961,0.0202433981137,0.9523,0.8278
AB_n_stakeholders,244,0.908806361572,0.755688654466,0.579731696217,0.99820819853,0.9468,0.7944
AB_n_stakeholders,245,0.139104953887,0.77238864865,0.0499913537853,0.635209303721,0.9716,0.8889
AB_n_stakeholders,246,0.835025581658,0.0893101723064,0.252653050581,0.901098466744,0.9801,0.9833
AB_n_stakeholders,247,0.748647780013,0.418459822329,0.585497074654,0.934478223105,0.9596,0.8778
AB_n_stakeholders,248,0.857569861603,0.648289869695,0.0383783051464,0.00271006303648,0.9599,0.8556
AB_n_stakeholders,249,0.682137828607,0.139703844881,0.382492662789,0.62001793702,0.9801,0.9556
AB_n_stakeholders,250,0.297315936146,0.280565832169,0.226834818259,0.82309147117,0.9833,0.9667
AB_n_stakeholders,251,0.761131451505,0.223643235647,0.189085069114,0.526945706699,0.9775,0.9722
AB_n_stakeholders,252,0.20261879311,0.855946018963,0.968559024291,0.458843662596,0.9468,0.7944
AB_n_stakeholders,253,0.676468647858,0.791033963821,0.663697465903,0.447222256691,0.948,0.7889
AB_n_stakeholders,254,0.132854945095,0.111105418968,0.435728571828,0.248987588596,0.9792,0.9556
AB_n_stakeholders,255,0.584018564077,0.525653638555,0.297217555937,0.778958940423,0.9643,0.8611
AB_n_stakeholders,256,0.715658430502,0.539973469738,0.939240824081,0.745357527303,0.9345,0.7833
AB_n_stakeholders,257,0.358105335959,0.982951057605,0.822912818285,0.810712497534,0.9456,0.7722
AB_n_stakeholders,258,0.462101210275,0.782512121189,0.463166318434,0.65401216389,0.9652,0.8611
AB_n_stakeholders,259,0.404135672035,0.10516358496,0.581889469426,0.168293178913,0.974,0.9222
AB_n_stakeholders,260,0.636773640523,0.431444930827,0.580243278188,0.097637795381,0.9623,0.8611
AB_n_stakeholders,261,0.358186319272,0.756567562298,0.0843438544842,0.628850105969,0.9784,0.9167
AB_n_stakeholders,262,0.523646067665,0.952857168491,0.50472958406,0.118104876751,0.9585,0.8278
AB_n_stakeholders,263,0.739401123374,0.221012726546,0.414147396533,0.250284116496,0.9646,0.9222
AB_n_stakeholders,264,0.0892127416087,0.856090117159,0.516553339553,0.669255680678,0.9646,0.8389
AB_n_stakeholders,265,0.415885965409,0.662153838914,0.53906083792,0.179897310428,0.9661,0.8722
AB_n_stakeholders,266,0.489042381556,0.529616869278,0.416921365642,0.599867900768,0.9705,0.9111
AB_n_stakeholders,267,0.917329654757,0.95513836094,0.860198144269,0.100644512655,0.9243,0.7111
AB_n_stakeholders,268,0.770752679281,0.700727056213,0.787028050902,0.00489790223693,0.9342,0.7556
AB_n_stakeholders,269,0.164504283066,0.99267786617,0.48232162514,0.723656899751,0.9626,0.85
AB_n_stakeholders,270,0.615634389076,0.610339401671,0.572929226209,0.403252325041,0.9582,0.8389
AB_n_stakeholders,271,0.309856071665,0.885053602199,0.229332702234,0.62234689286,0.9673,0.8667
AB_n_stakeholders,272,0.79835904812,0.675875739852,0.583024015773,0.936273922345,0.9485,0.8056
AB_n_stakeholders,273,0.927399632626,0.769676295014,0.710669951909,0.892479335603,0.9377,0.7667
AB_n_stakeholders,274,0.182714000963,0.226569544074,0.56857337509,0.391570196152,0.976,0.9389
AB_n_stakeholders,275,0.209130808232,0.52117214329,0.62048067856,0.968193089087,0.9699,0.9
AB_n_stakeholders,276,0.17504201281,0.459566842091,0.839068648477,0.772592788321,0.9614,0.8722
AB_n_stakeholders,277,0.330072097346,0.371023048542,0.950154246584,0.914150107951,0.9611,0.8778
AB_n_stakeholders,278,0.945073605822,0.599208317779,0.731153156406,0.309374760194,0.9442,0.8111
AB_n_stakeholders,279,0.625451928282,0.939765881337,0.759267086928,0.22909803952,0.9406,0.7611
AB_n_stakeholders,280,0.564390016839,0.0865958644454,0.16006307065,0.990031212254,0.9877,0.9889
AB_n_stakeholders,281,0.596422927874,0.432707340545,0.786060089936,0.844422393124,0.9494,0.8222
AB_n_stakeholders,282,0.272290824481,0.749138264448,0.63692184714,0.49625457889,0.9617,0.8556
AB_n_stakeholders,283,0.434023105053,0.708461081504,0.873734508523,0.702340189679,0.9594,0.8444
AB_n_stakeholders,284,0.84182800997,0.403905060557,0.368847594799,0.294054788755,0.9658,0.9
AB_n_stakeholders,285,0.840632871188,0.477467081619,0.562201183749,0.810146932799,0.9588,0.8667
AB_n_stakeholders,286,0.547004441351,0.757843453859,0.713023822364,0.881437840705,0.9553,0.8278
AB_n_stakeholders,287,0.951912989562,0.864469851056,0.184899367727,0.745466842856,0.952,0.8056
AB_n_stakeholders,288,0.834824299808,0.308482143849,0.892287542662,0.772709262723,0.9427,0.8278
AB_n_stakeholders,289,0.408743985631,0.566968520842,0.215414091983,0.758440866928,0.9778,0.9167
AB_n_stakeholders,290,0.185326176577,0.465344297163,0.415847157397,0.663006016464,0.9728,0.9111
AB_n_stakeholders,291,0.202997965314,0.445943406684,0.820367525189,0.694765242825,0.9632,0.8833
AB_n_stakeholders,292,0.479007169742,0.711025749077,0.40543340979,0.384383452656,0.9725,0.9
AB_n_stakeholders,293,0.928089059922,0.208735786746,0.322758199957,0.693723274824,0.9778,0.9722
AB_n_stakeholders,294,0.765687134811,0.904338995889,0.00712672402633,0.624615056464,0.952,0.8056
AB_n_stakeholders,295,0.702426641259,0.405592301065,0.0949113997369,0.191658469689,0.9743,0.9222
AB_n_stakeholders,296,0.977366841599,0.476754308436,0.0466657142948,0.91281953052,0.9661,0.8944
AB_n_stakeholders,297,0.154678343441,0.0965189496865,0.169216544377,0.479672453123,0.9851,0.9778
AB_n_stakeholders,298,0.082942957017,0.895872685969,0.478417706544,0.0570843840255,0.9661,0.8444
AB_n_stakeholders,299,0.150191800191,0.689140230568,0.594810734348,0.0786294757438,0.9664,0.8778
AB_n_stakeholders,300,0.489746389805,0.451175416313,0.0136455599671,0.948867185951,0.9787,0.9444
AB_n_stakeholders,301,0.201472233136,0.402567937443,0.490248817838,0.247641700765,0.9749,0.9278
AB_n_stakeholders,302,0.58572921608,0.25566357766,0.958835393689,0.0341266729454,0.9468,0.8278
AB_n_stakeholders,303,0.813896542399,0.0502731689261,0.515520276671,0.154499282919,0.9746,0.9667
AB_n_stakeholders,304,0.753647998514,0.735127398278,0.783611911206,0.124243935936,0.9348,0.7611
AB_n_stakeholders,305,0.0311919965616,0.554687395682,0.839795765361,0.219439628471,0.9711,0.8667
AB_n_stakeholders,306,0.682593898719,0.441799531317,0.115546449015,0.337119618643,0.9722,0.8944
AB_n_stakeholders,307,0.239868659996,0.307839832187,0.059729011219,0.576615386848,0.9839,0.9667
AB_n_stakeholders,308,0.392754267458,0.203634843855,0.792547529712,0.978009446754,0.967,0.8889
AB_n_stakeholders,309,0.985118876498,0.659139965213,0.683804686193,0.790057672171,0.9462,0.8056
AB_n_stakeholders,310,0.649231574236,0.781508604199,0.866090577272,0.570251108983,0.9404,0.7667
AB_n_stakeholders,311,0.136290074903,0.0121778704825,0.781104043341,0.140224230005,0.9728,0.9333
AB_n_stakeholders,312,0.0440584262276,0.248303981396,0.831661391493,0.610648156065,0.974,0.8944
AB_n_stakeholders,313,0.542215302928,0.311216642146,0.439179374625,0.404763920119,0.9743,0.9222
AB_n_stakeholders,314,0.0121827507594,0.224813734038,0.47746860916,0.441609870689,0.9865,0.9444
AB_n_stakeholders,315,0.555584410297,0.0830091469588,0.362379793009,0.761429358638,0.9819,0.9667
AB_n_stakeholders,316,0.614214215059,0.23093838942,0.217508238374,0.370136435739,0.983,0.9667
AB_n_stakeholders,317,0.210064063134,0.939051170921,0.196990520958,0.228990594512,0.9693,0.8778
AB_n_stakeholders,318,0.373275544269,0.0308094211399,0.962394582051,0.908877005665,0.9699,0.9111
AB_n_stakeholders,319,0.461267427269,0.448972337083,0.923089495403,0.858138820865,0.9602,0.8556
AB_n_stakeholders,320,0.381480860861,0.824150668578,0.843451817594,0.59749769155,0.955,0.8167
AB_n_stakeholders,321,0.381564938213,0.82985424182,0.132343189485,0.181698762879,0.9769,0.9
AB_n_stakeholders,322,0.371545227937,0.393792529454,0.768865284442,0.813026295082,0.9649,0.8722
AB_n_stakeholders,323,0.18847726896,0.899251174091,0.120670146249,0.188091557515,0.9702,0.8833
AB_n_stakeholders,324,0.309835185251,0.938498455527,0.893233852646,0.852053774868,0.9477,0.7944
AB_n_stakeholders,325,0.0435853512956,0.1807409267,0.10166702163,0.816500155199,0.9912,0.9667
AB_n_stakeholders,326,0.301615480642,0.16884298342,0.500954204892,0.536248143301,0.974,0.9278
AB_n_stakeholders,327,0.537072552653,0.904809511923,0.735347715165,0.618870254663,0.9535,0.8167
AB_n_stakeholders,328,0.54188372266,0.601922425909,0.744762392076,0.506361306946,0.9596,0.8556
AB_n_stakeholders,329,0.887965741473,0.00143289203279,0.6291743451,0.392502180589,0.9702,0.95
AB_n_stakeholders,330,0.114016937401,0.422924298204,0.361036056221,0.588326914288,0.9754,0.9
AB_n_stakeholders,331,0.681685195836,0.743984390867,0.890960027019,0.416390863489,0.9389,0.7611
AB_n_stakeholders,332,0.218166447117,0.850572331713,0.142401345362,0.331602096483,0.9711,0.8889
AB_n_stakeholders,333,0.828698101263,0.117576047892,0.194786747458,0.33978747044,0.9801,0.9833
AB_n_stakeholders,334,0.344023986281,0.543733727515,0.563360198447,0.924389156198,0.9708,0.9056
AB_n_stakeholders,335,0.0884918642759,0.277509032396,0.92660861788,0.625440714326,0.9599,0.85
AB_n_stakeholders,336,0.481264022892,0.420008528918,0.36929246974,0.1590140189,0.9751,0.9167
AB_n_stakeholders,337,0.375584248329,0.339496546831,0.0144602038807,0.332470282471,0.9863,0.9556
AB_n_stakeholders,338,0.804099592762,0.845636743678,0.678178932272,0.216518612781,0.9409,0.7722
AB_n_stakeholders,339,0.566895196617,0.796065858787,0.37963678238,0.632580839405,0.9635,0.85
AB_n_stakeholders,340,0.402191787035,0.414367465401,0.322803513606,0.338545576015,0.9781,0.9222
AB_n_stakeholders,341,0.125938651085,0.377871102598,0.381533955898,0.875601214967,0.976,0.9389
AB_n_stakeholders,342,0.184895325522,0.929275776139,0.991602723028,0.208858879435,0.9453,0.7889
AB_n_stakeholders,343,0.474224182146,0.332709750005,0.503427587863,0.652021560392,0.9746,0.9167
AB_n_stakeholders,344,0.794265704663,0.599059765612,0.870766602411,0.864040317965,0.9348,0.7778
AB_n_stakeholders,345,0.0658324354078,0.503356937825,0.794962602179,0.908488027403,0.9608,0.8444
AB_n_stakeholders,346,0.811471485442,0.175149425202,0.61008944072,0.345061916133,0.969,0.9389
AB_n_stakeholders,347,0.742537525308,0.0590090760978,0.175716378467,0.818395671278,0.9763,0.9778
AB_n_stakeholders,348,0.307891277547,0.905624678289,0.739541214526,0.609743223081,0.9558,0.8278
AB_n_stakeholders,349,0.364135292097,0.636261669103,0.665988034453,0.181845102261,0.9649,0.8722
AB_n_stakeholders,350,0.330975855936,0.324405596601,0.794220102824,0.104632281896,0.9684,0.9056
AB_n_stakeholders,351,0.612774917557,0.275801391636,0.31116944707,0.0807422793472,0.9769,0.9389
AB_n_stakeholders,352,0.241691350549,0.112288513915,0.580045490496,0.0141022824852,0.9763,0.9444
AB_n_stakeholders,353,0.961156005559,0.209725436203,0.179374148826,0.113337819106,0.9792,0.9778
AB_n_stakeholders,354,0.378904416469,0.444757120511,0.988799365099,0.0101034235899,0.9605,0.8556
AB_n_stakeholders,355,0.831447116461,0.837226154766,0.83571864085,0.527236544723,0.9281,0.7278
AB_n_stakeholders,356,0.358650425902,0.738027716854,0.988562751364,0.468190217767,0.9506,0.8111
AB_n_stakeholders,357,0.989532286761,0.715254976304,0.357208160543,0.319657628032,0.955,0.8278
AB_n_stakeholders,358,0.459384670544,0.404723382186,0.660997251846,0.927457646653,0.9661,0.8778
AB_n_stakeholders,359,0.116826272853,0.377654472466,0.100901798399,0.554422927302,0.9851,0.9389
AB_n_stakeholders,360,0.544519405549,0.00431107768727,0.72790557238,0.360091390707,0.9702,0.9222
AB_n_stakeholders,361,0.180800423767,0.573669982179,0.0226846309604,0.571950258868,0.9769,0.9222
AB_n_stakeholders,362,0.313951495939,0.0127365721453,0.00543313684818,0.184240197146,0.9877,0.9944
AB_n_stakeholders,363,0.392483552285,0.689199302121,0.683344048096,0.602851819096,0.9661,0.8722
AB_n_stakeholders,364,0.478808038779,0.405489927153,0.147040239119,0.0476710255472,0.981,0.9389
AB_n_stakeholders,365,0.368286195251,0.905552229253,0.97607999045,0.119025006082,0.9515,0.7944
AB_n_stakeholders,366,0.453749693882,0.926494300227,0.0222211307219,0.148842683789,0.9722,0.8722
AB_n_stakeholders,367,0.275347378429,0.318279514393,0.796724092311,0.855470576528,0.9687,0.9111
AB_n_stakeholders,368,0.409717639753,0.851546459117,0.339218839963,0.250695175453,0.9693,0.8667
AB_n_stakeholders,369,0.473353714641,0.463728347521,0.566824905036,0.333316985006,0.9684,0.8889
AB_n_stakeholders,370,0.593416961108,0.849984769993,0.627487714083,0.333244742643,0.9482,0.7889
AB_n_stakeholders,371,0.360335043525,0.0879022484038,0.0517421959853,0.808703278741,0.9889,0.9833
AB_n_stakeholders,372,0.745306667593,0.0905439705046,0.301933079359,0.730046319398,0.9787,0.9833
AB_n_stakeholders,373,0.723422413456,0.652864116651,0.655610107229,0.180456806931,0.9404,0.7944
AB_n_stakeholders,374,0.225379440123,0.418288126329,0.913933997889,0.934572435766,0.9611,0.8778
AB_n_stakeholders,375,0.41027671805,0.272826896065,0.585113562223,0.301451744457,0.9696,0.8944
AB_n_stakeholders,376,0.958915588118,0.639449297091,0.476797433597,0.352661323559,0.9573,0.85
AB_n_stakeholders,377,0.599462127149,0.878793437388,0.846726208893,0.43898413775,0.9386,0.7556
AB_n_stakeholders,378,0.0388891476725,0.157327971204,0.766580264181,0.242490554695,0.9781,0.9167
AB_n_stakeholders,379,0.667284617303,0.242885130354,0.771153188818,0.636086310719,0.9588,0.8722
AB_n_stakeholders,380,0.928654509431,0.694214211277,0.408939509983,0.811653352616,0.952,0.8167
AB_n_stakeholders,381,0.157901218647,0.18462614601,9.65380318463e-05,0.223465634624,0.9886,0.9889
AB_n_stakeholders,382,0.0894452429491,0.931667940127,0.45079638223,0.35719781935,0.9661,0.8444
AB_n_stakeholders,383,0.0370189357796,0.129906604847,0.286517337712,0.967857980673,0.9854,0.9444
AB_n_stakeholders,384,0.771555336994,0.425728399929,0.990049728835,0.487034463576,0.936,0.7889
AB_n_stakeholders,385,0.305803406822,0.1554732555,0.667952126867,0.889371295204,0.9705,0.9167
AB_n_stakeholders,386,0.185254649996,0.805026295763,0.547667393661,0.238720077774,0.9637,0.8611
AB_n_stakeholders,387,0.386369813078,0.137565313359,0.844512746729,0.839808003704,0.9681,0.9
AB_n_stakeholders,388,0.706710817227,0.139696336585,0.158474497638,0.695805297198,0.9825,0.9778
AB_n_stakeholders,389,0.553588458836,0.67130680116,0.667192174962,0.762527862983,0.9591,0.8444
AB_n_stakeholders,390,0.417643512802,0.0785186697151,0.891967241757,0.000307859580862,0.9699,0.9111
AB_n_stakeholders,391,0.712026549103,0.263535166722,0.614283311872,0.854793405338,0.9602,0.8889
AB_n_stakeholders,392,0.575571201872,0.758172234943,0.506196196284,0.445645419406,0.955,0.8167
AB_n_stakeholders,393,0.0479268835844,0.402838389618,0.762414099885,0.209860207186,0.9719,0.8778
AB_n_stakeholders,394,0.144305355645,0.780603418217,0.111955797426,0.345084331646,0.9711,0.8889
AB_n_stakeholders,395,0.623754031793,0.381638404633,0.165575834708,0.0147161882181,0.9743,0.9111
AB_n_stakeholders,396,0.84081297064,0.0684540301893,0.809292133215,0.7394159185,0.9518,0.8778
AB_n_stakeholders,397,0.760517678113,0.433769570323,0.664788736637,0.813773734645,0.9538,0.8556
AB_n_stakeholders,398,0.560276703703,0.132072266772,0.0271880326465,0.111145126589,0.9874,0.9833
AB_n_stakeholders,399,0.619917018695,0.396936051062,0.0216335191988,0.388339110712,0.9749,0.9111
AB_n_stakeholders,400,0.133309276934,0.381000678516,0.90708751655,0.0296380571,0.9626,0.8833
AB_n_stakeholders,401,0.623361893438,0.701424500022,0.702651091728,0.188423607679,0.945,0.7889
AB_n_stakeholders,402,0.636975434079,0.715635246193,0.464444331483,0.506283130245,0.9573,0.8222
AB_n_stakeholders,403,0.95114461322,0.364420170508,0.256090856123,0.243253124358,0.9705,0.9222
AB_n_stakeholders,404,0.362494149504,0.244136649139,0.459463641883,0.19386220852,0.9757,0.9222
AB_n_stakeholders,405,0.196881884879,0.722279414274,0.839592813886,0.981394494878,0.9544,0.8278
AB_n_stakeholders,406,0.951242306957,0.407438355194,0.180583817355,0.722796259203,0.9678,0.9056
AB_n_stakeholders,407,0.698019032671,0.184661891436,0.258459227464,0.967957531402,0.983,0.9667
AB_n_stakeholders,408,0.180381071395,0.299703444358,0.800262068517,0.737206919487,0.9678,0.9056
AB_n_stakeholders,409,0.812395032297,0.992623415155,0.241692181196,0.613585694098,0.952,0.8056
AB_n_stakeholders,410,0.458421466821,0.557935944303,0.428087697617,0.819948775379,0.9731,0.9
AB_n_stakeholders,411,0.8029439864,0.281354433934,0.895801298248,0.258943501897,0.9444,0.8389
AB_n_stakeholders,412,0.677800710327,0.277046465394,0.809543714436,0.261843789884,0.9564,0.8611
AB_n_stakeholders,413,0.0433221771205,0.460533576384,0.781647056639,0.188379777451,0.9711,0.8722
AB_n_stakeholders,414,0.215712294243,0.509598231767,0.601184603975,0.599816955604,0.9699,0.9
AB_n_stakeholders,415,0.192630665971,0.22606342884,0.983150680542,0.48503731943,0.9599,0.8778
AB_n_stakeholders,416,0.496234007741,0.128461427833,0.474605854645,0.454863877472,0.9769,0.9556
AB_n_stakeholders,417,0.70743159069,0.991633852122,0.424219138853,0.652414628862,0.952,0.8111
AB_n_stakeholders,418,0.406534768368,0.610236482361,0.451812465302,0.388606751753,0.9749,0.9056
AB_n_stakeholders,419,0.980203170388,0.655159126586,0.0566646754341,0.7455338862,0.9599,0.8556
AB_n_stakeholders,420,0.451390566722,0.981193935877,0.57333254275,0.820377533261,0.9623,0.8444
AB_n_stakeholders,421,0.942686345777,0.537440219488,0.602312809182,0.973806978329,0.9556,0.85
AB_n_stakeholders,422,0.0578210495157,0.373948427216,0.493224373493,0.731235098995,0.9792,0.9056
AB_n_stakeholders,423,0.034609877125,0.334281338749,0.55673764577,0.850529056617,0.9787,0.9056
AB_n_stakeholders,424,0.52790834502,0.392244280653,0.21426353275,0.666980731067,0.9763,0.9222
AB_n_stakeholders,425,0.553446656591,0.0599647841916,0.490767682207,0.845388890964,0.9804,0.9611
AB_n_stakeholders,426,0.897946545187,0.888990913016,0.711526300841,0.830121438475,0.9351,0.75
AB_n_stakeholders,427,0.504308800823,0.641481957695,0.706103330764,0.865730303895,0.9649,0.8889
AB_n_stakeholders,428,0.889895242049,0.0506999362321,0.917533278356,0.93868139827,0.9497,0.8722
AB_n_stakeholders,429,0.592349361846,0.154856151342,0.456985614363,0.652864345853,0.9754,0.9389
AB_n_stakeholders,430,0.982937281038,0.092154332985,0.824241840518,0.566768911671,0.9509,0.8722
AB_n_stakeholders,431,0.518080388398,0.487229640711,0.194985324211,0.119641132137,0.9719,0.8944
AB_n_stakeholders,432,0.724953327173,0.866547597896,0.223016805515,0.904975758624,0.9544,0.8389
AB_n_stakeholders,433,0.289605736825,0.526375901965,0.834151891448,0.784445504088,0.9596,0.8611
AB_n_stakeholders,434,0.929758331532,0.958193561649,0.784861979834,0.00726267513544,0.9307,0.7333
AB_n_stakeholders,435,0.409487781947,0.171102665521,0.602011213978,0.923663581397,0.9722,0.9111
AB_n_stakeholders,436,0.621133392655,0.216668655829,0.571214908873,0.857428041917,0.9713,0.9222
AB_n_stakeholders,437,0.447758744829,0.765639536197,0.248276814627,0.338563707211,0.9737,0.8944
AB_n_stakeholders,438,0.918737689691,0.944724324911,0.796138662602,0.282543730659,0.9292,0.7278
AB_n_stakeholders,439,0.749380833252,0.85625893538,0.0294536718067,0.312620921834,0.9512,0.8056
AB_n_stakeholders,440,0.282381027111,0.385461299921,0.251275524422,0.72992476815,0.981,0.9556
AB_n_stakeholders,441,0.886710395391,0.950717269873,0.690310235707,0.64567237181,0.9365,0.7556
AB_n_stakeholders,442,0.0660218700688,0.0706210819721,0.176862600081,0.143036955797,0.988,0.9611
AB_n_stakeholders,443,0.620370513913,0.325991301676,0.111986832831,0.872707468692,0.9787,0.9389
AB_n_stakeholders,444,0.479005476327,0.368890858581,0.463330201058,0.955896392063,0.9746,0.9167
AB_n_stakeholders,445,0.221524024026,0.293575701551,0.647631356072,0.532089988917,0.9731,0.9278
AB_n_stakeholders,446,0.362485865392,0.979922066717,0.884598147309,0.0466934778944,0.9442,0.7667
AB_n_stakeholders,447,0.662443697559,0.221873031232,0.441422692773,0.281948237762,0.9778,0.9444
AB_n_stakeholders,448,0.805657471976,0.599943729466,0.0883782243355,0.180736811738,0.9635,0.8778
AB_n_stakeholders,449,0.44646898247,0.0925439036235,0.601841994555,0.856923686834,0.9772,0.9389
AB_n_stakeholders,450,0.942794762152,0.294741140664,0.373219785589,0.397747583346,0.9728,0.9444
AB_n_stakeholders,451,0.569336919433,0.273688547556,0.912239678104,0.661134469958,0.955,0.8556
AB_n_stakeholders,452,0.976350641058,0.0916697110723,0.332389161819,0.151047493839,0.9787,0.9778
AB_n_stakeholders,453,0.9595843115,0.978797468167,0.39600096237,0.519408405178,0.95,0.8
AB_n_stakeholders,454,0.750554692534,0.909004097,0.815796598343,0.422573548319,0.9278,0.7278
AB_n_stakeholders,455,0.218225499583,0.512021418594,0.451282781192,0.875739745597,0.9699,0.9
AB_n_stakeholders,456,0.960158647462,0.429932557064,0.581889586483,0.110021543162,0.9582,0.8667
AB_n_stakeholders,457,0.870221262527,0.265456418423,0.396681943061,0.863111457822,0.9737,0.95
AB_n_stakeholders,458,0.276240484125,0.148716057242,0.546543625918,0.274780585633,0.9763,0.9444
AB_n_stakeholders,459,0.838835928037,0.294338888447,0.311175416011,0.0535127686111,0.9743,0.95
AB_n_stakeholders,460,0.956631696501,0.830233285986,0.486092836403,0.347835259896,0.9494,0.8
AB_n_stakeholders,461,0.278855176935,0.520953744041,0.763786096509,0.584422895515,0.964,0.8778
AB_n_stakeholders,462,0.961939436871,0.0645822975001,0.196333444191,0.719322808635,0.981,0.9889
AB_n_stakeholders,463,0.618709497964,0.0801110550362,0.0806938286289,0.277305041474,0.9871,0.9889
AB_n_stakeholders,464,0.828681225518,0.940049833937,0.919543972628,0.495976102413,0.9243,0.7111
AB_n_stakeholders,465,0.282910788748,0.846283703561,0.772901239665,0.603834017009,0.9579,0.8389
AB_n_stakeholders,466,0.340035033849,0.123905427329,0.569663232439,0.661598145789,0.9778,0.95
AB_n_stakeholders,467,0.298112327066,0.289423012961,0.339997685289,0.363124298369,0.9804,0.9556
AB_n_stakeholders,468,0.996068385622,0.754224115796,0.115004297631,0.93292478427,0.9556,0.8278
AB_n_stakeholders,469,0.497813837021,0.295474813024,0.122459133027,0.28718978009,0.9789,0.95
AB_n_stakeholders,470,0.398723827142,0.630719839088,0.559000199839,0.411365551286,0.9661,0.8722
AB_n_stakeholders,471,0.51801428281,0.702409051992,0.0996972128603,0.1020017035,0.9675,0.8667
AB_n_stakeholders,472,0.011629170906,0.0259262190115,0.107171950328,0.356898972666,0.9965,0.9889
AB_n_stakeholders,473,0.981633992645,0.340174139101,0.796133677438,0.384209007662,0.9459,0.8333
AB_n_stakeholders,474,0.140268323921,0.993226012205,0.888701506069,0.45087979512,0.9494,0.8
AB_n_stakeholders,475,0.484535053248,0.847219665717,0.431822194113,0.984253575996,0.9681,0.8722
AB_n_stakeholders,476,0.211416206039,0.681689358064,0.0411846812482,0.0293594632529,0.9743,0.9056
AB_n_stakeholders,477,0.446185166032,0.889520752722,0.161130196147,0.00395924893304,0.9734,0.8889
AB_n_stakeholders,478,0.42200737312,0.571859511056,0.548554937127,0.919777579668,0.9661,0.8722
AB_n_stakeholders,479,0.785697060979,0.71122370695,0.296663335209,0.463909961595,0.955,0.8278
AB_n_stakeholders,480,0.458140133288,0.0389422276405,0.754203077501,0.896404189642,0.9734,0.9278
AB_n_stakeholders,481,0.634035894515,0.189450253873,0.65687959188,0.0434171249406,0.9664,0.9056
AB_n_stakeholders,482,0.119748461068,0.636172609872,0.333334326703,0.446625782109,0.9719,0.8778
AB_n_stakeholders,483,0.914890446597,0.430295927799,0.363173518838,0.598854072621,0.9655,0.8944
AB_n_stakeholders,484,0.437777601138,0.520493277078,0.644742176505,0.0729158925186,0.967,0.8778
AB_n_stakeholders,485,0.418827581331,0.5767032841,0.185931709279,0.139237407802,0.9792,0.9222
AB_n_stakeholders,486,0.44186058487,0.448538483689,0.850823358804,0.804297077343,0.9649,0.8722
AB_n_stakeholders,487,0.534548100907,0.977286801173,0.192381845147,0.329379695883,0.9667,0.8556
AB_n_stakeholders,488,0.50503754155,0.488960959958,0.697753526073,0.417825459054,0.9658,0.8944
AB_n_stakeholders,489,0.423131946273,0.0820215211279,0.137600705529,0.869651558931,0.9918,0.9944
AB_n_stakeholders,490,0.705586562503,0.583658330434,0.332639322486,0.790359576304,0.9632,0.8667
AB_n_stakeholders,491,0.992490011913,0.216878752924,0.832385484447,0.370169383618,0.9491,0.8611
AB_n_stakeholders,492,0.398095919321,0.950227627675,0.928442293025,0.19296372706,0.9506,0.7889
AB_n_stakeholders,493,0.0410822306195,0.145830589513,0.556257501506,0.870463235482,0.9839,0.9389
AB_n_stakeholders,494,0.700203275567,0.678985165509,0.625999411569,0.278057623837,0.9444,0.7889
AB_n_stakeholders,495,0.205474452571,0.135463246396,0.664264887532,0.633337940652,0.9749,0.9389
AB_n_stakeholders,496,0.228752790756,0.305543552574,0.350489467835,0.259162801995,0.9804,0.9556
AB_n_stakeholders,497,0.486856266664,0.687555364332,0.819183274756,0.61915585724,0.9594,0.8667
AB_n_stakeholders,498,0.768454438455,0.141745608482,0.949718913243,0.508037459897,0.948,0.8611
AB_n_stakeholders,499,0.26463205202,0.204482688364,0.85405536163,0.576378992321,0.9661,0.9056
AB_n_stakeholders,500,0.0209849593614,0.165260968807,0.108147741747,0.252327801678,0.9939,0.9722
AB_n_stakeholders,501,0.765965410055,0.152674347861,0.644866121065,0.101512460291,0.9684,0.9389
AB_n_stakeholders,502,0.350043416943,0.153891909427,0.263525863007,0.680786354622,0.9781,0.9389
AB_n_stakeholders,503,0.349533542338,0.570051356298,0.577111424483,0.21748363134,0.964,0.8722
AB_n_stakeholders,504,0.939652926094,0.224669722035,0.824645017263,0.363273391771,0.9491,0.8611
AB_n_stakeholders,505,0.31522428778,0.30838234998,0.571351314288,0.636523890359,0.9722,0.9222
AB_n_stakeholders,506,0.27762140353,0.433927734934,0.524115018358,0.999777059736,0.9728,0.9222
AB_n_stakeholders,507,0.887245051943,0.270789995371,0.555893415936,0.529341777548,0.9693,0.9333
AB_n_stakeholders,508,0.125389216407,0.720362468725,0.217579037483,0.411335575548,0.9725,0.9056
AB_n_stakeholders,509,0.227330383041,0.243410617142,0.728892215009,0.605061997031,0.9711,0.9222
AB_n_stakeholders,510,0.827001390184,0.697167785136,0.779899841736,0.822901692152,0.9342,0.7556
AB_n_stakeholders,511,0.315434885749,0.631616883433,0.401185031902,0.918829597118,0.9693,0.9
AB_n_stakeholders,512,0.0157736978035,0.211297894936,0.432760834288,0.411013778812,0.988,0.95
AB_n_stakeholders,513,0.739964769762,0.580517548204,0.0585255867145,0.424140085162,0.9632,0.8833
AB_n_stakeholders,514,0.0270164681941,0.294589538782,0.788715760553,0.734214692381,0.9763,0.9056
AB_n_stakeholders,515,0.679158178912,0.467148057033,0.165665170734,0.0742230542391,0.9713,0.8889
AB_n_stakeholders,516,0.858186463569,0.323820496915,0.566554632911,0.8849599705,0.9667,0.9167
AB_n_stakeholders,517,0.428006735155,0.0497113415333,0.112783380645,0.672572325787,0.9918,0.9944
AB_n_stakeholders,518,0.565415083841,0.614711435259,0.424347037581,0.544105735716,0.9673,0.8778
AB_n_stakeholders,519,0.0872573683693,0.898208570555,0.873310388519,0.925340120031,0.9518,0.7944
AB_n_stakeholders,520,0.929428379497,0.144936426504,0.0670231691162,0.584422124418,0.9801,0.9833
AB_n_stakeholders,521,0.646930934896,0.39272002686,0.843332074072,0.122109754614,0.9506,0.8278
AB_n_stakeholders,522,0.944853540947,0.421561788484,0.228192462607,0.369325736697,0.9678,0.9056
AB_n_stakeholders,523,0.289965749451,0.418209774627,0.801868010194,0.701514989192,0.9655,0.8944
AB_n_stakeholders,524,0.897483120802,0.885359879505,0.704391644284,0.506684250196,0.9365,0.7556
AB_n_stakeholders,525,0.20969156888,0.241531230788,0.853022746225,0.0166537321737,0.9643,0.8944
AB_n_stakeholders,526,0.605482271213,0.937135198823,0.273615086579,0.302725729289,0.9582,0.8167
AB_n_stakeholders,527,0.533392016755,0.281718745013,0.381583599799,0.919789838141,0.9757,0.9278
AB_n_stakeholders,528,0.359567376181,0.537673109183,0.0135116099673,0.349115057155,0.9825,0.9389
AB_n_stakeholders,529,0.553382594848,0.165505434967,0.747429773936,0.151707167569,0.9675,0.9056
AB_n_stakeholders,530,0.301140413332,0.998799678838,0.819893680715,0.8575926453,0.9535,0.8222
AB_n_stakeholders,531,0.964648812584,0.888288656009,0.0413100214397,0.135131648258,0.952,0.8056
AB_n_stakeholders,532,0.0329921437703,0.876027786865,0.0316952334515,0.950830692599,0.9749,0.8556
AB_n_stakeholders,533,0.572843305823,0.749151335709,0.819520588092,0.48187435139,0.9404,0.7722
AB_n_stakeholders,534,0.494620984131,0.462454854214,0.311611403999,0.408387609486,0.9728,0.9222
AB_n_stakeholders,535,0.0823053327575,0.11449787911,0.169715350699,0.576351598498,0.988,0.9611
AB_n_stakeholders,536,0.794851030659,0.402602957783,0.248327421492,0.0546444635043,0.9687,0.9111
AB_n_stakeholders,537,0.0587184858407,0.234558326695,0.138485250583,0.0103104463395,0.9871,0.9444
AB_n_stakeholders,538,0.422160377666,0.956288092151,0.166006140558,0.176483654216,0.9687,0.8556
AB_n_stakeholders,539,0.511857978048,0.986047511655,0.15115930401,0.0282161299661,0.9649,0.85
AB_n_stakeholders,540,0.867593114798,0.929339083481,0.28140328542,0.765301941268,0.9515,0.8056
AB_n_stakeholders,541,0.837894970392,0.734495608365,0.647157065939,0.014262850013,0.9447,0.7889
AB_n_stakeholders,542,0.267642192083,0.688495257972,0.46067293281,0.619088733776,0.9655,0.8722
AB_n_stakeholders,543,0.888397556641,0.0823835137212,0.450725158984,0.500230736,0.9757,0.9667
AB_n_stakeholders,544,0.993610208675,0.666781362345,0.139449605264,0.316500042138,0.9582,0.8444
AB_n_stakeholders,545,0.390631525535,0.736815372004,0.920180760716,0.478973793697,0.9576,0.8333
AB_n_stakeholders,546,0.228166944872,0.122461678245,0.0464903021589,0.548542361605,0.9865,0.9833
AB_n_stakeholders,547,0.222028396204,0.845643285713,0.845673898565,0.508299043299,0.9535,0.8222
AB_n_stakeholders,548,0.574868313303,0.0454376447273,0.180303578018,0.224700215056,0.9854,0.9833
AB_n_stakeholders,549,0.369787783861,0.249556804258,0.322625209233,0.597684621392,0.9807,0.9389
AB_n_stakeholders,550,0.361042512883,0.4927195677,0.995470080007,0.964299706897,0.9526,0.8278
AB_n_stakeholders,551,0.875463509272,0.0518309261254,0.829940429035,0.450509351428,0.9526,0.8833
AB_n_stakeholders,552,0.951385646222,0.899400903103,0.232444046528,0.620805472817,0.952,0.8056
AB_n_stakeholders,553,0.89451676,0.0833858525491,0.658024861759,0.099642877188,0.967,0.9333
AB_n_stakeholders,554,0.802755452583,0.429396892103,0.189222602122,0.0257989546097,0.967,0.9
AB_n_stakeholders,555,0.161346896252,0.404987897614,0.175433759247,0.122650025656,0.9807,0.95
AB_n_stakeholders,556,0.939527312856,0.492176979398,0.736612675731,0.231555771413,0.9459,0.8222
AB_n_stakeholders,557,0.161069969677,0.863751974335,0.432177953027,0.885665034457,0.9658,0.8667
AB_n_stakeholders,558,0.189988369168,0.378103809167,0.136315893386,0.792122267333,0.9816,0.9556
AB_n_stakeholders,559,0.870489720343,0.994187166057,0.303719801147,0.746039192443,0.9515,0.8056
AB_n_stakeholders,560,0.202612988444,0.370489679073,0.181950436376,0.291131159504,0.9816,0.9556
AB_n_stakeholders,561,0.30116636947,0.556882318002,0.236623450032,0.562487979849,0.9743,0.9111
AB_n_stakeholders,562,0.2360080585,0.305382978131,0.331207996853,0.166250476522,0.9804,0.9556
AB_n_stakeholders,563,0.317324460067,0.88196063986,0.110562664078,0.430726936788,0.9664,0.8667
AB_n_stakeholders,564,0.752266764615,0.876464408778,0.496706001411,0.836757784492,0.9477,0.7944
AB_n_stakeholders,565,0.905929848355,0.894146183427,0.862143957508,0.996102723258,0.9243,0.7111
AB_n_stakeholders,566,0.662436534986,0.753787040788,0.530419004315,0.897444800131,0.955,0.8111
AB_n_stakeholders,567,0.685744158439,0.98926979843,0.484732799983,0.964150466737,0.952,0.7889
AB_n_stakeholders,568,0.396788259544,0.322252051586,0.599312225046,0.441402576537,0.9687,0.8889
AB_n_stakeholders,569,0.403930037647,0.763154361064,0.687235039099,0.419426784761,0.9611,0.8444
AB_n_stakeholders,570,0.181357548157,0.926680392913,0.622397880622,0.891460605748,0.9629,0.8556
AB_n_stakeholders,571,0.909550611583,0.813231482108,0.577487877473,0.00222946107928,0.9465,0.7889
AB_n_stakeholders,572,0.347583051278,0.616193635482,0.482968111869,0.0711163763716,0.9699,0.8944
AB_n_stakeholders,573,0.847182313624,0.385149474538,0.21656827734,0.0599732702544,0.9687,0.9111
AB_n_stakeholders,574,0.717893015255,0.597328598783,0.213366391695,0.0130873780168,0.9588,0.8667
AB_n_stakeholders,575,0.544995777138,0.402591635271,0.102546098636,0.784545566567,0.9772,0.9222
AB_n_stakeholders,576,0.430098649347,0.90589486077,0.685585250246,0.379558964243,0.9558,0.8111
AB_n_stakeholders,577,0.922059941974,0.778477449642,0.41634025497,0.206686465418,0.9503,0.8056
AB_n_stakeholders,578,0.120919953956,0.709749523818,0.368154243589,0.381495137563,0.9702,0.8667
AB_n_stakeholders,579,0.343966248019,0.824100118536,0.659205547098,0.465030505069,0.9629,0.8556
AB_n_stakeholders,580,0.773020695802,0.671377077948,0.968200741043,0.876340001078,0.9287,0.7389
AB_n_stakeholders,581,0.902973583613,0.94357133391,0.972960244872,0.584394368921,0.9243,0.7111
AB_n_stakeholders,582,0.779071277077,0.380252746148,0.092775329202,0.594505808174,0.9696,0.9167
AB_n_stakeholders,583,0.00169642536085,0.986001788452,0.917126561146,0.796181389432,0.9556,0.7889
AB_n_stakeholders,584,0.950712721891,0.462354800017,0.979988030687,0.940280425741,0.9365,0.7889
AB_n_stakeholders,585,0.199935640563,0.0650465990043,0.751306257654,0.858086678248,0.9728,0.9333
AB_n_stakeholders,586,0.930166965991,0.399480245374,0.619800467961,0.145802098545,0.9585,0.8722
AB_n_stakeholders,587,0.188738921288,0.0310796374865,0.922550496458,0.837980274368,0.9655,0.9056
AB_n_stakeholders,588,0.381501953758,0.383163211039,0.125431817997,0.36523136596,0.9848,0.95
AB_n_stakeholders,589,0.454133124416,0.913932718054,0.954354936929,0.153367869494,0.9512,0.7944
AB_n_stakeholders,590,0.265851483752,0.865500824942,0.202756915914,0.31386642179,0.9711,0.8889
AB_n_stakeholders,591,0.536232946954,0.654265068262,0.153860677435,0.793208660236,0.9719,0.8889
AB_n_stakeholders,592,0.00404825894828,0.487196040952,0.971038845974,0.246410882741,0.9664,0.8611
AB_n_stakeholders,593,0.545622688669,0.227675453008,0.969894180868,0.120764849256,0.9576,0.8611
AB_n_stakeholders,594,0.477012648272,0.585922852374,0.336158218983,0.421596851636,0.9757,0.9167
AB_n_stakeholders,595,0.195839417207,0.0630899008021,0.778263273204,0.725642690966,0.9728,0.9333
AB_n_stakeholders,596,0.514701266481,0.557296745725,0.40587517837,0.0492018531064,0.9652,0.8667
AB_n_stakeholders,597,0.866699002025,0.0812268298636,0.0248213958416,0.114579401276,0.9801,0.9833
AB_n_stakeholders,598,0.475144340944,0.739359972707,0.898208520786,0.408845188132,0.9599,0.85
AB_n_stakeholders,599,0.524976933734,0.223911275545,0.0616776976523,0.962414568967,0.9822,0.9556
AB_n_stakeholders,600,0.505356797843,0.220350167367,0.694631320808,0.352108780066,0.9702,0.9222
AB_n_stakeholders,601,0.552990982539,0.785549917052,0.12453752291,0.596874261438,0.9693,0.8722
AB_n_stakeholders,602,0.318242274923,0.955500000645,0.66922196411,0.594911758091,0.9556,0.8167
AB_n_stakeholders,603,0.606123207131,0.934912430285,0.0427185311233,0.137239244241,0.9626,0.8333
AB_n_stakeholders,604,0.769716421902,0.440457678439,0.871181518068,0.560492950956,0.9374,0.7944
AB_n_stakeholders,605,0.520313820866,0.926839489339,0.235434190885,0.55055413993,0.9658,0.8556
AB_n_stakeholders,606,0.336726708117,0.877840968343,0.960926634897,0.846833189003,0.9497,0.8056
AB_n_stakeholders,607,0.825126174005,0.495715664921,0.763755118691,0.859210675625,0.943,0.8111
AB_n_stakeholders,608,0.491221134997,0.982103960006,0.127052446789,0.605855202555,0.9702,0.8944
AB_n_stakeholders,609,0.0841345848573,0.77840219455,0.459600142196,0.761366709495,0.9678,0.8556
AB_n_stakeholders,610,0.976485090686,0.0075208995412,0.792492918184,0.319836203587,0.9556,0.8944
AB_n_stakeholders,611,0.685632791461,0.59956520816,0.83800650116,0.834856095271,0.9477,0.8056
AB_n_stakeholders,612,0.179264644664,0.240265765676,0.327348992558,0.0292389809486,0.9819,0.9611
AB_n_stakeholders,613,0.28368689652,0.345796824837,0.197850091095,0.355970969211,0.9833,0.9667
AB_n_stakeholders,614,0.243353998268,0.0106122377505,0.401819346685,0.851769596596,0.9816,0.9667
AB_n_stakeholders,615,0.0403453101751,0.549207740422,0.914640560592,0.509369149358,0.9673,0.8556
AB_n_stakeholders,616,0.617390251872,0.694016188092,0.510225352797,0.24976208246,0.9561,0.8222
AB_n_stakeholders,617,0.561772735963,0.484807854604,0.865109250246,0.0553319472886,0.9541,0.8389
AB_n_stakeholders,618,0.454909804349,0.410296732071,0.784891725174,0.999104636247,0.9637,0.8667
AB_n_stakeholders,619,0.0818766753073,0.960944950658,0.824917167317,0.0223972340414,0.9532,0.8
AB_n_stakeholders,620,0.349217107781,0.493485229921,0.963657354295,0.478857755069,0.9547,0.8389
AB_n_stakeholders,621,0.390424129726,0.873189576749,0.31669299505,0.332391284145,0.9684,0.8611
AB_n_stakeholders,622,0.538559968867,0.299652761368,0.6903141271,0.484562693252,0.9649,0.8889
AB_n_stakeholders,623,0.843518723922,0.740227819564,0.28299013592,0.76051809926,0.955,0.8278
AB_n_stakeholders,624,0.590269715752,0.161926596346,0.249642231169,0.46156331745,0.9813,0.9611
AB_n_stakeholders,625,0.455887291444,0.261047070143,0.991373850303,0.0542166915941,0.9629,0.8722
AB_n_stakeholders,626,0.4745425238,0.586804196255,0.505072288269,0.340199307443,0.9728,0.9056
AB_n_stakeholders,627,0.178276503924,0.26627270417,0.813322965489,0.0818819766099,0.9658,0.9
AB_n_stakeholders,628,0.128418458217,0.536634348711,0.0480782090259,0.418476726347,0.9772,0.9278
AB_n_stakeholders,629,0.701757457495,0.432232398591,0.763568959788,0.946601979963,0.9444,0.8111
AB_n_stakeholders,630,0.136283236879,0.657976146351,0.262548249516,0.500453929345,0.9731,0.9056
AB_n_stakeholders,631,0.21926827517,0.939161471237,0.156176818077,0.939823306021,0.9702,0.8833
AB_n_stakeholders,632,0.510311876759,0.752239533556,0.961190864258,0.920060165079,0.9582,0.8611
AB_n_stakeholders,633,0.593194420357,0.825251794656,0.701824591799,0.513096576712,0.9421,0.7722
AB_n_stakeholders,634,0.691529093935,0.847437274262,0.670883413929,0.137862109117,0.9462,0.7778
AB_n_stakeholders,635,0.20721349361,0.797611236491,0.226220844548,0.36887197789,0.9711,0.8889
AB_n_stakeholders,636,0.306282122938,0.010552545723,0.514762914111,0.34178901529,0.9757,0.9389
AB_n_stakeholders,637,0.892929046515,0.417963729137,0.819145220512,0.356278029077,0.9412,0.8111
AB_n_stakeholders,638,0.997118052621,0.170673827092,0.856652396414,0.43946024291,0.948,0.8611
AB_n_stakeholders,639,0.309030424914,0.0876044605887,0.955414505023,0.37256876094,0.9617,0.8833
AB_n_stakeholders,640,0.209246240799,0.955634625906,0.100987331307,0.801512002998,0.9684,0.8722
AB_n_stakeholders,641,0.884664675931,0.855405859162,0.590757488099,0.879622100389,0.9442,0.7778
AB_n_stakeholders,642,0.931816558178,0.942374171852,0.731504559051,0.0986686656085,0.9336,0.7444
AB_n_stakeholders,643,0.0498408448231,0.111105391838,0.553377508268,0.178103392699,0.9839,0.9389
AB_n_stakeholders,644,0.979759337186,0.281502604366,0.670053800037,0.30993874899,0.962,0.9056
AB_n_stakeholders,645,0.876256405991,0.995579949892,0.512593563541,0.728545739057,0.9456,0.7833
AB_n_stakeholders,646,0.351348023216,0.24074713336,0.515755948349,0.782132640356,0.9675,0.8944
AB_n_stakeholders,647,0.492680023394,0.501149054461,0.363946203611,0.231929632528,0.9705,0.9111
AB_n_stakeholders,648,0.499924945457,0.791149721599,0.680794673761,0.550067469694,0.9635,0.8778
AB_n_stakeholders,649,0.622582108892,0.256359728151,0.07808174097,0.0117773249566,0.9836,0.9667
AB_n_stakeholders,650,0.260974903712,0.0742305104745,0.929262663222,0.506332650465,0.9655,0.9056
AB_n_stakeholders,651,0.431012584618,0.604985466272,0.32992898593,0.27323639399,0.9763,0.9111
AB_n_stakeholders,652,0.779499717878,0.694589918042,0.951524351235,0.770965766351,0.9278,0.7333
AB_n_stakeholders,653,0.00393917768386,0.515219717315,0.969666179814,0.0617674185085,0.9664,0.8611
AB_n_stakeholders,654,0.590751303834,0.549792884806,0.222204600067,0.666956300812,0.9678,0.8722
AB_n_stakeholders,655,0.743908693289,0.729506550875,0.131763530826,0.880202724125,0.9591,0.8611
AB_n_stakeholders,656,0.184246221618,0.118242934131,0.520647865756,0.750556656793,0.9778,0.95
AB_n_stakeholders,657,0.672185725305,0.496465559795,0.700766589175,0.729577725917,0.95,0.8167
AB_n_stakeholders,658,0.408434039862,0.718697560196,0.579720179758,0.345001429725,0.9643,0.8611
AB_n_stakeholders,659,0.0799816545255,0.541283328787,0.259637851098,0.633921490239,0.976,0.9
AB_n_stakeholders,660,0.855046665171,0.866413352329,0.516838568522,0.118138288065,0.9456,0.7833
AB_n_stakeholders,661,0.66591219931,0.731163825541,0.751792567353,0.169600020733,0.9439,0.7778
AB_n_stakeholders,662,0.589946056123,0.286730276209,0.282830243779,0.109337848883,0.9781,0.9444
AB_n_stakeholders,663,0.289589181075,0.267966839573,0.11756772964,0.477877237512,0.9842,0.9722
AB_n_stakeholders,664,0.619028852095,0.715125426833,0.283948218598,0.782621030355,0.9617,0.8389
AB_n_stakeholders,665,0.0812613973615,0.617833716531,0.504619818722,0.472479617566,0.9699,0.8722
AB_n_stakeholders,666,0.333882737819,0.223017136872,0.845026144885,0.794727923897,0.9649,0.8944
AB_n_stakeholders,667,0.512460785524,0.502140334405,0.529598685586,0.846084263178,0.9655,0.8722
AB_n_stakeholders,668,0.620241637956,0.0440926278929,0.840039912906,0.563199681467,0.9588,0.8833
AB_n_stakeholders,669,0.0567355190145,0.761343196261,0.42982233301,0.344112715266,0.9705,0.85
AB_n_stakeholders,670,0.0658403504096,0.041931798146,0.342159940673,0.181311555984,0.9816,0.9389
AB_n_stakeholders,671,0.823835324201,0.163527029008,0.219270207272,0.680670794348,0.9801,0.9833
AB_n_stakeholders,672,0.73467734229,0.667657160372,0.449064061698,0.186833721193,0.9482,0.8222
AB_n_stakeholders,673,0.220100958831,0.130264958148,0.675498991784,0.397039015988,0.9734,0.9333
AB_n_stakeholders,674,0.0285484708441,0.727612714714,0.277357823745,0.179964617152,0.9813,0.9
AB_n_stakeholders,675,0.354737367063,0.744865196357,0.446200388481,0.731952940826,0.9687,0.8833
AB_n_stakeholders,676,0.628834927403,0.159144784051,0.0167648350329,0.124360244081,0.9868,0.9833
AB_n_stakeholders,677,0.0848745481141,0.449965756725,0.181171462392,0.942356292423,0.9827,0.9278
AB_n_stakeholders,678,0.270262027097,0.438669373567,0.89685534774,0.243503649317,0.9626,0.8833
AB_n_stakeholders,679,0.466177605344,0.0475020136981,0.25574273763,0.56679842627,0.9845,0.9722
AB_n_stakeholders,680,0.330827242605,0.327424961624,0.847492246838,0.569078203407,0.964,0.8889
AB_n_stakeholders,681,0.483558306094,0.410735411707,0.333613725981,0.668134650033,0.9766,0.9222
AB_n_stakeholders,682,0.269724377285,0.444819949852,0.423883289741,0.172069183499,0.9757,0.9333
AB_n_stakeholders,683,0.286142244356,0.287770968115,0.29663877971,0.381385404575,0.9819,0.9611
AB_n_stakeholders,684,0.881412044513,0.0150089243469,0.847616904781,0.420756093574,0.9512,0.8778
AB_n_stakeholders,685,0.956187981025,0.0388704953297,0.691935548925,0.812521408343,0.9629,0.9222
AB_n_stakeholders,686,0.5235816852,0.958270015659,0.953006376915,0.735327420944,0.9444,0.7833
AB_n_stakeholders,687,0.21428318875,0.291096608835,0.899404662342,0.403066905341,0.9635,0.8889
AB_n_stakeholders,688,0.690795110251,0.505227740985,0.586451170389,0.695938044947,0.9596,0.8444
AB_n_stakeholders,689,0.822941854273,0.470789378383,0.0393372795385,0.969582212087,0.9661,0.8944
AB_n_stakeholders,690,0.824172107811,0.965990799464,0.577787141899,0.117039031054,0.9456,0.7833
AB_n_stakeholders,691,0.315111442596,0.593521802705,0.495246165469,0.816319260553,0.9678,0.8944
AB_n_stakeholders,692,0.0898196549731,0.294228773788,0.673382940286,0.948103370198,0.9693,0.8833
AB_n_stakeholders,693,0.728312019064,0.308808159995,0.844152106777,0.629023342464,0.943,0.8333
AB_n_stakeholders,694,0.155559358363,0.931976458843,0.379772306878,0.722196594704,0.9664,0.8667
AB_n_stakeholders,695,0.384051424146,0.99146673707,0.889953021408,0.891758919066,0.9497,0.7833
AB_n_stakeholders,696,0.823040320847,0.726745997856,0.680347468426,0.926965094394,0.9436,0.7889
AB_n_stakeholders,697,0.938412017433,0.781974082479,0.687691427704,0.0421289181244,0.9398,0.7722
AB_n_stakeholders,698,0.261964380927,0.0945264405688,0.961499779851,0.977155865188,0.9632,0.8944
AB_n_stakeholders,699,0.220379702529,0.890371240716,0.651732816807,0.911731758413,0.9608,0.85
AB_n_stakeholders,700,0.396911284873,0.0680381837179,0.939624101421,0.409451877192,0.9699,0.9111
AB_n_stakeholders,701,0.280218785299,0.665520924079,0.587917582091,0.626595850245,0.964,0.8667
AB_n_stakeholders,702,0.392605448448,0.387086073047,0.616489541308,0.402903185544,0.9687,0.8889
AB_n_stakeholders,703,0.478733794757,0.623475337613,0.701628955499,0.397414933996,0.9684,0.8889
AB_n_stakeholders,704,0.627573155403,0.331159161801,0.334663342536,0.74120668867,0.9743,0.9222
AB_n_stakeholders,705,0.310863674783,0.650844106787,0.597073518296,0.0672785851135,0.9655,0.8778
AB_n_stakeholders,706,0.108031660363,0.600041880533,0.190553549015,0.654891742144,0.981,0.9167
AB_n_stakeholders,707,0.171862511441,0.56866526296,0.336757200853,0.43832594016,0.9749,0.9167
AB_n_stakeholders,708,0.698360931657,0.371435611761,0.586252446312,0.350496161375,0.9558,0.8611
AB_n_stakeholders,709,0.119644056441,0.860147231909,0.555446935482,0.605402282627,0.9617,0.8278
AB_n_stakeholders,710,0.022417553932,0.0644091782576,0.395351455741,0.242815112532,0.9898,0.9611
AB_n_stakeholders,711,0.676852960682,0.38200241298,0.434298184315,0.214667713383,0.9699,0.8944
AB_n_stakeholders,712,0.748988887465,0.874302527712,0.835956546155,0.639775352194,0.9278,0.7278
AB_n_stakeholders,713,0.619726805263,0.507303738724,0.465547911686,0.108459726712,0.9611,0.85
AB_n_stakeholders,714,0.935160013967,0.546543352869,0.798628691115,0.141546367784,0.9401,0.8
AB_n_stakeholders,715,0.215883885933,0.839587742985,0.935503616728,0.260214790311,0.9482,0.8
AB_n_stakeholders,716,0.953159629271,0.897012092679,0.0242879028136,0.512300269357,0.952,0.8056
AB_n_stakeholders,717,0.828524666402,0.976589983759,0.350686569637,0.923382716526,0.9515,0.8056
AB_n_stakeholders,718,0.643923910863,0.405664055696,0.678583241297,0.866071647792,0.9553,0.8389
AB_n_stakeholders,719,0.78793871542,0.875804974073,0.11832367904,0.326733672,0.952,0.8056
AB_n_stakeholders,720,0.932562063855,0.742245941769,0.852695141351,0.188285865784,0.9292,0.7389
AB_n_stakeholders,721,0.944413446996,0.570438190066,0.225833324542,0.738996586972,0.9643,0.8833
AB_n_stakeholders,722,0.295530464625,0.187561286702,0.95955794781,0.550087669077,0.9632,0.8944
AB_n_stakeholders,723,0.392383681935,0.223222302276,0.610522058749,0.635558144125,0.9705,0.9
AB_n_stakeholders,724,0.468287947671,0.417699544923,0.076767707255,0.915817333457,0.9825,0.9444
AB_n_stakeholders,725,0.630661332506,0.879355899678,0.826334007926,0.909869164174,0.9401,0.7611
AB_n_stakeholders,726,0.181659103765,0.400682201082,0.868056692414,0.393169119109,0.9617,0.8778
AB_n_stakeholders,727,0.441965803281,0.342048713529,0.188909899344,0.493542599937,0.9822,0.9444
AB_n_stakeholders,728,0.144166331941,0.296638355532,0.488303279416,0.938334492407,0.9766,0.9389
AB_n_stakeholders,729,0.555973464349,0.981917466361,0.629022347456,0.924007292906,0.9553,0.8167
AB_n_stakeholders,730,0.774795621017,0.691632961943,0.96853424357,0.45139923293,0.9278,0.7333
AB_n_stakeholders,731,0.420198654174,0.000211893288041,0.872596331057,0.516507587567,0.9699,0.9111
AB_n_stakeholders,732,0.932385602738,0.89997779692,0.912298573221,0.36531041587,0.9243,0.7111
AB_n_stakeholders,733,0.409545553221,0.504257570123,0.912366388163,0.47862700883,0.9611,0.8556
AB_n_stakeholders,734,0.800701239569,0.827147799235,0.473076173436,0.949663454284,0.9494,0.8
AB_n_stakeholders,735,0.818414668047,0.14553961624,0.98496459478,0.839944804016,0.9465,0.8556
AB_n_stakeholders,736,0.439675114411,0.0388231327872,0.524599358778,0.487911649888,0.9757,0.9333
AB_n_stakeholders,737,0.805043046636,0.940887389625,0.239834810639,0.477625220619,0.952,0.8056
AB_n_stakeholders,738,0.121847186971,0.802662835929,0.0741073180473,0.631561961256,0.9778,0.8889
AB_n_stakeholders,739,0.69360250765,0.968387931517,0.536734610418,0.405413224528,0.9515,0.7889
AB_n_stakeholders,740,0.176753213662,0.300442683029,0.498739217329,0.976307961223,0.9751,0.9333
AB_n_stakeholders,741,0.443705970247,0.990060747446,0.987296720953,0.0576473033138,0.955,0.8167
AB_n_stakeholders,742,0.270891685195,0.369019824681,0.463106546437,0.970684129759,0.9751,0.9333
AB_n_stakeholders,743,0.371752961096,0.318489833473,0.856440367553,0.327572889385,0.9629,0.8667
AB_n_stakeholders,744,0.541833115834,0.604396415593,0.432883681046,0.61534809005,0.9673,0.8778
AB_n_stakeholders,745,0.787002565796,0.177840230984,0.0821707738043,0.016487193726,0.9792,0.9778
AB_n_stakeholders,746,0.547363841242,0.191264763062,0.191722021545,0.912940333119,0.9842,0.9667
AB_n_stakeholders,747,0.844876671836,0.410666623086,0.302207399672,0.0767789318105,0.9664,0.9
AB_n_stakeholders,748,0.187469545204,0.447309882859,0.640657111036,0.773657612901,0.9719,0.9167
AB_n_stakeholders,749,0.21087135703,0.0422908525694,0.877026237431,0.665307515867,0.967,0.9111
AB_n_stakeholders,750,0.995268232603,0.618055205587,0.522603111396,0.183667250176,0.9544,0.8389
AB_n_stakeholders,751,0.282704687565,0.855684928389,0.656243293668,0.295471963111,0.9594,0.8444
AB_n_stakeholders,752,0.140683133923,0.134820634925,0.664081290464,0.121304491111,0.9749,0.9389
AB_n_stakeholders,753,0.320609333191,0.294042206845,0.9151568374,0.0791256773447,0.9611,0.8778
AB_n_stakeholders,754,0.5511025967,0.950049607304,0.517186173914,0.431462107138,0.9602,0.8333
AB_n_stakeholders,755,0.607055768028,0.546223418461,0.377169128206,0.912725088272,0.9623,0.85
AB_n_stakeholders,756,0.943847169062,0.547678022663,0.422511783237,0.185081187407,0.9599,0.8667
AB_n_stakeholders,757,0.778441260568,0.7085550053,0.388921768609,0.268328665565,0.9535,0.8222
AB_n_stakeholders,758,0.780119270658,0.558223816243,0.989252652384,0.678828060013,0.9342,0.7778
AB_n_stakeholders,759,0.0908866253446,0.618566918979,0.656639253498,0.297355330551,0.9655,0.8556
AB_n_stakeholders,760,0.71665459924,0.623288454793,0.195189780565,0.500614090788,0.9579,0.8611
AB_n_stakeholders,761,0.177815120205,0.351214588477,0.239200402046,0.508426356982,0.9825,0.9611
AB_n_stakeholders,762,0.935529772609,0.967659967951,0.284675311323,0.928463579302,0.9515,0.8056
AB_n_stakeholders,763,0.669987172883,0.693548936532,0.216891851301,0.0421973811335,0.9661,0.8556
AB_n_stakeholders,764,0.210570484944,0.627444014155,0.474914783561,0.572275105961,0.9705,0.9
AB_n_stakeholders,765,0.350993291715,0.850458940983,0.26008613763,0.389831628533,0.9649,0.8556
AB_n_stakeholders,766,0.282709112206,0.441087483323,0.853823384157,0.00713245710457,0.9626,0.8833
AB_n_stakeholders,767,0.840663341233,0.195620250828,0.187963737849,0.816548255224,0.9792,0.9778
AB_n_stakeholders,768,0.219378611587,0.509125225144,0.000777663926455,0.604154370076,0.9807,0.9389
AB_n_stakeholders,769,0.3461606959,0.75423796698,0.44668534872,0.707200274226,0.9687,0.8833
AB_n_stakeholders,770,0.737479642488,0.499237447252,0.583179014628,0.441301833764,0.9439,0.8167
AB_n_stakeholders,771,0.0509240662702,0.460788360488,0.953333257699,0.648788820806,0.969,0.8667
AB_n_stakeholders,772,0.500837805049,0.0989889290071,0.156011932541,0.289653317797,0.9827,0.9778
AB_n_stakeholders,773,0.287165461933,0.552294920323,0.173882427296,0.396204660762,0.9763,0.9222
AB_n_stakeholders,774,0.8242265839,0.152204724176,0.219372454774,0.883563046128,0.9801,0.9833
AB_n_stakeholders,775,0.95092722869,0.210169019121,0.632494036284,0.463523018469,0.9675,0.9333
AB_n_stakeholders,776,0.907598322464,0.205305339077,0.895025924338,0.696201391997,0.9471,0.8556
AB_n_stakeholders,777,0.247794747864,0.69019027483,0.930005122129,0.605213458932,0.9523,0.8222
AB_n_stakeholders,778,0.179002401627,0.967690256853,0.926469903876,0.105182875388,0.948,0.7944
AB_n_stakeholders,779,0.791092072711,0.631359451437,0.813436989128,0.124797692672,0.936,0.7778
AB_n_stakeholders,780,0.406639893798,0.482188465311,0.97194633011,0.906323102915,0.9611,0.8556
AB_n_stakeholders,781,0.571713197401,0.757709956997,0.273152520978,0.0889385039246,0.964,0.85
AB_n_stakeholders,782,0.736824900881,0.801723093144,0.113291233702,0.381660765105,0.9588,0.8556
AB_n_stakeholders,783,0.811579739915,0.782024732121,0.633170359815,0.169372017108,0.943,0.7778
AB_n_stakeholders,784,0.677320023334,0.483150696315,0.229435974569,0.0089603494551,0.9713,0.8889
AB_n_stakeholders,785,0.176865305338,0.38262411111,0.853265786247,0.891289306125,0.9626,0.8833
AB_n_stakeholders,786,0.613413916329,0.783474253682,0.525198315626,0.929369746414,0.9535,0.8056
AB_n_stakeholders,787,0.278755531868,0.529987449956,0.762326375921,0.648382107906,0.9632,0.8722
AB_n_stakeholders,788,0.774649515734,0.853790632614,0.592530021626,0.545827420037,0.9442,0.7778
AB_n_stakeholders,789,0.74452018615,0.381838220199,0.0470614595257,0.419193504895,0.9702,0.9278
AB_n_stakeholders,790,0.279161340241,0.358061093682,0.00712378638539,0.761428243881,0.9854,0.9722
AB_n_stakeholders,791,0.556773715335,0.00918038642856,0.567085746063,0.110677928553,0.9789,0.9556
AB_n_stakeholders,792,0.210525079931,0.0839645064159,0.0497872259816,0.484420315347,0.9874,0.9889
AB_n_stakeholders,793,0.842046658121,0.194517563879,0.54497879365,0.671670553271,0.9719,0.95
AB_n_stakeholders,794,0.900005130044,0.602742404832,0.474777358716,0.00343383392899,0.9591,0.8611
AB_n_stakeholders,795,0.564092115991,0.205614903287,0.297578795238,0.16191082707,0.9798,0.95
AB_n_stakeholders,796,0.633100125047,0.559275534379,0.791869507699,0.572968972732,0.9477,0.8056
AB_n_stakeholders,797,0.794114353027,0.570789434633,0.0399255836933,0.641681898047,0.9643,0.8833
AB_n_stakeholders,798,0.549438532778,0.998654022876,0.300331367546,0.164196889537,0.9623,0.8389
AB_n_stakeholders,799,0.968311299644,0.586140731696,0.549174151443,0.330060873533,0.9561,0.85
AB_n_stakeholders,800,0.0350837144971,0.074980357647,0.371893724132,0.240963240879,0.9854,0.9444
AB_n_stakeholders,801,0.382122620467,0.90672793632,0.900044340053,0.192604371216,0.9515,0.7944
AB_n_stakeholders,802,0.868983706965,0.972579238491,0.113415875267,0.831004871361,0.952,0.8056
AB_n_stakeholders,803,0.992866966869,0.651854870933,0.906383463151,0.861264527167,0.9313,0.7556
AB_n_stakeholders,804,0.959915113589,0.0771152727604,0.121576257061,0.704064933624,0.9801,0.9833
AB_n_stakeholders,805,0.166920075392,0.592927918357,0.675787206967,0.0015549353007,0.9646,0.8778
AB_n_stakeholders,806,0.740631208993,0.45312425075,0.975039278177,0.478132577634,0.9389,0.8111
AB_n_stakeholders,807,0.317137722653,0.576413977041,0.173641219866,0.205556584362,0.9751,0.9222
AB_n_stakeholders,808,0.787911709306,0.0153181339747,0.292620314195,0.0600115568897,0.9804,0.9889
AB_n_stakeholders,809,0.033054941098,0.267789407637,0.158822211754,0.423735202577,0.9857,0.9389
AB_n_stakeholders,810,0.963739905416,0.807616323789,0.00372027344932,0.272696674798,0.9553,0.8222
AB_n_stakeholders,811,0.688145572299,0.316797335203,0.878040398191,0.60841841859,0.9503,0.8333
AB_n_stakeholders,812,0.282104000147,0.129557939264,0.740102660536,0.92503494925,0.9719,0.9278
AB_n_stakeholders,813,0.931232406316,0.230910239313,0.0638972992049,0.538679480078,0.9784,0.9722
AB_n_stakeholders,814,0.168949977951,0.134224175686,0.838880760707,0.320047240447,0.9675,0.9111
AB_n_stakeholders,815,0.446045703573,0.355799542641,0.217623213418,0.444932279807,0.9798,0.9333
AB_n_stakeholders,816,0.0293698820735,0.246419510117,0.891399367711,0.654626764931,0.9719,0.8889
AB_n_stakeholders,817,0.136730590341,0.169658303201,0.96390545884,0.88835566456,0.9617,0.8889
AB_n_stakeholders,818,0.245128420715,0.802237757438,0.0213654468277,0.618569488281,0.9716,0.8889
AB_n_stakeholders,819,0.385608404504,0.307195114416,0.27039935015,0.233599372822,0.9789,0.9278
AB_n_stakeholders,820,0.871730448235,0.441647875281,0.0467701575605,0.61114914662,0.967,0.9
AB_n_stakeholders,821,0.113251458964,0.561387235461,0.97967459603,0.26114149893,0.9558,0.8278
AB_n_stakeholders,822,0.678918509106,0.919106766965,0.94685227535,0.598207410548,0.9348,0.7389
AB_n_stakeholders,823,0.17236070997,0.509381021171,0.150862549289,0.0678440428369,0.9772,0.9278
AB_n_stakeholders,824,0.150356999977,0.515483789337,0.793568403293,0.577888698758,0.9626,0.8722
AB_n_stakeholders,825,0.586224496291,0.911604609909,0.889990360954,0.981313793358,0.9357,0.75
AB_n_stakeholders,826,0.679812088227,0.322186096384,0.41218776085,0.0023380026287,0.9749,0.9222
AB_n_stakeholders,827,0.88094835526,0.349746799351,0.349685295605,0.566376800481,0.969,0.9167
AB_n_stakeholders,828,0.0212038878936,0.00908143991743,0.263718389724,0.0259768692446,0.9944,0.9833
AB_n_stakeholders,829,0.684718836157,0.43816769313,0.478670754616,0.164199890792,0.9643,0.8667
AB_n_stakeholders,830,0.664440551367,0.458389270734,0.542090528291,0.35681669459,0.962,0.8556
AB_n_stakeholders,831,0.123514906821,0.332063076695,0.195315752775,0.348077339345,0.9822,0.9278
AB_n_stakeholders,832,0.52614876014,0.490625464432,0.484334182933,0.782616294413,0.9655,0.8722
AB_n_stakeholders,833,0.7556369791,0.911257985435,0.817062363605,0.419907581081,0.9278,0.7278
AB_n_stakeholders,834,0.719077717588,0.087161826345,0.21169202801,0.852146749723,0.9754,0.9722
AB_n_stakeholders,835,0.276312391116,0.861037293009,0.627587854682,0.616444423899,0.9623,0.8556
AB_n_stakeholders,836,0.909942757629,0.734591927671,0.867735546042,0.961420457021,0.9278,0.7333
AB_n_stakeholders,837,0.137635484251,0.382903667107,0.46959465177,0.769320678698,0.9757,0.9333
AB_n_stakeholders,838,0.538333009771,0.0740837227565,0.253719475846,0.521326186916,0.9848,0.9778
AB_n_stakeholders,839,0.0473412259861,0.523359591741,0.269714183426,0.956145317473,0.9757,0.8833
AB_n_stakeholders,840,0.450249663276,0.951968422169,0.462828989225,0.544057865824,0.9652,0.8556
AB_n_stakeholders,841,0.209913150831,0.276152183718,0.382279975161,0.271492038606,0.9795,0.95
AB_n_stakeholders,842,0.0729050005129,0.928008507026,0.472478858749,0.384811676144,0.9661,0.8444
AB_n_stakeholders,843,0.440127459862,0.87385852767,0.79255062166,0.0600635910135,0.9538,0.8056
AB_n_stakeholders,844,0.31200891592,0.0910534516873,0.505639274501,0.934508180295,0.9766,0.95
AB_n_stakeholders,845,0.707476290474,0.606580187648,0.266418441178,0.00529476427905,0.9623,0.8611
AB_n_stakeholders,846,0.201505776787,0.455406213279,0.00786401372623,0.00173018100329,0.9819,0.95
AB_n_stakeholders,847,0.552411583218,0.777053269912,0.205809607655,0.888596703268,0.9693,0.8722
AB_n_stakeholders,848,0.353181018601,0.491432406998,0.717356210224,0.130475527061,0.9605,0.8611
AB_n_stakeholders,849,0.0592603999797,0.761874992246,0.644471775082,0.027401323096,0.9661,0.8333
AB_n_stakeholders,850,0.243247925068,0.982738740486,0.381454764777,0.0862108046605,0.9658,0.8667
AB_n_stakeholders,851,0.600398611976,0.719060420807,0.187635305959,0.724470968333,0.9646,0.85
AB_n_stakeholders,852,0.144922999989,0.250225594626,0.97315122487,0.0920722312389,0.9599,0.8778
AB_n_stakeholders,853,0.350320014119,0.289150072098,0.95072852605,0.528146296034,0.9564,0.85
AB_n_stakeholders,854,0.069253372411,0.453403009467,0.750563108366,0.1800513485,0.9646,0.8611
AB_n_stakeholders,855,0.622326976903,0.447437253581,0.886019442382,0.473736066366,0.9453,0.8056
AB_n_stakeholders,856,0.0230808200066,0.196228760755,0.598041438312,0.336228098309,0.9807,0.9222
AB_n_stakeholders,857,0.0554635340159,0.528834928477,0.902981264055,0.611120183779,0.9687,0.8611
AB_n_stakeholders,858,0.537202774786,0.941101417937,0.729747198882,0.109049350979,0.9535,0.8167
AB_n_stakeholders,859,0.563678668412,0.429629638494,0.382534260888,0.323969084988,0.9696,0.8889
AB_n_stakeholders,860,0.649263158727,0.576625343444,0.684904153513,0.0187339409174,0.9503,0.8111
AB_n_stakeholders,861,0.376589953798,0.154505941515,0.34642727011,0.665459772884,0.9825,0.95
AB_n_stakeholders,862,0.527513299467,0.219543457106,0.397704471181,0.626816655986,0.9749,0.9278
AB_n_stakeholders,863,0.975335720376,0.154532634612,0.330917342842,0.337655633283,0.9787,0.9778
AB_n_stakeholders,864,0.194450262738,0.522012706157,0.549421208215,0.79856608753,0.9699,0.9
AB_n_stakeholders,865,0.91875372821,0.578040911218,0.486971111728,0.863962778353,0.9591,0.8611
AB_n_stakeholders,866,0.154934226791,0.392137561335,0.609010869696,0.210642430248,0.9734,0.9222
AB_n_stakeholders,867,0.572683016042,0.139729161507,0.980890760893,0.347652073539,0.9462,0.8278
AB_n_stakeholders,868,0.749699245955,0.0636618225783,0.838588977487,0.394792282311,0.9532,0.8889
AB_n_stakeholders,869,0.556995358662,0.396375959712,0.545023473382,0.109036049203,0.9693,0.8944
AB_n_stakeholders,870,0.936474688634,0.677876604542,0.0547555617446,0.450731535751,0.9573,0.8389
AB_n_stakeholders,871,0.627303095504,0.478105016376,0.944701801334,0.39787233274,0.943,0.7944
AB_n_stakeholders,872,0.439872772198,0.0917062010418,0.706726909341,0.54339207259,0.9734,0.9222
AB_n_stakeholders,873,0.964829945906,0.85254786328,0.833343510161,0.83923050812,0.9272,0.7222
AB_n_stakeholders,874,0.560453869033,0.179300069175,0.712981744796,0.531829251665,0.9667,0.9
AB_n_stakeholders,875,0.784405094541,0.0416095246109,0.157135521916,0.453323984026,0.9819,0.9944
AB_n_stakeholders,876,0.587601203644,0.396434432155,0.018415065338,0.815633309479,0.9784,0.9278
AB_n_stakeholders,877,0.314014524001,0.496142575658,0.644903726355,0.297379321227,0.9696,0.9056
AB_n_stakeholders,878,0.76491701861,0.00501518038714,0.895479526402,0.26532089031,0.9497,0.8722
AB_n_stakeholders,879,0.712609311477,0.677980709106,0.348768968705,0.783216965325,0.9596,0.8444
AB_n_stakeholders,880,0.88512889661,0.879860984263,0.78170514643,0.19703892186,0.9307,0.7333
AB_n_stakeholders,881,0.745436535321,0.466156456875,0.726567233428,0.938825524936,0.9465,0.8278
AB_n_stakeholders,882,0.599680039583,0.285864127877,0.535800996955,0.0949912869047,0.9719,0.9222
AB_n_stakeholders,883,0.21812257869,0.289889078222,0.747139029967,0.172284896115,0.9702,0.9167
AB_n_stakeholders,884,0.626409902993,0.32822692302,0.699073958467,0.337046102231,0.9547,0.85
AB_n_stakeholders,885,0.506949778883,0.345709814092,0.36022622239,0.783992084038,0.9743,0.9333
AB_n_stakeholders,886,0.790593911467,0.311360049085,0.339732920172,0.00621768455044,0.9725,0.9389
AB_n_stakeholders,887,0.7127858315,0.968803213226,0.127463718826,0.914852053523,0.9614,0.8444
AB_n_stakeholders,888,0.204559245126,0.779125853452,0.659605382922,0.740212142952,0.9608,0.85
AB_n_stakeholders,889,0.87990208316,0.253790907207,0.525333574546,0.99539487739,0.9702,0.9389
AB_n_stakeholders,890,0.404624827904,0.445770168698,0.653392187788,0.287432326443,0.9678,0.8833
AB_n_stakeholders,891,0.117454282709,0.0685771071545,0.34491080316,0.0889982277221,0.9807,0.9333
AB_n_stakeholders,892,0.267845340489,0.63487710339,0.728889723515,0.357404816533,0.9623,0.8667
AB_n_stakeholders,893,0.758939284284,0.491061481122,0.526625507781,0.0637586094029,0.957,0.8611
AB_n_stakeholders,894,0.798646647072,0.380979981272,0.1627370184,0.765405219754,0.9696,0.9167
AB_n_stakeholders,895,0.124811357309,0.316700339281,0.937850767267,0.302383492166,0.9632,0.8611
AB_n_stakeholders,896,0.94863652678,0.311160350958,0.205559515301,0.619604587792,0.974,0.9444
AB_n_stakeholders,897,0.215918542694,0.581162170084,0.496006322576,0.174677071458,0.969,0.8944
AB_n_stakeholders,898,0.823189643776,0.507892366084,0.868741130381,0.279047988195,0.9357,0.7833
AB_n_stakeholders,899,0.545326533294,0.397205200226,0.952196536467,0.214570742347,0.9567,0.8556
AB_n_stakeholders,900,0.363242681906,0.260378060655,0.492329031906,0.0960888330898,0.9728,0.9111
AB_n_stakeholders,901,0.666591903251,0.386179890557,0.0787008689868,0.69057478512,0.9763,0.9167
AB_n_stakeholders,902,0.513384409478,0.0129358209865,0.704962211801,0.398179347352,0.9708,0.9278
AB_n_stakeholders,903,0.489193882481,0.279387073894,0.386839006398,0.176314149756,0.974,0.9333
AB_n_stakeholders,904,0.519802958942,0.502831112484,0.959856978136,0.591953747727,0.9506,0.8222
AB_n_stakeholders,905,0.192668242886,0.718872084382,0.542196737983,0.618169313485,0.9664,0.8778
AB_n_stakeholders,906,0.964074047359,0.720887830092,0.0685395210875,0.997388080087,0.9564,0.8333
AB_n_stakeholders,907,0.0861309840441,0.167009787414,0.479216200844,0.408111630905,0.9784,0.9222
AB_n_stakeholders,908,0.0815253472588,0.0937693748478,0.737502432639,0.348129519668,0.969,0.8889
AB_n_stakeholders,909,0.438497216785,0.818978154414,0.208065236283,0.58138696863,0.9725,0.8833
AB_n_stakeholders,910,0.0773195772901,0.291841211868,0.201962708899,0.997364877642,0.9839,0.9389
AB_n_stakeholders,911,0.373050631333,0.185192407859,0.791339641758,0.822814775424,0.9678,0.8944
AB_n_stakeholders,912,0.0904736377915,0.672753526336,0.175471034016,0.110253920935,0.9775,0.8944
AB_n_stakeholders,913,0.842946147484,0.662814628131,0.11510964072,0.944408429228,0.9582,0.8444
AB_n_stakeholders,914,0.213576869451,0.067303665619,0.534916665158,0.854734799469,0.9787,0.9556
AB_n_stakeholders,915,0.451800941534,0.319632113208,0.871427160189,0.266408855799,0.9617,0.8611
AB_n_stakeholders,916,0.490520664554,0.826988755544,0.712213249831,0.216077584244,0.9605,0.8667
AB_n_stakeholders,917,0.423074463436,0.374745548308,0.657129281024,0.821907970628,0.9687,0.8889
AB_n_stakeholders,918,0.257810333294,0.650261984347,0.0395503223901,0.436797494359,0.9751,0.9111
AB_n_stakeholders,919,0.358955767051,0.0417398398292,0.107233765294,0.638975861544,0.9898,0.9889
AB_n_stakeholders,920,0.615414231517,0.229415362477,0.0298561185398,0.34879557695,0.9845,0.9722
AB_n_stakeholders,921,0.10870425708,0.843083370159,0.684273084673,0.724710458684,0.9588,0.8167
AB_n_stakeholders,922,0.444378853258,0.248286880916,0.269163694968,0.650191862724,0.9819,0.95
AB_n_stakeholders,923,0.821195365301,0.817042082181,0.765203886836,0.0442041774057,0.9316,0.7389
AB_n_stakeholders,924,0.773562750667,0.73813289435,0.938852151227,0.95266363895,0.9278,0.7333
AB_n_stakeholders,925,0.849368726104,0.666628763573,0.532819840152,0.0431341421239,0.9509,0.8167
AB_n_stakeholders,926,0.00691163317178,0.0930411122798,0.810314146908,0.272683119928,0.9766,0.9111
AB_n_stakeholders,927,0.758962165855,0.0651819230764,0.933990784868,0.114561963885,0.9503,0.8778
AB_n_stakeholders,928,0.520876557129,0.721575154139,0.904135866943,0.165866589998,0.9471,0.8
AB_n_stakeholders,929,0.883131240823,0.52320808652,0.755823223694,0.456784616489,0.9436,0.8111
AB_n_stakeholders,930,0.634021385792,0.75744445504,0.310176538154,0.71961722872,0.9594,0.8278
AB_n_stakeholders,931,0.927509508049,0.909885003296,0.500987837817,0.259777606875,0.9485,0.7944
AB_n_stakeholders,932,0.782652834663,0.808192429089,0.833780765673,0.649614743566,0.9289,0.7333
AB_n_stakeholders,933,0.81034519041,0.23627034226,0.944674934977,0.88770956597,0.9462,0.85
AB_n_stakeholders,934,0.138409072537,0.450871959302,0.231643380939,0.198141006062,0.9798,0.9444
AB_n_stakeholders,935,0.312980767025,0.161320990199,0.278803094956,0.920953308645,0.9801,0.9611
AB_n_stakeholders,936,0.618679834493,0.89222436941,0.374726468233,0.0582605557398,0.9553,0.8056
AB_n_stakeholders,937,0.176436586333,0.722904292507,0.78654798058,0.0695988226641,0.9588,0.8444
AB_n_stakeholders,938,0.51742635537,0.571696949319,0.159543608445,0.78664439615,0.9711,0.8889
AB_n_stakeholders,939,0.708755443658,0.0728790222583,0.838971252014,0.271409717555,0.952,0.8667
AB_n_stakeholders,940,0.374035833634,0.384925602138,0.591094232459,0.30889786219,0.9687,0.8889
AB_n_stakeholders,941,0.407306712176,0.919578468176,0.367850354492,0.462065627297,0.9675,0.8556
AB_n_stakeholders,942,0.272248341636,0.321290524497,0.476292297616,0.323650864124,0.976,0.9389
AB_n_stakeholders,943,0.992533176371,0.017853130864,0.517721855343,0.148890888405,0.9746,0.9667
AB_n_stakeholders,944,0.699175787542,0.707185081329,0.447000272514,0.223953891619,0.9547,0.8278
AB_n_stakeholders,945,0.990108862507,0.998522223491,0.620313485693,0.75229166778,0.9427,0.7722
AB_n_stakeholders,946,0.997690298694,0.719751583752,0.0108810455007,0.211432329789,0.9564,0.8333
AB_n_stakeholders,947,0.208925013545,0.949257607924,0.0986120563616,0.849251254162,0.9693,0.8778
AB_n_stakeholders,948,0.337531681244,0.859510420343,0.675667782277,0.548149206026,0.962,0.85
AB_n_stakeholders,949,0.08832551872,0.344650450565,0.988150145058,0.516254742022,0.9561,0.8333
AB_n_stakeholders,950,0.279821780273,0.574435765554,0.032031316333,0.466323698559,0.9769,0.9222
AB_n_stakeholders,951,0.0587484550503,0.66029069233,0.581691846826,0.146415594536,0.9693,0.85
AB_n_stakeholders,952,0.895421793163,0.458838432364,0.279603728198,0.321469706359,0.9646,0.8889
AB_n_stakeholders,953,0.241835635523,0.962399249032,0.0363572214174,0.764473320111,0.9708,0.8833
AB_n_stakeholders,954,0.590247106656,0.456640260355,0.443993400524,0.82039281204,0.9658,0.8778
AB_n_stakeholders,955,0.0961122424735,0.619203629375,0.0877742846856,0.697319338236,0.983,0.9222
AB_n_stakeholders,956,0.100888581069,0.835089119438,0.421618872489,0.298403963866,0.967,0.85
AB_n_stakeholders,957,0.644322203089,0.843473957874,0.610997861109,0.431535737376,0.9497,0.7889
AB_n_stakeholders,958,0.791491877444,0.877115388603,0.749692965192,0.81263501837,0.9336,0.7444
AB_n_stakeholders,959,0.630806344393,0.704140804062,0.00765076407314,0.809693062534,0.9675,0.8611
AB_n_stakeholders,960,0.706632807997,0.999876174998,0.267655398428,0.067718536626,0.957,0.8278
AB_n_stakeholders,961,0.899815278073,0.947367069711,0.0101017288368,0.0947561290624,0.952,0.8056
AB_n_stakeholders,962,0.071396449289,0.671644753405,0.500180531415,0.288730828501,0.9696,0.8667
AB_n_stakeholders,963,0.198509855557,0.687116419275,0.445275977334,0.446764552676,0.9678,0.8833
AB_n_stakeholders,964,0.425359455838,0.596399201377,0.672640874394,0.541740537388,0.9661,0.8722
AB_n_stakeholders,965,0.0416701157085,0.107870203894,0.534835533978,0.454983477449,0.9839,0.9389
AB_n_stakeholders,966,0.770681564213,0.902528640436,0.287488177462,0.328839139415,0.9515,0.8056
AB_n_stakeholders,967,0.0268660250793,0.637880838164,0.703774893095,0.15400534888,0.9731,0.8778
AB_n_stakeholders,968,0.541791546758,0.23110227925,0.501452598026,0.197866243342,0.9751,0.9278
AB_n_stakeholders,969,0.708918480508,0.25670779268,0.315233308969,0.519243745941,0.9754,0.9444
AB_n_stakeholders,970,0.32877981719,0.50147780174,0.998215960972,0.0543801446814,0.9585,0.8611
AB_n_stakeholders,971,0.630272512045,0.840576706114,0.661808707882,0.408412358596,0.9471,0.7833
AB_n_stakeholders,972,0.320003486036,0.650171994296,0.966607124934,0.607096379321,0.9561,0.85
AB_n_stakeholders,973,0.167893695392,0.853484486904,0.861321429251,0.863674320291,0.9512,0.8111
AB_n_stakeholders,974,0.587336084923,0.143713413178,0.39128178516,0.376792165898,0.9769,0.9444
AB_n_stakeholders,975,0.0621108204126,0.654010421755,0.640488980217,0.0263858517172,0.9626,0.8389
AB_n_stakeholders,976,0.730757864877,0.516144618086,0.439285473588,0.868316563357,0.9526,0.85
AB_n_stakeholders,977,0.397195817237,0.761611109395,0.651865501279,0.286875208293,0.9635,0.8556
AB_n_stakeholders,978,0.329307951236,0.452228965636,0.584020214892,0.38663453194,0.9725,0.9167
AB_n_stakeholders,979,0.506258215788,0.439362695315,0.504642864178,0.57105187489,0.9711,0.9167
AB_n_stakeholders,980,0.122969133348,0.668833667123,0.439474057761,0.168132062455,0.9696,0.8667
AB_n_stakeholders,981,0.281926547461,0.412435561506,0.931216073174,0.805301249864,0.9611,0.8778
AB_n_stakeholders,982,0.329401388512,0.427716802905,0.88227790791,0.337316198242,0.9594,0.8667
AB_n_stakeholders,983,0.300945366636,0.125223429574,0.173293372093,0.592883599296,0.9851,0.9778
AB_n_stakeholders,984,0.361096265153,0.899566844337,0.40093900711,0.849103731577,0.9649,0.85
AB_n_stakeholders,985,0.203936242621,0.674678240737,0.564039786088,0.853231882646,0.9664,0.8778
AB_n_stakeholders,986,0.437518975943,0.706453763026,0.792052385632,0.790848455913,0.9608,0.85
AB_n_stakeholders,987,0.364052121775,0.0954775159958,0.658101176436,0.269902965175,0.9719,0.9167
AB_n_stakeholders,988,0.0576167886032,0.905620100977,0.27464096656,0.240923225609,0.967,0.8278
AB_n_stakeholders,989,0.490486531604,0.449514817983,0.382240584345,0.556805854579,0.9713,0.9167
AB_n_stakeholders,990,0.138793898978,0.682895562308,0.904562262989,0.517057530752,0.9547,0.8333
AB_n_stakeholders,991,0.375212496652,0.0044376886074,0.615088213577,0.43318895459,0.9757,0.9333
AB_n_stakeholders,992,0.774149967547,0.541148417346,0.363002452542,0.88341504863,0.9629,0.8778
AB_n_stakeholders,993,0.475827459755,0.579115293601,0.0381018859263,0.538271362209,0.983,0.9444
AB_n_stakeholders,994,0.725364952525,0.42220300239,0.152211592597,0.0658862644717,0.9673,0.9167
AB_n_stakeholders,995,0.0189693512416,0.409102477932,0.174841669396,0.537141035269,0.993,0.9667
AB_n_stakeholders,996,0.82399878922,0.560618474751,0.475507250008,0.786439476016,0.9599,0.8667
AB_n_stakeholders,997,0.256997440579,0.676130570633,0.870357462075,0.464699557788,0.9538,0.8278
AB_n_stakeholders,998,0.678185618076,0.278487991122,0.67354476936,0.555492341063,0.9623,0.8833
AB_n_stakeholders,999,0.244088701327,0.22180028316,0.787390523601,0.695492224121,0.9711,0.9222
AB_n_stakeholders,1000,0.117786735318,0.319019155298,0.360777068036,0.506348872412,0.9772,0.9111
AB_n_stakeholders,1001,0.959540684026,0.403552456213,0.660987444903,0.845346631232,0.9556,0.8611
AB_n_stakeholders,1002,0.335326264498,0.837227745929,0.676991669464,0.0351442236618,0.9629,0.8556
AB_n_stakeholders,1003,0.560772629112,0.855969529522,0.0166084087809,0.784616470187,0.9705,0.8722
AB_n_stakeholders,1004,0.83783256277,0.82402635853,0.0717284545473,0.203865396656,0.9529,0.8111
AB_n_stakeholders,1005,0.934602667329,0.188910788125,0.649381884208,0.149940092425,0.9675,0.9333
AB_n_stakeholders,1006,0.0706249759854,0.137158762326,0.972594246079,0.357976692223,0.9602,0.8556
AB_n_stakeholders,1007,0.0126649506625,0.207844585685,0.438874719731,0.966896598396,0.9865,0.9444
AB_n_stakeholders,1008,0.226628018046,0.0794066694623,0.39397984,0.428220824258,0.9816,0.9667
AB_n_stakeholders,1009,0.556327421301,0.157064605524,0.576418378108,0.568860557223,0.9749,0.9333
AB_n_stakeholders,1010,0.405367710881,0.844317881603,0.936114531208,0.686332179623,0.9541,0.8111
AB_n_stakeholders,1011,0.519818716817,0.11351200764,0.745895478882,0.663553896029,0.9681,0.9111
AB_n_stakeholders,1012,0.611140752644,0.162216109917,0.225528864178,0.948974249547,0.9839,0.9722
AB_n_stakeholders,1013,0.836575754245,0.765315627801,0.0600373740281,0.507379751016,0.9547,0.8222
AB_n_stakeholders,1014,0.165229987487,0.829593167223,0.148286910604,0.553964328452,0.9702,0.8833
AB_n_stakeholders,1015,0.626459310968,0.159544324888,0.270487097255,0.8164243035,0.981,0.9611
AB_n_stakeholders,1016,0.524568726567,0.629417328851,0.254555123916,0.181683341027,0.9673,0.8722
AB_n_stakeholders,1017,0.800397257895,0.946832900396,0.712477797387,0.438206814009,0.9351,0.75
AB_n_stakeholders,1018,0.358460309957,0.359351302527,0.150696515527,0.690037249825,0.9822,0.9444
AB_n_stakeholders,1019,0.754152452854,0.727323705514,0.0630992550265,0.276832928036,0.9556,0.8333
AB_n_stakeholders,1020,0.972284998506,0.843788312209,0.639391574394,0.697900794076,0.9421,0.7722
AB_n_stakeholders,1021,0.124140946095,0.0808238210971,0.107740332875,0.0719364490159,0.9895,0.9722
AB_n_stakeholders,1022,0.0386679730544,0.200654421209,0.102547287315,0.298897151766,0.9895,0.9556
AB_n_stakeholders,1023,0.375461331364,0.837251582362,0.264847663575,0.497010462226,0.9711,0.8778
